
C:/Users/muter/Downloads/INF2004-EmbeddedSys/build-ninja/RoboPico.elf:     file format elf32-littlearm

Sections:
Idx Name          Size      VMA       LMA       File off  Algn
  0 .boot2        00000100  10000000  10000000  00001000  2**0
                  CONTENTS, ALLOC, LOAD, READONLY, CODE
  1 .text         00007500  10000100  10000100  00001100  2**3
                  CONTENTS, ALLOC, LOAD, READONLY, CODE
  2 .rodata       0000071c  10007600  10007600  00008600  2**3
                  CONTENTS, ALLOC, LOAD, READONLY, DATA
  3 .binary_info  00000020  10007d1c  10007d1c  00008d1c  2**2
                  CONTENTS, ALLOC, LOAD, READONLY, DATA
  4 .xip_ram      00000000  15000000  15000000  0000a070  2**0
                  CONTENTS
  5 .ram_vector_table 000000c0  20000000  20000000  0000b000  2**2
                  ALLOC
  6 .uninitialized_data 00000000  200000c0  200000c0  0000a070  2**0
                  CONTENTS
  7 .data         00000fb0  200000c0  10007d3c  000090c0  2**4
                  CONTENTS, ALLOC, LOAD, READONLY, CODE
  8 .tdata        00000000  20001070  20001070  0000a070  2**0
                  CONTENTS, ALLOC, LOAD, DATA, THREAD_LOCAL
  9 .tbss         00000000  20001070  20001070  00000000  2**0
                  ALLOC, THREAD_LOCAL
 10 .tbss_space   00000000  20001070  20001070  0000a070  2**0
                  CONTENTS
 11 .bss          00000c34  20001070  10008cec  0000a070  2**3
                  ALLOC
 12 .tls0         00000000  20001ca4  20001ca4  0000a070  2**0
                  CONTENTS
 13 .tls1         00000000  20001ca4  20001ca4  0000a070  2**0
                  CONTENTS
 14 .persistent_data 00000000  20001ca4  20001ca4  0000a070  2**0
                  CONTENTS
 15 .dummy_pre_heap 00000000  20001ca4  20001ca4  0000a070  2**0
                  CONTENTS
 16 .heap         00000800  20001ca4  20001ca4  0000b000  2**2
                  ALLOC, READONLY
 17 .scratch_x    00000000  20040000  20040000  0000a070  2**0
                  CONTENTS
 18 .scratch_y    00000000  20041000  20041000  0000a070  2**0
                  CONTENTS
 19 .stack_dummy  00000800  20041000  20041000  0000b000  2**5
                  ALLOC, READONLY
 20 .debug_info   0003517b  00000000  00000000  0000a070  2**0
                  CONTENTS, READONLY, DEBUGGING, OCTETS
 21 .debug_abbrev 00008bbf  00000000  00000000  0003f1eb  2**0
                  CONTENTS, READONLY, DEBUGGING, OCTETS
 22 .debug_aranges 00001660  00000000  00000000  00047db0  2**3
                  CONTENTS, READONLY, DEBUGGING, OCTETS
 23 .debug_rnglists 0000513e  00000000  00000000  00049410  2**0
                  CONTENTS, READONLY, DEBUGGING, OCTETS
 24 .debug_line   00025bac  00000000  00000000  0004e54e  2**0
                  CONTENTS, READONLY, DEBUGGING, OCTETS
 25 .debug_str    000095b5  00000000  00000000  000740fa  2**0
                  CONTENTS, READONLY, DEBUGGING, OCTETS
 26 .comment      00000045  00000000  00000000  0007d6af  2**0
                  CONTENTS, READONLY
 27 .ARM.attributes 0000002a  00000000  00000000  0007d6f4  2**0
                  CONTENTS, READONLY
 28 .debug_frame  000030a0  00000000  00000000  0007d720  2**2
                  CONTENTS, READONLY, DEBUGGING, OCTETS
 29 .debug_loclists 0001dbda  00000000  00000000  000807c0  2**0
                  CONTENTS, READONLY, DEBUGGING, OCTETS
 30 .debug_line_str 00000353  00000000  00000000  0009e39a  2**0
                  CONTENTS, READONLY, DEBUGGING, OCTETS

C:/Users/muter/Downloads/INF2004-EmbeddedSys/build-ninja/RoboPico.elf:     file format elf32-littlearm


Disassembly of section .boot2:

10000000 <__boot2_start__>:
10000000:	4b32b500 	.word	0x4b32b500
10000004:	60582021 	.word	0x60582021
10000008:	21026898 	.word	0x21026898
1000000c:	60984388 	.word	0x60984388
10000010:	611860d8 	.word	0x611860d8
10000014:	4b2e6158 	.word	0x4b2e6158
10000018:	60992100 	.word	0x60992100
1000001c:	61592102 	.word	0x61592102
10000020:	22f02101 	.word	0x22f02101
10000024:	492b5099 	.word	0x492b5099
10000028:	21016019 	.word	0x21016019
1000002c:	20356099 	.word	0x20356099
10000030:	f844f000 	.word	0xf844f000
10000034:	42902202 	.word	0x42902202
10000038:	2106d014 	.word	0x2106d014
1000003c:	f0006619 	.word	0xf0006619
10000040:	6e19f834 	.word	0x6e19f834
10000044:	66192101 	.word	0x66192101
10000048:	66182000 	.word	0x66182000
1000004c:	f000661a 	.word	0xf000661a
10000050:	6e19f82c 	.word	0x6e19f82c
10000054:	6e196e19 	.word	0x6e196e19
10000058:	f0002005 	.word	0xf0002005
1000005c:	2101f82f 	.word	0x2101f82f
10000060:	d1f94208 	.word	0xd1f94208
10000064:	60992100 	.word	0x60992100
10000068:	6019491b 	.word	0x6019491b
1000006c:	60592100 	.word	0x60592100
10000070:	481b491a 	.word	0x481b491a
10000074:	21016001 	.word	0x21016001
10000078:	21eb6099 	.word	0x21eb6099
1000007c:	21a06619 	.word	0x21a06619
10000080:	f0006619 	.word	0xf0006619
10000084:	2100f812 	.word	0x2100f812
10000088:	49166099 	.word	0x49166099
1000008c:	60014814 	.word	0x60014814
10000090:	60992101 	.word	0x60992101
10000094:	2800bc01 	.word	0x2800bc01
10000098:	4700d000 	.word	0x4700d000
1000009c:	49134812 	.word	0x49134812
100000a0:	c8036008 	.word	0xc8036008
100000a4:	8808f380 	.word	0x8808f380
100000a8:	b5034708 	.word	0xb5034708
100000ac:	20046a99 	.word	0x20046a99
100000b0:	d0fb4201 	.word	0xd0fb4201
100000b4:	42012001 	.word	0x42012001
100000b8:	bd03d1f8 	.word	0xbd03d1f8
100000bc:	6618b502 	.word	0x6618b502
100000c0:	f7ff6618 	.word	0xf7ff6618
100000c4:	6e18fff2 	.word	0x6e18fff2
100000c8:	bd026e18 	.word	0xbd026e18
100000cc:	40020000 	.word	0x40020000
100000d0:	18000000 	.word	0x18000000
100000d4:	00070000 	.word	0x00070000
100000d8:	005f0300 	.word	0x005f0300
100000dc:	00002221 	.word	0x00002221
100000e0:	180000f4 	.word	0x180000f4
100000e4:	a0002022 	.word	0xa0002022
100000e8:	10000100 	.word	0x10000100
100000ec:	e000ed08 	.word	0xe000ed08
	...
100000fc:	7a4eb274 	.word	0x7a4eb274

Disassembly of section .text:

10000100 <__VECTOR_TABLE>:
10000100:	20042000 	.word	0x20042000
10000104:	100001f7 	.word	0x100001f7
10000108:	100001cb 	.word	0x100001cb
1000010c:	100001cd 	.word	0x100001cd
10000110:	100001c9 	.word	0x100001c9
10000114:	100001c9 	.word	0x100001c9
10000118:	100001c9 	.word	0x100001c9
1000011c:	100001c9 	.word	0x100001c9
10000120:	100001c9 	.word	0x100001c9
10000124:	100001c9 	.word	0x100001c9
10000128:	100001c9 	.word	0x100001c9
1000012c:	100001cf 	.word	0x100001cf
10000130:	100001c9 	.word	0x100001c9
10000134:	100001c9 	.word	0x100001c9
10000138:	100001d1 	.word	0x100001d1
1000013c:	100001d3 	.word	0x100001d3
10000140:	100001c1 	.word	0x100001c1
10000144:	100001c1 	.word	0x100001c1
10000148:	100001c1 	.word	0x100001c1
1000014c:	100001c1 	.word	0x100001c1
10000150:	100001c1 	.word	0x100001c1
10000154:	100001c1 	.word	0x100001c1
10000158:	100001c1 	.word	0x100001c1
1000015c:	100001c1 	.word	0x100001c1
10000160:	100001c1 	.word	0x100001c1
10000164:	100001c1 	.word	0x100001c1
10000168:	100001c1 	.word	0x100001c1
1000016c:	100001c1 	.word	0x100001c1
10000170:	100001c1 	.word	0x100001c1
10000174:	100001c1 	.word	0x100001c1
10000178:	100001c1 	.word	0x100001c1
1000017c:	100001c1 	.word	0x100001c1
10000180:	100001c1 	.word	0x100001c1
10000184:	100001c1 	.word	0x100001c1
10000188:	100001c1 	.word	0x100001c1
1000018c:	100001c1 	.word	0x100001c1
10000190:	100001c1 	.word	0x100001c1
10000194:	100001c1 	.word	0x100001c1
10000198:	100001c1 	.word	0x100001c1
1000019c:	100001c1 	.word	0x100001c1
100001a0:	100001c1 	.word	0x100001c1
100001a4:	100001c1 	.word	0x100001c1
100001a8:	100001c1 	.word	0x100001c1
100001ac:	100001c1 	.word	0x100001c1
100001b0:	100001c1 	.word	0x100001c1
100001b4:	100001c1 	.word	0x100001c1
100001b8:	100001c1 	.word	0x100001c1
100001bc:	100001c1 	.word	0x100001c1

100001c0 <__unhandled_user_irq>:
100001c0:	f3ef 8005 	mrs	r0, IPSR
100001c4:	3810      	subs	r0, #16

100001c6 <unhandled_user_irq_num_in_r0>:
100001c6:	be00      	bkpt	0x0000

100001c8 <isr_invalid>:
100001c8:	be00      	bkpt	0x0000

100001ca <isr_nmi>:
100001ca:	be00      	bkpt	0x0000

100001cc <isr_hardfault>:
100001cc:	be00      	bkpt	0x0000

100001ce <isr_svcall>:
100001ce:	be00      	bkpt	0x0000

100001d0 <isr_pendsv>:
100001d0:	be00      	bkpt	0x0000

100001d2 <isr_systick>:
100001d2:	be00      	bkpt	0x0000

100001d4 <__default_isrs_end>:
100001d4:	7188ebf2 	.word	0x7188ebf2
100001d8:	10007d1c 	.word	0x10007d1c
100001dc:	10007d3c 	.word	0x10007d3c
100001e0:	10000238 	.word	0x10000238
100001e4:	e71aa390 	.word	0xe71aa390

100001e8 <_entry_point>:
100001e8:	2000      	movs	r0, #0

100001ea <_enter_vtable_in_r0>:
100001ea:	491e      	ldr	r1, [pc, #120]	@ (10000264 <data_cpy_table+0x2c>)
100001ec:	6008      	str	r0, [r1, #0]
100001ee:	c806      	ldmia	r0!, {r1, r2}
100001f0:	f381 8808 	msr	MSP, r1
100001f4:	4710      	bx	r2

100001f6 <_reset_handler>:
100001f6:	481c      	ldr	r0, [pc, #112]	@ (10000268 <data_cpy_table+0x30>)
100001f8:	6800      	ldr	r0, [r0, #0]
100001fa:	2800      	cmp	r0, #0
100001fc:	d001      	beq.n	10000202 <hold_non_core0_in_bootrom+0x4>

100001fe <hold_non_core0_in_bootrom>:
100001fe:	2000      	movs	r0, #0
10000200:	e7f3      	b.n	100001ea <_enter_vtable_in_r0>
10000202:	a40d      	add	r4, pc, #52	@ (adr r4, 10000238 <data_cpy_table>)
10000204:	cc0e      	ldmia	r4!, {r1, r2, r3}
10000206:	2900      	cmp	r1, #0
10000208:	d002      	beq.n	10000210 <hold_non_core0_in_bootrom+0x12>
1000020a:	f000 f812 	bl	10000232 <data_cpy>
1000020e:	e7f9      	b.n	10000204 <hold_non_core0_in_bootrom+0x6>
10000210:	4916      	ldr	r1, [pc, #88]	@ (1000026c <data_cpy_table+0x34>)
10000212:	4a17      	ldr	r2, [pc, #92]	@ (10000270 <data_cpy_table+0x38>)
10000214:	2000      	movs	r0, #0
10000216:	e000      	b.n	1000021a <bss_fill_test>

10000218 <bss_fill_loop>:
10000218:	c101      	stmia	r1!, {r0}

1000021a <bss_fill_test>:
1000021a:	4291      	cmp	r1, r2
1000021c:	d1fc      	bne.n	10000218 <bss_fill_loop>

1000021e <platform_entry>:
1000021e:	4915      	ldr	r1, [pc, #84]	@ (10000274 <data_cpy_table+0x3c>)
10000220:	4788      	blx	r1
10000222:	4915      	ldr	r1, [pc, #84]	@ (10000278 <data_cpy_table+0x40>)
10000224:	4788      	blx	r1
10000226:	4915      	ldr	r1, [pc, #84]	@ (1000027c <data_cpy_table+0x44>)
10000228:	4788      	blx	r1
1000022a:	be00      	bkpt	0x0000
1000022c:	e7fd      	b.n	1000022a <platform_entry+0xc>

1000022e <data_cpy_loop>:
1000022e:	c901      	ldmia	r1!, {r0}
10000230:	c201      	stmia	r2!, {r0}

10000232 <data_cpy>:
10000232:	429a      	cmp	r2, r3
10000234:	d3fb      	bcc.n	1000022e <data_cpy_loop>

10000236 <data_cpy_done>:
10000236:	4770      	bx	lr

10000238 <data_cpy_table>:
10000238:	10007d3c 	.word	0x10007d3c
1000023c:	200000c0 	.word	0x200000c0
10000240:	20001070 	.word	0x20001070
10000244:	10008cec 	.word	0x10008cec
10000248:	20040000 	.word	0x20040000
1000024c:	20040000 	.word	0x20040000
10000250:	10008cec 	.word	0x10008cec
10000254:	20041000 	.word	0x20041000
10000258:	20041000 	.word	0x20041000
1000025c:	00000000 	.word	0x00000000
10000260:	4770      	bx	lr
10000262:	0000      	.short	0x0000
10000264:	e000ed08 	.word	0xe000ed08
10000268:	d0000000 	.word	0xd0000000
1000026c:	20001070 	.word	0x20001070
10000270:	20001ca4 	.word	0x20001ca4
10000274:	10004da1 	.word	0x10004da1
10000278:	10000281 	.word	0x10000281
1000027c:	10004d99 	.word	0x10004d99

10000280 <main>:
10000280:	b5f0      	push	{r4, r5, r6, r7, lr}
10000282:	46de      	mov	lr, fp
10000284:	4645      	mov	r5, r8
10000286:	4657      	mov	r7, sl
10000288:	464e      	mov	r6, r9
1000028a:	b5e0      	push	{r5, r6, r7, lr}
1000028c:	b0a5      	sub	sp, #148	@ 0x94
1000028e:	f004 feab 	bl	10004fe8 <stdio_init_all>
10000292:	230b      	movs	r3, #11
10000294:	2209      	movs	r2, #9
10000296:	2108      	movs	r1, #8
10000298:	9300      	str	r3, [sp, #0]
1000029a:	a812      	add	r0, sp, #72	@ 0x48
1000029c:	3b01      	subs	r3, #1
1000029e:	f000 f9f9 	bl	10000694 <mc_init>
100002a2:	a812      	add	r0, sp, #72	@ 0x48
100002a4:	f000 fa58 	bl	10000758 <mc_begin>
100002a8:	2304      	movs	r3, #4
100002aa:	2201      	movs	r2, #1
100002ac:	2100      	movs	r1, #0
100002ae:	9300      	str	r3, [sp, #0]
100002b0:	a812      	add	r0, sp, #72	@ 0x48
100002b2:	3301      	adds	r3, #1
100002b4:	f000 fee0 	bl	10001078 <mc_attach_encoders>
100002b8:	4a8e      	ldr	r2, [pc, #568]	@ (100004f4 <main+0x274>)
100002ba:	498f      	ldr	r1, [pc, #572]	@ (100004f8 <main+0x278>)
100002bc:	a812      	add	r0, sp, #72	@ 0x48
100002be:	f000 ff2d 	bl	1000111c <mc_set_wheel_geometry>
100002c2:	20fa      	movs	r0, #250	@ 0xfa
100002c4:	00c0      	lsls	r0, r0, #3
100002c6:	f002 f8d5 	bl	10002474 <sleep_ms>
100002ca:	4b8c      	ldr	r3, [pc, #560]	@ (100004fc <main+0x27c>)
100002cc:	469b      	mov	fp, r3
100002ce:	4b8c      	ldr	r3, [pc, #560]	@ (10000500 <main+0x280>)
100002d0:	4698      	mov	r8, r3
100002d2:	4b8c      	ldr	r3, [pc, #560]	@ (10000504 <main+0x284>)
100002d4:	930f      	str	r3, [sp, #60]	@ 0x3c
100002d6:	4b8c      	ldr	r3, [pc, #560]	@ (10000508 <main+0x288>)
100002d8:	9310      	str	r3, [sp, #64]	@ 0x40
100002da:	4b8c      	ldr	r3, [pc, #560]	@ (1000050c <main+0x28c>)
100002dc:	9311      	str	r3, [sp, #68]	@ 0x44
100002de:	4b8c      	ldr	r3, [pc, #560]	@ (10000510 <main+0x290>)
100002e0:	930a      	str	r3, [sp, #40]	@ 0x28
100002e2:	4b8c      	ldr	r3, [pc, #560]	@ (10000514 <main+0x294>)
100002e4:	930b      	str	r3, [sp, #44]	@ 0x2c
100002e6:	4b8c      	ldr	r3, [pc, #560]	@ (10000518 <main+0x298>)
100002e8:	930c      	str	r3, [sp, #48]	@ 0x30
100002ea:	4b8c      	ldr	r3, [pc, #560]	@ (1000051c <main+0x29c>)
100002ec:	930d      	str	r3, [sp, #52]	@ 0x34
100002ee:	4b8c      	ldr	r3, [pc, #560]	@ (10000520 <main+0x2a0>)
100002f0:	930e      	str	r3, [sp, #56]	@ 0x38
100002f2:	4658      	mov	r0, fp
100002f4:	f004 fec6 	bl	10005084 <__wrap_puts>
100002f8:	2132      	movs	r1, #50	@ 0x32
100002fa:	a812      	add	r0, sp, #72	@ 0x48
100002fc:	f000 fa3c 	bl	10000778 <mc_forward>
10000300:	20fa      	movs	r0, #250	@ 0xfa
10000302:	00c0      	lsls	r0, r0, #3
10000304:	f002 f8b6 	bl	10002474 <sleep_ms>
10000308:	a812      	add	r0, sp, #72	@ 0x48
1000030a:	f000 fb7f 	bl	10000a0c <mc_stop>
1000030e:	a812      	add	r0, sp, #72	@ 0x48
10000310:	f000 ff00 	bl	10001114 <mc_get_motor1_pulses>
10000314:	4681      	mov	r9, r0
10000316:	a812      	add	r0, sp, #72	@ 0x48
10000318:	f000 fefe 	bl	10001118 <mc_get_motor2_pulses>
1000031c:	4682      	mov	sl, r0
1000031e:	a812      	add	r0, sp, #72	@ 0x48
10000320:	f000 ff08 	bl	10001134 <mc_get_motor1_distance_mm>
10000324:	f003 f924 	bl	10003570 <__wrap___aeabi_f2d>
10000328:	9008      	str	r0, [sp, #32]
1000032a:	9109      	str	r1, [sp, #36]	@ 0x24
1000032c:	a812      	add	r0, sp, #72	@ 0x48
1000032e:	f000 ff17 	bl	10001160 <mc_get_motor2_distance_mm>
10000332:	f003 f91d 	bl	10003570 <__wrap___aeabi_f2d>
10000336:	0006      	movs	r6, r0
10000338:	a812      	add	r0, sp, #72	@ 0x48
1000033a:	000f      	movs	r7, r1
1000033c:	f000 ff26 	bl	1000118c <mc_get_motor1_speed_mm_s>
10000340:	f003 f916 	bl	10003570 <__wrap___aeabi_f2d>
10000344:	0004      	movs	r4, r0
10000346:	a812      	add	r0, sp, #72	@ 0x48
10000348:	000d      	movs	r5, r1
1000034a:	f000 ff53 	bl	100011f4 <mc_get_motor2_speed_mm_s>
1000034e:	f003 f90f 	bl	10003570 <__wrap___aeabi_f2d>
10000352:	4652      	mov	r2, sl
10000354:	9006      	str	r0, [sp, #24]
10000356:	9107      	str	r1, [sp, #28]
10000358:	9404      	str	r4, [sp, #16]
1000035a:	9505      	str	r5, [sp, #20]
1000035c:	9b08      	ldr	r3, [sp, #32]
1000035e:	9c09      	ldr	r4, [sp, #36]	@ 0x24
10000360:	4649      	mov	r1, r9
10000362:	9300      	str	r3, [sp, #0]
10000364:	9401      	str	r4, [sp, #4]
10000366:	9602      	str	r6, [sp, #8]
10000368:	9703      	str	r7, [sp, #12]
1000036a:	4640      	mov	r0, r8
1000036c:	f004 ff0c 	bl	10005188 <__wrap_printf>
10000370:	20fa      	movs	r0, #250	@ 0xfa
10000372:	0080      	lsls	r0, r0, #2
10000374:	f002 f87e 	bl	10002474 <sleep_ms>
10000378:	980f      	ldr	r0, [sp, #60]	@ 0x3c
1000037a:	f004 fe83 	bl	10005084 <__wrap_puts>
1000037e:	2132      	movs	r1, #50	@ 0x32
10000380:	a812      	add	r0, sp, #72	@ 0x48
10000382:	f000 fa85 	bl	10000890 <mc_backward>
10000386:	20fa      	movs	r0, #250	@ 0xfa
10000388:	00c0      	lsls	r0, r0, #3
1000038a:	f002 f873 	bl	10002474 <sleep_ms>
1000038e:	a812      	add	r0, sp, #72	@ 0x48
10000390:	f000 fb3c 	bl	10000a0c <mc_stop>
10000394:	a812      	add	r0, sp, #72	@ 0x48
10000396:	f000 febd 	bl	10001114 <mc_get_motor1_pulses>
1000039a:	4681      	mov	r9, r0
1000039c:	a812      	add	r0, sp, #72	@ 0x48
1000039e:	f000 febb 	bl	10001118 <mc_get_motor2_pulses>
100003a2:	4682      	mov	sl, r0
100003a4:	a812      	add	r0, sp, #72	@ 0x48
100003a6:	f000 fec5 	bl	10001134 <mc_get_motor1_distance_mm>
100003aa:	f003 f8e1 	bl	10003570 <__wrap___aeabi_f2d>
100003ae:	9008      	str	r0, [sp, #32]
100003b0:	9109      	str	r1, [sp, #36]	@ 0x24
100003b2:	a812      	add	r0, sp, #72	@ 0x48
100003b4:	f000 fed4 	bl	10001160 <mc_get_motor2_distance_mm>
100003b8:	f003 f8da 	bl	10003570 <__wrap___aeabi_f2d>
100003bc:	0006      	movs	r6, r0
100003be:	a812      	add	r0, sp, #72	@ 0x48
100003c0:	000f      	movs	r7, r1
100003c2:	f000 fee3 	bl	1000118c <mc_get_motor1_speed_mm_s>
100003c6:	f003 f8d3 	bl	10003570 <__wrap___aeabi_f2d>
100003ca:	0004      	movs	r4, r0
100003cc:	a812      	add	r0, sp, #72	@ 0x48
100003ce:	000d      	movs	r5, r1
100003d0:	f000 ff10 	bl	100011f4 <mc_get_motor2_speed_mm_s>
100003d4:	f003 f8cc 	bl	10003570 <__wrap___aeabi_f2d>
100003d8:	4652      	mov	r2, sl
100003da:	9006      	str	r0, [sp, #24]
100003dc:	9107      	str	r1, [sp, #28]
100003de:	9404      	str	r4, [sp, #16]
100003e0:	9505      	str	r5, [sp, #20]
100003e2:	9b08      	ldr	r3, [sp, #32]
100003e4:	9c09      	ldr	r4, [sp, #36]	@ 0x24
100003e6:	4649      	mov	r1, r9
100003e8:	9300      	str	r3, [sp, #0]
100003ea:	9401      	str	r4, [sp, #4]
100003ec:	4640      	mov	r0, r8
100003ee:	9602      	str	r6, [sp, #8]
100003f0:	9703      	str	r7, [sp, #12]
100003f2:	f004 fec9 	bl	10005188 <__wrap_printf>
100003f6:	f000 ff31 	bl	1000125c <wifi_log_get_dropped_count>
100003fa:	0001      	movs	r1, r0
100003fc:	9810      	ldr	r0, [sp, #64]	@ 0x40
100003fe:	f004 fec3 	bl	10005188 <__wrap_printf>
10000402:	20fa      	movs	r0, #250	@ 0xfa
10000404:	0080      	lsls	r0, r0, #2
10000406:	f002 f835 	bl	10002474 <sleep_ms>
1000040a:	9811      	ldr	r0, [sp, #68]	@ 0x44
1000040c:	f004 fe3a 	bl	10005084 <__wrap_puts>
10000410:	221e      	movs	r2, #30
10000412:	2132      	movs	r1, #50	@ 0x32
10000414:	a812      	add	r0, sp, #72	@ 0x48
10000416:	f000 fb63 	bl	10000ae0 <mc_turn_left>
1000041a:	20fa      	movs	r0, #250	@ 0xfa
1000041c:	0080      	lsls	r0, r0, #2
1000041e:	f002 f829 	bl	10002474 <sleep_ms>
10000422:	a812      	add	r0, sp, #72	@ 0x48
10000424:	f000 faf2 	bl	10000a0c <mc_stop>
10000428:	20fa      	movs	r0, #250	@ 0xfa
1000042a:	0080      	lsls	r0, r0, #2
1000042c:	f002 f822 	bl	10002474 <sleep_ms>
10000430:	980a      	ldr	r0, [sp, #40]	@ 0x28
10000432:	f004 fe27 	bl	10005084 <__wrap_puts>
10000436:	221e      	movs	r2, #30
10000438:	2132      	movs	r1, #50	@ 0x32
1000043a:	a812      	add	r0, sp, #72	@ 0x48
1000043c:	f000 fc0a 	bl	10000c54 <mc_turn_right>
10000440:	20fa      	movs	r0, #250	@ 0xfa
10000442:	0080      	lsls	r0, r0, #2
10000444:	f002 f816 	bl	10002474 <sleep_ms>
10000448:	a812      	add	r0, sp, #72	@ 0x48
1000044a:	f000 fadf 	bl	10000a0c <mc_stop>
1000044e:	20fa      	movs	r0, #250	@ 0xfa
10000450:	0080      	lsls	r0, r0, #2
10000452:	f002 f80f 	bl	10002474 <sleep_ms>
10000456:	980b      	ldr	r0, [sp, #44]	@ 0x2c
10000458:	f004 fe14 	bl	10005084 <__wrap_puts>
1000045c:	2132      	movs	r1, #50	@ 0x32
1000045e:	a812      	add	r0, sp, #72	@ 0x48
10000460:	f000 fcb8 	bl	10000dd4 <mc_spin_left>
10000464:	20fa      	movs	r0, #250	@ 0xfa
10000466:	0080      	lsls	r0, r0, #2
10000468:	f002 f804 	bl	10002474 <sleep_ms>
1000046c:	a812      	add	r0, sp, #72	@ 0x48
1000046e:	f000 facd 	bl	10000a0c <mc_stop>
10000472:	20fa      	movs	r0, #250	@ 0xfa
10000474:	0080      	lsls	r0, r0, #2
10000476:	f001 fffd 	bl	10002474 <sleep_ms>
1000047a:	980c      	ldr	r0, [sp, #48]	@ 0x30
1000047c:	f004 fe02 	bl	10005084 <__wrap_puts>
10000480:	2132      	movs	r1, #50	@ 0x32
10000482:	a812      	add	r0, sp, #72	@ 0x48
10000484:	f000 fd52 	bl	10000f2c <mc_spin_right>
10000488:	20fa      	movs	r0, #250	@ 0xfa
1000048a:	0080      	lsls	r0, r0, #2
1000048c:	f001 fff2 	bl	10002474 <sleep_ms>
10000490:	a812      	add	r0, sp, #72	@ 0x48
10000492:	f000 fabb 	bl	10000a0c <mc_stop>
10000496:	20fa      	movs	r0, #250	@ 0xfa
10000498:	0080      	lsls	r0, r0, #2
1000049a:	f001 ffeb 	bl	10002474 <sleep_ms>
1000049e:	980d      	ldr	r0, [sp, #52]	@ 0x34
100004a0:	f004 fdf0 	bl	10005084 <__wrap_puts>
100004a4:	2246      	movs	r2, #70	@ 0x46
100004a6:	2132      	movs	r1, #50	@ 0x32
100004a8:	a812      	add	r0, sp, #72	@ 0x48
100004aa:	f000 fb19 	bl	10000ae0 <mc_turn_left>
100004ae:	20fa      	movs	r0, #250	@ 0xfa
100004b0:	0080      	lsls	r0, r0, #2
100004b2:	f001 ffdf 	bl	10002474 <sleep_ms>
100004b6:	a812      	add	r0, sp, #72	@ 0x48
100004b8:	f000 faa8 	bl	10000a0c <mc_stop>
100004bc:	20fa      	movs	r0, #250	@ 0xfa
100004be:	0080      	lsls	r0, r0, #2
100004c0:	f001 ffd8 	bl	10002474 <sleep_ms>
100004c4:	980e      	ldr	r0, [sp, #56]	@ 0x38
100004c6:	f004 fddd 	bl	10005084 <__wrap_puts>
100004ca:	2246      	movs	r2, #70	@ 0x46
100004cc:	2132      	movs	r1, #50	@ 0x32
100004ce:	a812      	add	r0, sp, #72	@ 0x48
100004d0:	f000 fbc0 	bl	10000c54 <mc_turn_right>
100004d4:	20fa      	movs	r0, #250	@ 0xfa
100004d6:	0080      	lsls	r0, r0, #2
100004d8:	f001 ffcc 	bl	10002474 <sleep_ms>
100004dc:	a812      	add	r0, sp, #72	@ 0x48
100004de:	f000 fa95 	bl	10000a0c <mc_stop>
100004e2:	20fa      	movs	r0, #250	@ 0xfa
100004e4:	0080      	lsls	r0, r0, #2
100004e6:	f001 ffc5 	bl	10002474 <sleep_ms>
100004ea:	480e      	ldr	r0, [pc, #56]	@ (10000524 <main+0x2a4>)
100004ec:	f001 ffc2 	bl	10002474 <sleep_ms>
100004f0:	e6ff      	b.n	100002f2 <main+0x72>
100004f2:	46c0      	nop			@ (mov r8, r8)
100004f4:	00000249 	.word	0x00000249
100004f8:	42780000 	.word	0x42780000
100004fc:	10007600 	.word	0x10007600
10000500:	10007608 	.word	0x10007608
10000504:	10007670 	.word	0x10007670
10000508:	1000767c 	.word	0x1000767c
1000050c:	100076a0 	.word	0x100076a0
10000510:	100076b8 	.word	0x100076b8
10000514:	100076d0 	.word	0x100076d0
10000518:	100076dc 	.word	0x100076dc
1000051c:	100076e8 	.word	0x100076e8
10000520:	10007700 	.word	0x10007700
10000524:	00000bb8 	.word	0x00000bb8

10000528 <encoder_isr>:
10000528:	b530      	push	{r4, r5, lr}
1000052a:	46c6      	mov	lr, r8
1000052c:	b500      	push	{lr}
1000052e:	4b2f      	ldr	r3, [pc, #188]	@ (100005ec <encoder_isr+0xc4>)
10000530:	b082      	sub	sp, #8
10000532:	681b      	ldr	r3, [r3, #0]
10000534:	2b00      	cmp	r3, #0
10000536:	d007      	beq.n	10000548 <encoder_isr+0x20>
10000538:	4a2d      	ldr	r2, [pc, #180]	@ (100005f0 <encoder_isr+0xc8>)
1000053a:	6a91      	ldr	r1, [r2, #40]	@ 0x28
1000053c:	691a      	ldr	r2, [r3, #16]
1000053e:	4282      	cmp	r2, r0
10000540:	d006      	beq.n	10000550 <encoder_isr+0x28>
10000542:	699a      	ldr	r2, [r3, #24]
10000544:	4282      	cmp	r2, r0
10000546:	d02a      	beq.n	1000059e <encoder_isr+0x76>
10000548:	b002      	add	sp, #8
1000054a:	bc20      	pop	{r5}
1000054c:	46a8      	mov	r8, r5
1000054e:	bd30      	pop	{r4, r5, pc}
10000550:	6b18      	ldr	r0, [r3, #48]	@ 0x30
10000552:	1a08      	subs	r0, r1, r0
10000554:	2863      	cmp	r0, #99	@ 0x63
10000556:	d9f7      	bls.n	10000548 <encoder_isr+0x20>
10000558:	2800      	cmp	r0, #0
1000055a:	da00      	bge.n	1000055e <encoder_isr+0x36>
1000055c:	4825      	ldr	r0, [pc, #148]	@ (100005f4 <encoder_isr+0xcc>)
1000055e:	2401      	movs	r4, #1
10000560:	46a4      	mov	ip, r4
10000562:	695c      	ldr	r4, [r3, #20]
10000564:	22d0      	movs	r2, #208	@ 0xd0
10000566:	0025      	movs	r5, r4
10000568:	4664      	mov	r4, ip
1000056a:	40ac      	lsls	r4, r5
1000056c:	0612      	lsls	r2, r2, #24
1000056e:	6852      	ldr	r2, [r2, #4]
10000570:	4022      	ands	r2, r4
10000572:	0014      	movs	r4, r2
10000574:	4262      	negs	r2, r4
10000576:	4162      	adcs	r2, r4
10000578:	4664      	mov	r4, ip
1000057a:	4252      	negs	r2, r2
1000057c:	43a2      	bics	r2, r4
1000057e:	6a1c      	ldr	r4, [r3, #32]
10000580:	3201      	adds	r2, #1
10000582:	46a4      	mov	ip, r4
10000584:	4494      	add	ip, r2
10000586:	4664      	mov	r4, ip
10000588:	621c      	str	r4, [r3, #32]
1000058a:	6a9c      	ldr	r4, [r3, #40]	@ 0x28
1000058c:	4342      	muls	r2, r0
1000058e:	46a4      	mov	ip, r4
10000590:	2401      	movs	r4, #1
10000592:	44a4      	add	ip, r4
10000594:	4664      	mov	r4, ip
10000596:	629c      	str	r4, [r3, #40]	@ 0x28
10000598:	639a      	str	r2, [r3, #56]	@ 0x38
1000059a:	6319      	str	r1, [r3, #48]	@ 0x30
1000059c:	e7d4      	b.n	10000548 <encoder_isr+0x20>
1000059e:	6b58      	ldr	r0, [r3, #52]	@ 0x34
100005a0:	1a08      	subs	r0, r1, r0
100005a2:	2863      	cmp	r0, #99	@ 0x63
100005a4:	d9d0      	bls.n	10000548 <encoder_isr+0x20>
100005a6:	2800      	cmp	r0, #0
100005a8:	da00      	bge.n	100005ac <encoder_isr+0x84>
100005aa:	4812      	ldr	r0, [pc, #72]	@ (100005f4 <encoder_isr+0xcc>)
100005ac:	2401      	movs	r4, #1
100005ae:	46a4      	mov	ip, r4
100005b0:	69dc      	ldr	r4, [r3, #28]
100005b2:	22d0      	movs	r2, #208	@ 0xd0
100005b4:	0025      	movs	r5, r4
100005b6:	4664      	mov	r4, ip
100005b8:	40ac      	lsls	r4, r5
100005ba:	0612      	lsls	r2, r2, #24
100005bc:	6852      	ldr	r2, [r2, #4]
100005be:	4022      	ands	r2, r4
100005c0:	0014      	movs	r4, r2
100005c2:	4262      	negs	r2, r4
100005c4:	4162      	adcs	r2, r4
100005c6:	4664      	mov	r4, ip
100005c8:	4252      	negs	r2, r2
100005ca:	43a2      	bics	r2, r4
100005cc:	6a5c      	ldr	r4, [r3, #36]	@ 0x24
100005ce:	3201      	adds	r2, #1
100005d0:	46a4      	mov	ip, r4
100005d2:	4494      	add	ip, r2
100005d4:	4664      	mov	r4, ip
100005d6:	625c      	str	r4, [r3, #36]	@ 0x24
100005d8:	6adc      	ldr	r4, [r3, #44]	@ 0x2c
100005da:	4342      	muls	r2, r0
100005dc:	46a4      	mov	ip, r4
100005de:	2401      	movs	r4, #1
100005e0:	44a4      	add	ip, r4
100005e2:	4664      	mov	r4, ip
100005e4:	62dc      	str	r4, [r3, #44]	@ 0x2c
100005e6:	63da      	str	r2, [r3, #60]	@ 0x3c
100005e8:	6359      	str	r1, [r3, #52]	@ 0x34
100005ea:	e7ad      	b.n	10000548 <encoder_isr+0x20>
100005ec:	20001b6c 	.word	0x20001b6c
100005f0:	40054000 	.word	0x40054000
100005f4:	7fffffff 	.word	0x7fffffff

100005f8 <init_pwm_pin>:
100005f8:	b5f8      	push	{r3, r4, r5, r6, r7, lr}
100005fa:	0004      	movs	r4, r0
100005fc:	2104      	movs	r1, #4
100005fe:	f000 ff91 	bl	10001524 <gpio_set_function>
10000602:	0863      	lsrs	r3, r4, #1
10000604:	2c1f      	cmp	r4, #31
10000606:	d832      	bhi.n	1000066e <init_pwm_pin+0x76>
10000608:	2607      	movs	r6, #7
1000060a:	401e      	ands	r6, r3
1000060c:	4b1a      	ldr	r3, [pc, #104]	@ (10000678 <init_pwm_pin+0x80>)
1000060e:	681f      	ldr	r7, [r3, #0]
10000610:	1c38      	adds	r0, r7, #0
10000612:	f002 ffa7 	bl	10003564 <__wrap___aeabi_f2uiz>
10000616:	b2c5      	uxtb	r5, r0
10000618:	0028      	movs	r0, r5
1000061a:	f002 ff81 	bl	10003520 <__wrap___aeabi_i2f>
1000061e:	1c01      	adds	r1, r0, #0
10000620:	1c38      	adds	r0, r7, #0
10000622:	f002 ff24 	bl	1000346e <__wrap___aeabi_fsub>
10000626:	2183      	movs	r1, #131	@ 0x83
10000628:	05c9      	lsls	r1, r1, #23
1000062a:	f002 ff3a 	bl	100034a2 <__wrap___aeabi_fmul>
1000062e:	f002 ff99 	bl	10003564 <__wrap___aeabi_f2uiz>
10000632:	00b3      	lsls	r3, r6, #2
10000634:	199b      	adds	r3, r3, r6
10000636:	4a11      	ldr	r2, [pc, #68]	@ (1000067c <init_pwm_pin+0x84>)
10000638:	009b      	lsls	r3, r3, #2
1000063a:	1899      	adds	r1, r3, r2
1000063c:	4a10      	ldr	r2, [pc, #64]	@ (10000680 <init_pwm_pin+0x88>)
1000063e:	012d      	lsls	r5, r5, #4
10000640:	8812      	ldrh	r2, [r2, #0]
10000642:	b2c0      	uxtb	r0, r0
10000644:	4328      	orrs	r0, r5
10000646:	6048      	str	r0, [r1, #4]
10000648:	610a      	str	r2, [r1, #16]
1000064a:	4a0e      	ldr	r2, [pc, #56]	@ (10000684 <init_pwm_pin+0x8c>)
1000064c:	189a      	adds	r2, r3, r2
1000064e:	6815      	ldr	r5, [r2, #0]
10000650:	2201      	movs	r2, #1
10000652:	4014      	ands	r4, r2
10000654:	4260      	negs	r0, r4
10000656:	4c0c      	ldr	r4, [pc, #48]	@ (10000688 <init_pwm_pin+0x90>)
10000658:	4060      	eors	r0, r4
1000065a:	4c0c      	ldr	r4, [pc, #48]	@ (1000068c <init_pwm_pin+0x94>)
1000065c:	4028      	ands	r0, r5
1000065e:	191c      	adds	r4, r3, r4
10000660:	6020      	str	r0, [r4, #0]
10000662:	6809      	ldr	r1, [r1, #0]
10000664:	438a      	bics	r2, r1
10000666:	490a      	ldr	r1, [pc, #40]	@ (10000690 <init_pwm_pin+0x98>)
10000668:	185b      	adds	r3, r3, r1
1000066a:	601a      	str	r2, [r3, #0]
1000066c:	bdf8      	pop	{r3, r4, r5, r6, r7, pc}
1000066e:	2603      	movs	r6, #3
10000670:	401e      	ands	r6, r3
10000672:	3608      	adds	r6, #8
10000674:	e7ca      	b.n	1000060c <init_pwm_pin+0x14>
10000676:	46c0      	nop			@ (mov r8, r8)
10000678:	20001b74 	.word	0x20001b74
1000067c:	40050000 	.word	0x40050000
10000680:	20001c96 	.word	0x20001c96
10000684:	4005000c 	.word	0x4005000c
10000688:	0000ffff 	.word	0x0000ffff
1000068c:	4005100c 	.word	0x4005100c
10000690:	40051000 	.word	0x40051000

10000694 <mc_init>:
10000694:	b5f0      	push	{r4, r5, r6, r7, lr}
10000696:	46c6      	mov	lr, r8
10000698:	0004      	movs	r4, r0
1000069a:	b500      	push	{lr}
1000069c:	2005      	movs	r0, #5
1000069e:	0017      	movs	r7, r2
100006a0:	4698      	mov	r8, r3
100006a2:	f002 f8ed 	bl	10002880 <clock_get_hz>
100006a6:	f002 ff36 	bl	10003516 <__wrap___aeabi_ui2f>
100006aa:	4926      	ldr	r1, [pc, #152]	@ (10000744 <mc_init+0xb0>)
100006ac:	f002 fee5 	bl	1000347a <__wrap___aeabi_fdiv>
100006b0:	21de      	movs	r1, #222	@ 0xde
100006b2:	0589      	lsls	r1, r1, #22
100006b4:	1c05      	adds	r5, r0, #0
100006b6:	f002 fef4 	bl	100034a2 <__wrap___aeabi_fmul>
100006ba:	21fe      	movs	r1, #254	@ 0xfe
100006bc:	0589      	lsls	r1, r1, #22
100006be:	1c06      	adds	r6, r0, #0
100006c0:	f002 ff1e 	bl	10003500 <__wrap___aeabi_fcmplt>
100006c4:	2800      	cmp	r0, #0
100006c6:	d134      	bne.n	10000732 <mc_init+0x9e>
100006c8:	491f      	ldr	r1, [pc, #124]	@ (10000748 <mc_init+0xb4>)
100006ca:	1c30      	adds	r0, r6, #0
100006cc:	f002 ff1e 	bl	1000350c <__wrap___aeabi_fcmpgt>
100006d0:	2800      	cmp	r0, #0
100006d2:	d031      	beq.n	10000738 <mc_init+0xa4>
100006d4:	1c28      	adds	r0, r5, #0
100006d6:	491c      	ldr	r1, [pc, #112]	@ (10000748 <mc_init+0xb4>)
100006d8:	f002 fecf 	bl	1000347a <__wrap___aeabi_fdiv>
100006dc:	4e1a      	ldr	r6, [pc, #104]	@ (10000748 <mc_init+0xb4>)
100006de:	1c05      	adds	r5, r0, #0
100006e0:	21fc      	movs	r1, #252	@ 0xfc
100006e2:	4b1a      	ldr	r3, [pc, #104]	@ (1000074c <mc_init+0xb8>)
100006e4:	0589      	lsls	r1, r1, #22
100006e6:	601e      	str	r6, [r3, #0]
100006e8:	1c28      	adds	r0, r5, #0
100006ea:	f002 fec3 	bl	10003474 <__wrap___aeabi_fadd>
100006ee:	f002 ff39 	bl	10003564 <__wrap___aeabi_f2uiz>
100006f2:	4643      	mov	r3, r8
100006f4:	60a3      	str	r3, [r4, #8]
100006f6:	9b06      	ldr	r3, [sp, #24]
100006f8:	4a15      	ldr	r2, [pc, #84]	@ (10000750 <mc_init+0xbc>)
100006fa:	60e3      	str	r3, [r4, #12]
100006fc:	2301      	movs	r3, #1
100006fe:	425b      	negs	r3, r3
10000700:	6123      	str	r3, [r4, #16]
10000702:	6163      	str	r3, [r4, #20]
10000704:	61a3      	str	r3, [r4, #24]
10000706:	61e3      	str	r3, [r4, #28]
10000708:	2300      	movs	r3, #0
1000070a:	6223      	str	r3, [r4, #32]
1000070c:	6263      	str	r3, [r4, #36]	@ 0x24
1000070e:	62a3      	str	r3, [r4, #40]	@ 0x28
10000710:	62e3      	str	r3, [r4, #44]	@ 0x2c
10000712:	6a92      	ldr	r2, [r2, #40]	@ 0x28
10000714:	4e0f      	ldr	r6, [pc, #60]	@ (10000754 <mc_init+0xc0>)
10000716:	6322      	str	r2, [r4, #48]	@ 0x30
10000718:	6b22      	ldr	r2, [r4, #48]	@ 0x30
1000071a:	3801      	subs	r0, #1
1000071c:	6362      	str	r2, [r4, #52]	@ 0x34
1000071e:	2200      	movs	r2, #0
10000720:	8030      	strh	r0, [r6, #0]
10000722:	6067      	str	r7, [r4, #4]
10000724:	63a3      	str	r3, [r4, #56]	@ 0x38
10000726:	6422      	str	r2, [r4, #64]	@ 0x40
10000728:	63e3      	str	r3, [r4, #60]	@ 0x3c
1000072a:	6463      	str	r3, [r4, #68]	@ 0x44
1000072c:	bc80      	pop	{r7}
1000072e:	46b8      	mov	r8, r7
10000730:	bdf0      	pop	{r4, r5, r6, r7, pc}
10000732:	26fe      	movs	r6, #254	@ 0xfe
10000734:	05b6      	lsls	r6, r6, #22
10000736:	e7d3      	b.n	100006e0 <mc_init+0x4c>
10000738:	1c28      	adds	r0, r5, #0
1000073a:	1c31      	adds	r1, r6, #0
1000073c:	f002 fe9d 	bl	1000347a <__wrap___aeabi_fdiv>
10000740:	1c05      	adds	r5, r0, #0
10000742:	e7cd      	b.n	100006e0 <mc_init+0x4c>
10000744:	461c4000 	.word	0x461c4000
10000748:	437ff000 	.word	0x437ff000
1000074c:	20001b74 	.word	0x20001b74
10000750:	40054000 	.word	0x40054000
10000754:	20001c96 	.word	0x20001c96

10000758 <mc_begin>:
10000758:	b510      	push	{r4, lr}
1000075a:	0004      	movs	r4, r0
1000075c:	6800      	ldr	r0, [r0, #0]
1000075e:	f7ff ff4b 	bl	100005f8 <init_pwm_pin>
10000762:	6860      	ldr	r0, [r4, #4]
10000764:	f7ff ff48 	bl	100005f8 <init_pwm_pin>
10000768:	68a0      	ldr	r0, [r4, #8]
1000076a:	f7ff ff45 	bl	100005f8 <init_pwm_pin>
1000076e:	68e0      	ldr	r0, [r4, #12]
10000770:	f7ff ff42 	bl	100005f8 <init_pwm_pin>
10000774:	bd10      	pop	{r4, pc}
10000776:	46c0      	nop			@ (mov r8, r8)

10000778 <mc_forward>:
10000778:	b570      	push	{r4, r5, r6, lr}
1000077a:	0005      	movs	r5, r0
1000077c:	4b3f      	ldr	r3, [pc, #252]	@ (1000087c <mc_forward+0x104>)
1000077e:	682e      	ldr	r6, [r5, #0]
10000780:	686c      	ldr	r4, [r5, #4]
10000782:	881a      	ldrh	r2, [r3, #0]
10000784:	b208      	sxth	r0, r1
10000786:	2964      	cmp	r1, #100	@ 0x64
10000788:	dc03      	bgt.n	10000792 <mc_forward+0x1a>
1000078a:	2800      	cmp	r0, #0
1000078c:	d000      	beq.n	10000790 <mc_forward+0x18>
1000078e:	e06e      	b.n	1000086e <mc_forward+0xf6>
10000790:	2200      	movs	r2, #0
10000792:	0873      	lsrs	r3, r6, #1
10000794:	2e1f      	cmp	r6, #31
10000796:	d84f      	bhi.n	10000838 <mc_forward+0xc0>
10000798:	2107      	movs	r1, #7
1000079a:	4019      	ands	r1, r3
1000079c:	008b      	lsls	r3, r1, #2
1000079e:	185b      	adds	r3, r3, r1
100007a0:	4937      	ldr	r1, [pc, #220]	@ (10000880 <mc_forward+0x108>)
100007a2:	009b      	lsls	r3, r3, #2
100007a4:	185b      	adds	r3, r3, r1
100007a6:	07f6      	lsls	r6, r6, #31
100007a8:	d550      	bpl.n	1000084c <mc_forward+0xd4>
100007aa:	4936      	ldr	r1, [pc, #216]	@ (10000884 <mc_forward+0x10c>)
100007ac:	0416      	lsls	r6, r2, #16
100007ae:	6818      	ldr	r0, [r3, #0]
100007b0:	4070      	eors	r0, r6
100007b2:	4001      	ands	r1, r0
100007b4:	2080      	movs	r0, #128	@ 0x80
100007b6:	0140      	lsls	r0, r0, #5
100007b8:	181b      	adds	r3, r3, r0
100007ba:	6019      	str	r1, [r3, #0]
100007bc:	0863      	lsrs	r3, r4, #1
100007be:	2c1f      	cmp	r4, #31
100007c0:	d851      	bhi.n	10000866 <mc_forward+0xee>
100007c2:	2107      	movs	r1, #7
100007c4:	4019      	ands	r1, r3
100007c6:	008b      	lsls	r3, r1, #2
100007c8:	185b      	adds	r3, r3, r1
100007ca:	492d      	ldr	r1, [pc, #180]	@ (10000880 <mc_forward+0x108>)
100007cc:	009b      	lsls	r3, r3, #2
100007ce:	1859      	adds	r1, r3, r1
100007d0:	482d      	ldr	r0, [pc, #180]	@ (10000888 <mc_forward+0x110>)
100007d2:	07e4      	lsls	r4, r4, #31
100007d4:	6809      	ldr	r1, [r1, #0]
100007d6:	17e4      	asrs	r4, r4, #31
100007d8:	4060      	eors	r0, r4
100007da:	4001      	ands	r1, r0
100007dc:	482b      	ldr	r0, [pc, #172]	@ (1000088c <mc_forward+0x114>)
100007de:	68ac      	ldr	r4, [r5, #8]
100007e0:	181b      	adds	r3, r3, r0
100007e2:	6019      	str	r1, [r3, #0]
100007e4:	68e9      	ldr	r1, [r5, #12]
100007e6:	0863      	lsrs	r3, r4, #1
100007e8:	2c1f      	cmp	r4, #31
100007ea:	d838      	bhi.n	1000085e <mc_forward+0xe6>
100007ec:	2007      	movs	r0, #7
100007ee:	4018      	ands	r0, r3
100007f0:	0083      	lsls	r3, r0, #2
100007f2:	181b      	adds	r3, r3, r0
100007f4:	4822      	ldr	r0, [pc, #136]	@ (10000880 <mc_forward+0x108>)
100007f6:	009b      	lsls	r3, r3, #2
100007f8:	181b      	adds	r3, r3, r0
100007fa:	07e4      	lsls	r4, r4, #31
100007fc:	d52d      	bpl.n	1000085a <mc_forward+0xe2>
100007fe:	4821      	ldr	r0, [pc, #132]	@ (10000884 <mc_forward+0x10c>)
10000800:	0412      	lsls	r2, r2, #16
10000802:	681c      	ldr	r4, [r3, #0]
10000804:	4062      	eors	r2, r4
10000806:	4002      	ands	r2, r0
10000808:	2080      	movs	r0, #128	@ 0x80
1000080a:	0140      	lsls	r0, r0, #5
1000080c:	181b      	adds	r3, r3, r0
1000080e:	601a      	str	r2, [r3, #0]
10000810:	084b      	lsrs	r3, r1, #1
10000812:	291f      	cmp	r1, #31
10000814:	d81d      	bhi.n	10000852 <mc_forward+0xda>
10000816:	2207      	movs	r2, #7
10000818:	401a      	ands	r2, r3
1000081a:	0093      	lsls	r3, r2, #2
1000081c:	189b      	adds	r3, r3, r2
1000081e:	4a18      	ldr	r2, [pc, #96]	@ (10000880 <mc_forward+0x108>)
10000820:	009b      	lsls	r3, r3, #2
10000822:	189a      	adds	r2, r3, r2
10000824:	6810      	ldr	r0, [r2, #0]
10000826:	07ca      	lsls	r2, r1, #31
10000828:	4917      	ldr	r1, [pc, #92]	@ (10000888 <mc_forward+0x110>)
1000082a:	17d2      	asrs	r2, r2, #31
1000082c:	404a      	eors	r2, r1
1000082e:	4917      	ldr	r1, [pc, #92]	@ (1000088c <mc_forward+0x114>)
10000830:	4002      	ands	r2, r0
10000832:	185b      	adds	r3, r3, r1
10000834:	601a      	str	r2, [r3, #0]
10000836:	bd70      	pop	{r4, r5, r6, pc}
10000838:	2103      	movs	r1, #3
1000083a:	4019      	ands	r1, r3
1000083c:	3108      	adds	r1, #8
1000083e:	008b      	lsls	r3, r1, #2
10000840:	185b      	adds	r3, r3, r1
10000842:	490f      	ldr	r1, [pc, #60]	@ (10000880 <mc_forward+0x108>)
10000844:	009b      	lsls	r3, r3, #2
10000846:	185b      	adds	r3, r3, r1
10000848:	07f6      	lsls	r6, r6, #31
1000084a:	d4ae      	bmi.n	100007aa <mc_forward+0x32>
1000084c:	0016      	movs	r6, r2
1000084e:	490e      	ldr	r1, [pc, #56]	@ (10000888 <mc_forward+0x110>)
10000850:	e7ad      	b.n	100007ae <mc_forward+0x36>
10000852:	2203      	movs	r2, #3
10000854:	401a      	ands	r2, r3
10000856:	3208      	adds	r2, #8
10000858:	e7df      	b.n	1000081a <mc_forward+0xa2>
1000085a:	480b      	ldr	r0, [pc, #44]	@ (10000888 <mc_forward+0x110>)
1000085c:	e7d1      	b.n	10000802 <mc_forward+0x8a>
1000085e:	2003      	movs	r0, #3
10000860:	4018      	ands	r0, r3
10000862:	3008      	adds	r0, #8
10000864:	e7c4      	b.n	100007f0 <mc_forward+0x78>
10000866:	2103      	movs	r1, #3
10000868:	4019      	ands	r1, r3
1000086a:	3108      	adds	r1, #8
1000086c:	e7ab      	b.n	100007c6 <mc_forward+0x4e>
1000086e:	434a      	muls	r2, r1
10000870:	2164      	movs	r1, #100	@ 0x64
10000872:	0010      	movs	r0, r2
10000874:	f002 fa64 	bl	10002d40 <__wrap___aeabi_uidiv>
10000878:	0002      	movs	r2, r0
1000087a:	e78a      	b.n	10000792 <mc_forward+0x1a>
1000087c:	20001c96 	.word	0x20001c96
10000880:	4005000c 	.word	0x4005000c
10000884:	ffff0000 	.word	0xffff0000
10000888:	0000ffff 	.word	0x0000ffff
1000088c:	4005100c 	.word	0x4005100c

10000890 <mc_backward>:
10000890:	b5f0      	push	{r4, r5, r6, r7, lr}
10000892:	464f      	mov	r7, r9
10000894:	4646      	mov	r6, r8
10000896:	46d6      	mov	lr, sl
10000898:	4b57      	ldr	r3, [pc, #348]	@ (100009f8 <mc_backward+0x168>)
1000089a:	424c      	negs	r4, r1
1000089c:	881b      	ldrh	r3, [r3, #0]
1000089e:	b222      	sxth	r2, r4
100008a0:	b5c0      	push	{r6, r7, lr}
100008a2:	000d      	movs	r5, r1
100008a4:	0006      	movs	r6, r0
100008a6:	4690      	mov	r8, r2
100008a8:	4699      	mov	r9, r3
100008aa:	6804      	ldr	r4, [r0, #0]
100008ac:	6847      	ldr	r7, [r0, #4]
100008ae:	2964      	cmp	r1, #100	@ 0x64
100008b0:	d80c      	bhi.n	100008cc <mc_backward+0x3c>
100008b2:	2900      	cmp	r1, #0
100008b4:	d000      	beq.n	100008b8 <mc_backward+0x28>
100008b6:	e09c      	b.n	100009f2 <mc_backward+0x162>
100008b8:	2300      	movs	r3, #0
100008ba:	2000      	movs	r0, #0
100008bc:	469a      	mov	sl, r3
100008be:	0863      	lsrs	r3, r4, #1
100008c0:	2c1f      	cmp	r4, #31
100008c2:	d90f      	bls.n	100008e4 <mc_backward+0x54>
100008c4:	2203      	movs	r2, #3
100008c6:	401a      	ands	r2, r3
100008c8:	3208      	adds	r2, #8
100008ca:	e00d      	b.n	100008e8 <mc_backward+0x58>
100008cc:	2364      	movs	r3, #100	@ 0x64
100008ce:	425b      	negs	r3, r3
100008d0:	2064      	movs	r0, #100	@ 0x64
100008d2:	469a      	mov	sl, r3
100008d4:	464b      	mov	r3, r9
100008d6:	2164      	movs	r1, #100	@ 0x64
100008d8:	4358      	muls	r0, r3
100008da:	f002 fa31 	bl	10002d40 <__wrap___aeabi_uidiv>
100008de:	0863      	lsrs	r3, r4, #1
100008e0:	2c1f      	cmp	r4, #31
100008e2:	d8ef      	bhi.n	100008c4 <mc_backward+0x34>
100008e4:	2207      	movs	r2, #7
100008e6:	401a      	ands	r2, r3
100008e8:	0093      	lsls	r3, r2, #2
100008ea:	189b      	adds	r3, r3, r2
100008ec:	4a43      	ldr	r2, [pc, #268]	@ (100009fc <mc_backward+0x16c>)
100008ee:	009b      	lsls	r3, r3, #2
100008f0:	189a      	adds	r2, r3, r2
100008f2:	6811      	ldr	r1, [r2, #0]
100008f4:	07e2      	lsls	r2, r4, #31
100008f6:	4c42      	ldr	r4, [pc, #264]	@ (10000a00 <mc_backward+0x170>)
100008f8:	17d2      	asrs	r2, r2, #31
100008fa:	4062      	eors	r2, r4
100008fc:	400a      	ands	r2, r1
100008fe:	4941      	ldr	r1, [pc, #260]	@ (10000a04 <mc_backward+0x174>)
10000900:	185b      	adds	r3, r3, r1
10000902:	601a      	str	r2, [r3, #0]
10000904:	4653      	mov	r3, sl
10000906:	1e5a      	subs	r2, r3, #1
10000908:	4193      	sbcs	r3, r2
1000090a:	425b      	negs	r3, r3
1000090c:	4018      	ands	r0, r3
1000090e:	087b      	lsrs	r3, r7, #1
10000910:	2f1f      	cmp	r7, #31
10000912:	d85c      	bhi.n	100009ce <mc_backward+0x13e>
10000914:	2207      	movs	r2, #7
10000916:	401a      	ands	r2, r3
10000918:	0093      	lsls	r3, r2, #2
1000091a:	189b      	adds	r3, r3, r2
1000091c:	4a37      	ldr	r2, [pc, #220]	@ (100009fc <mc_backward+0x16c>)
1000091e:	009b      	lsls	r3, r3, #2
10000920:	189b      	adds	r3, r3, r2
10000922:	07ff      	lsls	r7, r7, #31
10000924:	d55d      	bpl.n	100009e2 <mc_backward+0x152>
10000926:	4a38      	ldr	r2, [pc, #224]	@ (10000a08 <mc_backward+0x178>)
10000928:	0400      	lsls	r0, r0, #16
1000092a:	6819      	ldr	r1, [r3, #0]
1000092c:	68b7      	ldr	r7, [r6, #8]
1000092e:	4041      	eors	r1, r0
10000930:	400a      	ands	r2, r1
10000932:	2180      	movs	r1, #128	@ 0x80
10000934:	0149      	lsls	r1, r1, #5
10000936:	185b      	adds	r3, r3, r1
10000938:	68f6      	ldr	r6, [r6, #12]
1000093a:	601a      	str	r2, [r3, #0]
1000093c:	2d64      	cmp	r5, #100	@ 0x64
1000093e:	d80b      	bhi.n	10000958 <mc_backward+0xc8>
10000940:	1e28      	subs	r0, r5, #0
10000942:	d10d      	bne.n	10000960 <mc_backward+0xd0>
10000944:	2300      	movs	r3, #0
10000946:	2000      	movs	r0, #0
10000948:	4698      	mov	r8, r3
1000094a:	087b      	lsrs	r3, r7, #1
1000094c:	2f1f      	cmp	r7, #31
1000094e:	d90f      	bls.n	10000970 <mc_backward+0xe0>
10000950:	2203      	movs	r2, #3
10000952:	401a      	ands	r2, r3
10000954:	3208      	adds	r2, #8
10000956:	e00d      	b.n	10000974 <mc_backward+0xe4>
10000958:	2364      	movs	r3, #100	@ 0x64
1000095a:	425b      	negs	r3, r3
1000095c:	2064      	movs	r0, #100	@ 0x64
1000095e:	4698      	mov	r8, r3
10000960:	464b      	mov	r3, r9
10000962:	2164      	movs	r1, #100	@ 0x64
10000964:	4358      	muls	r0, r3
10000966:	f002 f9eb 	bl	10002d40 <__wrap___aeabi_uidiv>
1000096a:	087b      	lsrs	r3, r7, #1
1000096c:	2f1f      	cmp	r7, #31
1000096e:	d8ef      	bhi.n	10000950 <mc_backward+0xc0>
10000970:	2207      	movs	r2, #7
10000972:	401a      	ands	r2, r3
10000974:	4644      	mov	r4, r8
10000976:	0093      	lsls	r3, r2, #2
10000978:	189b      	adds	r3, r3, r2
1000097a:	4a20      	ldr	r2, [pc, #128]	@ (100009fc <mc_backward+0x16c>)
1000097c:	009b      	lsls	r3, r3, #2
1000097e:	189a      	adds	r2, r3, r2
10000980:	6811      	ldr	r1, [r2, #0]
10000982:	4d1f      	ldr	r5, [pc, #124]	@ (10000a00 <mc_backward+0x170>)
10000984:	07fa      	lsls	r2, r7, #31
10000986:	17d2      	asrs	r2, r2, #31
10000988:	406a      	eors	r2, r5
1000098a:	400a      	ands	r2, r1
1000098c:	491d      	ldr	r1, [pc, #116]	@ (10000a04 <mc_backward+0x174>)
1000098e:	185b      	adds	r3, r3, r1
10000990:	601a      	str	r2, [r3, #0]
10000992:	1e63      	subs	r3, r4, #1
10000994:	419c      	sbcs	r4, r3
10000996:	4264      	negs	r4, r4
10000998:	4020      	ands	r0, r4
1000099a:	0873      	lsrs	r3, r6, #1
1000099c:	2e1f      	cmp	r6, #31
1000099e:	d824      	bhi.n	100009ea <mc_backward+0x15a>
100009a0:	2207      	movs	r2, #7
100009a2:	401a      	ands	r2, r3
100009a4:	0093      	lsls	r3, r2, #2
100009a6:	189b      	adds	r3, r3, r2
100009a8:	4a14      	ldr	r2, [pc, #80]	@ (100009fc <mc_backward+0x16c>)
100009aa:	009b      	lsls	r3, r3, #2
100009ac:	189b      	adds	r3, r3, r2
100009ae:	07f6      	lsls	r6, r6, #31
100009b0:	d519      	bpl.n	100009e6 <mc_backward+0x156>
100009b2:	4a15      	ldr	r2, [pc, #84]	@ (10000a08 <mc_backward+0x178>)
100009b4:	0400      	lsls	r0, r0, #16
100009b6:	6819      	ldr	r1, [r3, #0]
100009b8:	4041      	eors	r1, r0
100009ba:	400a      	ands	r2, r1
100009bc:	2180      	movs	r1, #128	@ 0x80
100009be:	0149      	lsls	r1, r1, #5
100009c0:	185b      	adds	r3, r3, r1
100009c2:	601a      	str	r2, [r3, #0]
100009c4:	bce0      	pop	{r5, r6, r7}
100009c6:	46ba      	mov	sl, r7
100009c8:	46b1      	mov	r9, r6
100009ca:	46a8      	mov	r8, r5
100009cc:	bdf0      	pop	{r4, r5, r6, r7, pc}
100009ce:	2203      	movs	r2, #3
100009d0:	401a      	ands	r2, r3
100009d2:	3208      	adds	r2, #8
100009d4:	0093      	lsls	r3, r2, #2
100009d6:	189b      	adds	r3, r3, r2
100009d8:	4a08      	ldr	r2, [pc, #32]	@ (100009fc <mc_backward+0x16c>)
100009da:	009b      	lsls	r3, r3, #2
100009dc:	189b      	adds	r3, r3, r2
100009de:	07ff      	lsls	r7, r7, #31
100009e0:	d4a1      	bmi.n	10000926 <mc_backward+0x96>
100009e2:	4a07      	ldr	r2, [pc, #28]	@ (10000a00 <mc_backward+0x170>)
100009e4:	e7a1      	b.n	1000092a <mc_backward+0x9a>
100009e6:	4a06      	ldr	r2, [pc, #24]	@ (10000a00 <mc_backward+0x170>)
100009e8:	e7e5      	b.n	100009b6 <mc_backward+0x126>
100009ea:	2203      	movs	r2, #3
100009ec:	401a      	ands	r2, r3
100009ee:	3208      	adds	r2, #8
100009f0:	e7d8      	b.n	100009a4 <mc_backward+0x114>
100009f2:	0008      	movs	r0, r1
100009f4:	4692      	mov	sl, r2
100009f6:	e76d      	b.n	100008d4 <mc_backward+0x44>
100009f8:	20001c96 	.word	0x20001c96
100009fc:	4005000c 	.word	0x4005000c
10000a00:	0000ffff 	.word	0x0000ffff
10000a04:	4005100c 	.word	0x4005100c
10000a08:	ffff0000 	.word	0xffff0000

10000a0c <mc_stop>:
10000a0c:	6801      	ldr	r1, [r0, #0]
10000a0e:	b510      	push	{r4, lr}
10000a10:	6842      	ldr	r2, [r0, #4]
10000a12:	084c      	lsrs	r4, r1, #1
10000a14:	291f      	cmp	r1, #31
10000a16:	d84d      	bhi.n	10000ab4 <mc_stop+0xa8>
10000a18:	2307      	movs	r3, #7
10000a1a:	401c      	ands	r4, r3
10000a1c:	00a3      	lsls	r3, r4, #2
10000a1e:	191b      	adds	r3, r3, r4
10000a20:	4c2c      	ldr	r4, [pc, #176]	@ (10000ad4 <mc_stop+0xc8>)
10000a22:	009b      	lsls	r3, r3, #2
10000a24:	191c      	adds	r4, r3, r4
10000a26:	6824      	ldr	r4, [r4, #0]
10000a28:	07c9      	lsls	r1, r1, #31
10000a2a:	46a4      	mov	ip, r4
10000a2c:	4c2a      	ldr	r4, [pc, #168]	@ (10000ad8 <mc_stop+0xcc>)
10000a2e:	17c9      	asrs	r1, r1, #31
10000a30:	4061      	eors	r1, r4
10000a32:	4664      	mov	r4, ip
10000a34:	4021      	ands	r1, r4
10000a36:	4c29      	ldr	r4, [pc, #164]	@ (10000adc <mc_stop+0xd0>)
10000a38:	191b      	adds	r3, r3, r4
10000a3a:	6019      	str	r1, [r3, #0]
10000a3c:	0853      	lsrs	r3, r2, #1
10000a3e:	2a1f      	cmp	r2, #31
10000a40:	d844      	bhi.n	10000acc <mc_stop+0xc0>
10000a42:	2107      	movs	r1, #7
10000a44:	4019      	ands	r1, r3
10000a46:	008b      	lsls	r3, r1, #2
10000a48:	185b      	adds	r3, r3, r1
10000a4a:	4922      	ldr	r1, [pc, #136]	@ (10000ad4 <mc_stop+0xc8>)
10000a4c:	009b      	lsls	r3, r3, #2
10000a4e:	1859      	adds	r1, r3, r1
10000a50:	4c21      	ldr	r4, [pc, #132]	@ (10000ad8 <mc_stop+0xcc>)
10000a52:	07d2      	lsls	r2, r2, #31
10000a54:	6809      	ldr	r1, [r1, #0]
10000a56:	17d2      	asrs	r2, r2, #31
10000a58:	4062      	eors	r2, r4
10000a5a:	400a      	ands	r2, r1
10000a5c:	491f      	ldr	r1, [pc, #124]	@ (10000adc <mc_stop+0xd0>)
10000a5e:	185b      	adds	r3, r3, r1
10000a60:	6881      	ldr	r1, [r0, #8]
10000a62:	601a      	str	r2, [r3, #0]
10000a64:	68c2      	ldr	r2, [r0, #12]
10000a66:	084b      	lsrs	r3, r1, #1
10000a68:	291f      	cmp	r1, #31
10000a6a:	d82b      	bhi.n	10000ac4 <mc_stop+0xb8>
10000a6c:	2007      	movs	r0, #7
10000a6e:	4018      	ands	r0, r3
10000a70:	0083      	lsls	r3, r0, #2
10000a72:	181b      	adds	r3, r3, r0
10000a74:	4817      	ldr	r0, [pc, #92]	@ (10000ad4 <mc_stop+0xc8>)
10000a76:	009b      	lsls	r3, r3, #2
10000a78:	1818      	adds	r0, r3, r0
10000a7a:	4c17      	ldr	r4, [pc, #92]	@ (10000ad8 <mc_stop+0xcc>)
10000a7c:	07c9      	lsls	r1, r1, #31
10000a7e:	6800      	ldr	r0, [r0, #0]
10000a80:	17c9      	asrs	r1, r1, #31
10000a82:	4061      	eors	r1, r4
10000a84:	4001      	ands	r1, r0
10000a86:	4815      	ldr	r0, [pc, #84]	@ (10000adc <mc_stop+0xd0>)
10000a88:	181b      	adds	r3, r3, r0
10000a8a:	6019      	str	r1, [r3, #0]
10000a8c:	0853      	lsrs	r3, r2, #1
10000a8e:	2a1f      	cmp	r2, #31
10000a90:	d814      	bhi.n	10000abc <mc_stop+0xb0>
10000a92:	2107      	movs	r1, #7
10000a94:	4019      	ands	r1, r3
10000a96:	008b      	lsls	r3, r1, #2
10000a98:	185b      	adds	r3, r3, r1
10000a9a:	490e      	ldr	r1, [pc, #56]	@ (10000ad4 <mc_stop+0xc8>)
10000a9c:	009b      	lsls	r3, r3, #2
10000a9e:	480e      	ldr	r0, [pc, #56]	@ (10000ad8 <mc_stop+0xcc>)
10000aa0:	1859      	adds	r1, r3, r1
10000aa2:	07d2      	lsls	r2, r2, #31
10000aa4:	6809      	ldr	r1, [r1, #0]
10000aa6:	17d2      	asrs	r2, r2, #31
10000aa8:	4042      	eors	r2, r0
10000aaa:	400a      	ands	r2, r1
10000aac:	490b      	ldr	r1, [pc, #44]	@ (10000adc <mc_stop+0xd0>)
10000aae:	185b      	adds	r3, r3, r1
10000ab0:	601a      	str	r2, [r3, #0]
10000ab2:	bd10      	pop	{r4, pc}
10000ab4:	2303      	movs	r3, #3
10000ab6:	401c      	ands	r4, r3
10000ab8:	3408      	adds	r4, #8
10000aba:	e7af      	b.n	10000a1c <mc_stop+0x10>
10000abc:	2103      	movs	r1, #3
10000abe:	4019      	ands	r1, r3
10000ac0:	3108      	adds	r1, #8
10000ac2:	e7e8      	b.n	10000a96 <mc_stop+0x8a>
10000ac4:	2003      	movs	r0, #3
10000ac6:	4018      	ands	r0, r3
10000ac8:	3008      	adds	r0, #8
10000aca:	e7d1      	b.n	10000a70 <mc_stop+0x64>
10000acc:	2103      	movs	r1, #3
10000ace:	4019      	ands	r1, r3
10000ad0:	3108      	adds	r1, #8
10000ad2:	e7b8      	b.n	10000a46 <mc_stop+0x3a>
10000ad4:	4005000c 	.word	0x4005000c
10000ad8:	0000ffff 	.word	0x0000ffff
10000adc:	4005100c 	.word	0x4005100c

10000ae0 <mc_turn_left>:
10000ae0:	b5f0      	push	{r4, r5, r6, r7, lr}
10000ae2:	464f      	mov	r7, r9
10000ae4:	46d6      	mov	lr, sl
10000ae6:	4646      	mov	r6, r8
10000ae8:	0005      	movs	r5, r0
10000aea:	4689      	mov	r9, r1
10000aec:	b5c0      	push	{r6, r7, lr}
10000aee:	1c10      	adds	r0, r2, #0
10000af0:	2a64      	cmp	r2, #100	@ 0x64
10000af2:	d900      	bls.n	10000af6 <mc_turn_left+0x16>
10000af4:	2064      	movs	r0, #100	@ 0x64
10000af6:	464c      	mov	r4, r9
10000af8:	b2c0      	uxtb	r0, r0
10000afa:	4360      	muls	r0, r4
10000afc:	2164      	movs	r1, #100	@ 0x64
10000afe:	f002 f91f 	bl	10002d40 <__wrap___aeabi_uidiv>
10000b02:	4243      	negs	r3, r0
10000b04:	b21a      	sxth	r2, r3
10000b06:	b223      	sxth	r3, r4
10000b08:	469a      	mov	sl, r3
10000b0a:	4b4d      	ldr	r3, [pc, #308]	@ (10000c40 <mc_turn_left+0x160>)
10000b0c:	4690      	mov	r8, r2
10000b0e:	881c      	ldrh	r4, [r3, #0]
10000b10:	682f      	ldr	r7, [r5, #0]
10000b12:	0013      	movs	r3, r2
10000b14:	686e      	ldr	r6, [r5, #4]
10000b16:	3264      	adds	r2, #100	@ 0x64
10000b18:	db64      	blt.n	10000be4 <mc_turn_left+0x104>
10000b1a:	2200      	movs	r2, #0
10000b1c:	2b00      	cmp	r3, #0
10000b1e:	d165      	bne.n	10000bec <mc_turn_left+0x10c>
10000b20:	087b      	lsrs	r3, r7, #1
10000b22:	2f1f      	cmp	r7, #31
10000b24:	d86a      	bhi.n	10000bfc <mc_turn_left+0x11c>
10000b26:	2107      	movs	r1, #7
10000b28:	4019      	ands	r1, r3
10000b2a:	008b      	lsls	r3, r1, #2
10000b2c:	185b      	adds	r3, r3, r1
10000b2e:	4945      	ldr	r1, [pc, #276]	@ (10000c44 <mc_turn_left+0x164>)
10000b30:	009b      	lsls	r3, r3, #2
10000b32:	1859      	adds	r1, r3, r1
10000b34:	6808      	ldr	r0, [r1, #0]
10000b36:	07f9      	lsls	r1, r7, #31
10000b38:	4f43      	ldr	r7, [pc, #268]	@ (10000c48 <mc_turn_left+0x168>)
10000b3a:	17c9      	asrs	r1, r1, #31
10000b3c:	4079      	eors	r1, r7
10000b3e:	4001      	ands	r1, r0
10000b40:	4842      	ldr	r0, [pc, #264]	@ (10000c4c <mc_turn_left+0x16c>)
10000b42:	181b      	adds	r3, r3, r0
10000b44:	6019      	str	r1, [r3, #0]
10000b46:	4643      	mov	r3, r8
10000b48:	1e59      	subs	r1, r3, #1
10000b4a:	418b      	sbcs	r3, r1
10000b4c:	425b      	negs	r3, r3
10000b4e:	401a      	ands	r2, r3
10000b50:	0873      	lsrs	r3, r6, #1
10000b52:	2e1f      	cmp	r6, #31
10000b54:	d856      	bhi.n	10000c04 <mc_turn_left+0x124>
10000b56:	2107      	movs	r1, #7
10000b58:	4019      	ands	r1, r3
10000b5a:	008b      	lsls	r3, r1, #2
10000b5c:	185b      	adds	r3, r3, r1
10000b5e:	4939      	ldr	r1, [pc, #228]	@ (10000c44 <mc_turn_left+0x164>)
10000b60:	009b      	lsls	r3, r3, #2
10000b62:	185b      	adds	r3, r3, r1
10000b64:	07f6      	lsls	r6, r6, #31
10000b66:	d557      	bpl.n	10000c18 <mc_turn_left+0x138>
10000b68:	4939      	ldr	r1, [pc, #228]	@ (10000c50 <mc_turn_left+0x170>)
10000b6a:	0412      	lsls	r2, r2, #16
10000b6c:	6818      	ldr	r0, [r3, #0]
10000b6e:	68ae      	ldr	r6, [r5, #8]
10000b70:	4042      	eors	r2, r0
10000b72:	400a      	ands	r2, r1
10000b74:	2180      	movs	r1, #128	@ 0x80
10000b76:	0149      	lsls	r1, r1, #5
10000b78:	185b      	adds	r3, r3, r1
10000b7a:	601a      	str	r2, [r3, #0]
10000b7c:	4653      	mov	r3, sl
10000b7e:	68ed      	ldr	r5, [r5, #12]
10000b80:	2b64      	cmp	r3, #100	@ 0x64
10000b82:	dc02      	bgt.n	10000b8a <mc_turn_left+0xaa>
10000b84:	2b00      	cmp	r3, #0
10000b86:	d153      	bne.n	10000c30 <mc_turn_left+0x150>
10000b88:	2400      	movs	r4, #0
10000b8a:	0873      	lsrs	r3, r6, #1
10000b8c:	2e1f      	cmp	r6, #31
10000b8e:	d84b      	bhi.n	10000c28 <mc_turn_left+0x148>
10000b90:	2207      	movs	r2, #7
10000b92:	401a      	ands	r2, r3
10000b94:	0093      	lsls	r3, r2, #2
10000b96:	189b      	adds	r3, r3, r2
10000b98:	4a2a      	ldr	r2, [pc, #168]	@ (10000c44 <mc_turn_left+0x164>)
10000b9a:	009b      	lsls	r3, r3, #2
10000b9c:	189b      	adds	r3, r3, r2
10000b9e:	07f6      	lsls	r6, r6, #31
10000ba0:	d540      	bpl.n	10000c24 <mc_turn_left+0x144>
10000ba2:	4a2b      	ldr	r2, [pc, #172]	@ (10000c50 <mc_turn_left+0x170>)
10000ba4:	0424      	lsls	r4, r4, #16
10000ba6:	6819      	ldr	r1, [r3, #0]
10000ba8:	4061      	eors	r1, r4
10000baa:	400a      	ands	r2, r1
10000bac:	2180      	movs	r1, #128	@ 0x80
10000bae:	0149      	lsls	r1, r1, #5
10000bb0:	185b      	adds	r3, r3, r1
10000bb2:	601a      	str	r2, [r3, #0]
10000bb4:	086b      	lsrs	r3, r5, #1
10000bb6:	2d1f      	cmp	r5, #31
10000bb8:	d830      	bhi.n	10000c1c <mc_turn_left+0x13c>
10000bba:	2207      	movs	r2, #7
10000bbc:	401a      	ands	r2, r3
10000bbe:	0093      	lsls	r3, r2, #2
10000bc0:	189b      	adds	r3, r3, r2
10000bc2:	4a20      	ldr	r2, [pc, #128]	@ (10000c44 <mc_turn_left+0x164>)
10000bc4:	009b      	lsls	r3, r3, #2
10000bc6:	189a      	adds	r2, r3, r2
10000bc8:	491f      	ldr	r1, [pc, #124]	@ (10000c48 <mc_turn_left+0x168>)
10000bca:	07ed      	lsls	r5, r5, #31
10000bcc:	6812      	ldr	r2, [r2, #0]
10000bce:	17ed      	asrs	r5, r5, #31
10000bd0:	4069      	eors	r1, r5
10000bd2:	400a      	ands	r2, r1
10000bd4:	491d      	ldr	r1, [pc, #116]	@ (10000c4c <mc_turn_left+0x16c>)
10000bd6:	185b      	adds	r3, r3, r1
10000bd8:	601a      	str	r2, [r3, #0]
10000bda:	bce0      	pop	{r5, r6, r7}
10000bdc:	46ba      	mov	sl, r7
10000bde:	46b1      	mov	r9, r6
10000be0:	46a8      	mov	r8, r5
10000be2:	bdf0      	pop	{r4, r5, r6, r7, pc}
10000be4:	2364      	movs	r3, #100	@ 0x64
10000be6:	425b      	negs	r3, r3
10000be8:	2064      	movs	r0, #100	@ 0x64
10000bea:	4698      	mov	r8, r3
10000bec:	2164      	movs	r1, #100	@ 0x64
10000bee:	4360      	muls	r0, r4
10000bf0:	f002 f8a6 	bl	10002d40 <__wrap___aeabi_uidiv>
10000bf4:	087b      	lsrs	r3, r7, #1
10000bf6:	0002      	movs	r2, r0
10000bf8:	2f1f      	cmp	r7, #31
10000bfa:	d994      	bls.n	10000b26 <mc_turn_left+0x46>
10000bfc:	2103      	movs	r1, #3
10000bfe:	4019      	ands	r1, r3
10000c00:	3108      	adds	r1, #8
10000c02:	e792      	b.n	10000b2a <mc_turn_left+0x4a>
10000c04:	2103      	movs	r1, #3
10000c06:	4019      	ands	r1, r3
10000c08:	3108      	adds	r1, #8
10000c0a:	008b      	lsls	r3, r1, #2
10000c0c:	185b      	adds	r3, r3, r1
10000c0e:	490d      	ldr	r1, [pc, #52]	@ (10000c44 <mc_turn_left+0x164>)
10000c10:	009b      	lsls	r3, r3, #2
10000c12:	185b      	adds	r3, r3, r1
10000c14:	07f6      	lsls	r6, r6, #31
10000c16:	d4a7      	bmi.n	10000b68 <mc_turn_left+0x88>
10000c18:	490b      	ldr	r1, [pc, #44]	@ (10000c48 <mc_turn_left+0x168>)
10000c1a:	e7a7      	b.n	10000b6c <mc_turn_left+0x8c>
10000c1c:	2203      	movs	r2, #3
10000c1e:	401a      	ands	r2, r3
10000c20:	3208      	adds	r2, #8
10000c22:	e7cc      	b.n	10000bbe <mc_turn_left+0xde>
10000c24:	4a08      	ldr	r2, [pc, #32]	@ (10000c48 <mc_turn_left+0x168>)
10000c26:	e7be      	b.n	10000ba6 <mc_turn_left+0xc6>
10000c28:	2203      	movs	r2, #3
10000c2a:	401a      	ands	r2, r3
10000c2c:	3208      	adds	r2, #8
10000c2e:	e7b1      	b.n	10000b94 <mc_turn_left+0xb4>
10000c30:	4648      	mov	r0, r9
10000c32:	2164      	movs	r1, #100	@ 0x64
10000c34:	4360      	muls	r0, r4
10000c36:	f002 f883 	bl	10002d40 <__wrap___aeabi_uidiv>
10000c3a:	0004      	movs	r4, r0
10000c3c:	e7a5      	b.n	10000b8a <mc_turn_left+0xaa>
10000c3e:	46c0      	nop			@ (mov r8, r8)
10000c40:	20001c96 	.word	0x20001c96
10000c44:	4005000c 	.word	0x4005000c
10000c48:	0000ffff 	.word	0x0000ffff
10000c4c:	4005100c 	.word	0x4005100c
10000c50:	ffff0000 	.word	0xffff0000

10000c54 <mc_turn_right>:
10000c54:	b5f0      	push	{r4, r5, r6, r7, lr}
10000c56:	4646      	mov	r6, r8
10000c58:	46d6      	mov	lr, sl
10000c5a:	464f      	mov	r7, r9
10000c5c:	0005      	movs	r5, r0
10000c5e:	4688      	mov	r8, r1
10000c60:	b5c0      	push	{r6, r7, lr}
10000c62:	1c10      	adds	r0, r2, #0
10000c64:	2a64      	cmp	r2, #100	@ 0x64
10000c66:	d900      	bls.n	10000c6a <mc_turn_right+0x16>
10000c68:	2064      	movs	r0, #100	@ 0x64
10000c6a:	4646      	mov	r6, r8
10000c6c:	b2c0      	uxtb	r0, r0
10000c6e:	4370      	muls	r0, r6
10000c70:	2164      	movs	r1, #100	@ 0x64
10000c72:	f002 f865 	bl	10002d40 <__wrap___aeabi_uidiv>
10000c76:	4b52      	ldr	r3, [pc, #328]	@ (10000dc0 <mc_turn_right+0x16c>)
10000c78:	4244      	negs	r4, r0
10000c7a:	881b      	ldrh	r3, [r3, #0]
10000c7c:	4681      	mov	r9, r0
10000c7e:	469a      	mov	sl, r3
10000c80:	0018      	movs	r0, r3
10000c82:	4643      	mov	r3, r8
10000c84:	b232      	sxth	r2, r6
10000c86:	682f      	ldr	r7, [r5, #0]
10000c88:	686e      	ldr	r6, [r5, #4]
10000c8a:	b224      	sxth	r4, r4
10000c8c:	2b64      	cmp	r3, #100	@ 0x64
10000c8e:	dc03      	bgt.n	10000c98 <mc_turn_right+0x44>
10000c90:	2000      	movs	r0, #0
10000c92:	2a00      	cmp	r2, #0
10000c94:	d000      	beq.n	10000c98 <mc_turn_right+0x44>
10000c96:	e08c      	b.n	10000db2 <mc_turn_right+0x15e>
10000c98:	087b      	lsrs	r3, r7, #1
10000c9a:	2f1f      	cmp	r7, #31
10000c9c:	d863      	bhi.n	10000d66 <mc_turn_right+0x112>
10000c9e:	2207      	movs	r2, #7
10000ca0:	401a      	ands	r2, r3
10000ca2:	0093      	lsls	r3, r2, #2
10000ca4:	189b      	adds	r3, r3, r2
10000ca6:	4a47      	ldr	r2, [pc, #284]	@ (10000dc4 <mc_turn_right+0x170>)
10000ca8:	009b      	lsls	r3, r3, #2
10000caa:	189b      	adds	r3, r3, r2
10000cac:	07ff      	lsls	r7, r7, #31
10000cae:	d564      	bpl.n	10000d7a <mc_turn_right+0x126>
10000cb0:	4a45      	ldr	r2, [pc, #276]	@ (10000dc8 <mc_turn_right+0x174>)
10000cb2:	0400      	lsls	r0, r0, #16
10000cb4:	6819      	ldr	r1, [r3, #0]
10000cb6:	4041      	eors	r1, r0
10000cb8:	400a      	ands	r2, r1
10000cba:	2180      	movs	r1, #128	@ 0x80
10000cbc:	0149      	lsls	r1, r1, #5
10000cbe:	185b      	adds	r3, r3, r1
10000cc0:	601a      	str	r2, [r3, #0]
10000cc2:	0873      	lsrs	r3, r6, #1
10000cc4:	2e1f      	cmp	r6, #31
10000cc6:	d86a      	bhi.n	10000d9e <mc_turn_right+0x14a>
10000cc8:	2207      	movs	r2, #7
10000cca:	401a      	ands	r2, r3
10000ccc:	0093      	lsls	r3, r2, #2
10000cce:	189b      	adds	r3, r3, r2
10000cd0:	4a3c      	ldr	r2, [pc, #240]	@ (10000dc4 <mc_turn_right+0x170>)
10000cd2:	009b      	lsls	r3, r3, #2
10000cd4:	493d      	ldr	r1, [pc, #244]	@ (10000dcc <mc_turn_right+0x178>)
10000cd6:	189a      	adds	r2, r3, r2
10000cd8:	68af      	ldr	r7, [r5, #8]
10000cda:	6812      	ldr	r2, [r2, #0]
10000cdc:	68ed      	ldr	r5, [r5, #12]
10000cde:	185b      	adds	r3, r3, r1
10000ce0:	07f6      	lsls	r6, r6, #31
10000ce2:	d54c      	bpl.n	10000d7e <mc_turn_right+0x12a>
10000ce4:	0c12      	lsrs	r2, r2, #16
10000ce6:	0412      	lsls	r2, r2, #16
10000ce8:	601a      	str	r2, [r3, #0]
10000cea:	0023      	movs	r3, r4
10000cec:	3364      	adds	r3, #100	@ 0x64
10000cee:	da4c      	bge.n	10000d8a <mc_turn_right+0x136>
10000cf0:	2364      	movs	r3, #100	@ 0x64
10000cf2:	2464      	movs	r4, #100	@ 0x64
10000cf4:	4699      	mov	r9, r3
10000cf6:	4264      	negs	r4, r4
10000cf8:	464b      	mov	r3, r9
10000cfa:	4650      	mov	r0, sl
10000cfc:	2164      	movs	r1, #100	@ 0x64
10000cfe:	4358      	muls	r0, r3
10000d00:	f002 f81e 	bl	10002d40 <__wrap___aeabi_uidiv>
10000d04:	087b      	lsrs	r3, r7, #1
10000d06:	2f1f      	cmp	r7, #31
10000d08:	d845      	bhi.n	10000d96 <mc_turn_right+0x142>
10000d0a:	2207      	movs	r2, #7
10000d0c:	401a      	ands	r2, r3
10000d0e:	0093      	lsls	r3, r2, #2
10000d10:	189b      	adds	r3, r3, r2
10000d12:	4a2c      	ldr	r2, [pc, #176]	@ (10000dc4 <mc_turn_right+0x170>)
10000d14:	009b      	lsls	r3, r3, #2
10000d16:	189a      	adds	r2, r3, r2
10000d18:	6811      	ldr	r1, [r2, #0]
10000d1a:	4e2d      	ldr	r6, [pc, #180]	@ (10000dd0 <mc_turn_right+0x17c>)
10000d1c:	07fa      	lsls	r2, r7, #31
10000d1e:	17d2      	asrs	r2, r2, #31
10000d20:	4072      	eors	r2, r6
10000d22:	400a      	ands	r2, r1
10000d24:	4929      	ldr	r1, [pc, #164]	@ (10000dcc <mc_turn_right+0x178>)
10000d26:	185b      	adds	r3, r3, r1
10000d28:	601a      	str	r2, [r3, #0]
10000d2a:	1e63      	subs	r3, r4, #1
10000d2c:	419c      	sbcs	r4, r3
10000d2e:	4264      	negs	r4, r4
10000d30:	4020      	ands	r0, r4
10000d32:	086b      	lsrs	r3, r5, #1
10000d34:	2d1f      	cmp	r5, #31
10000d36:	d838      	bhi.n	10000daa <mc_turn_right+0x156>
10000d38:	2207      	movs	r2, #7
10000d3a:	401a      	ands	r2, r3
10000d3c:	0093      	lsls	r3, r2, #2
10000d3e:	189b      	adds	r3, r3, r2
10000d40:	4a20      	ldr	r2, [pc, #128]	@ (10000dc4 <mc_turn_right+0x170>)
10000d42:	009b      	lsls	r3, r3, #2
10000d44:	189b      	adds	r3, r3, r2
10000d46:	07ed      	lsls	r5, r5, #31
10000d48:	d52d      	bpl.n	10000da6 <mc_turn_right+0x152>
10000d4a:	4a1f      	ldr	r2, [pc, #124]	@ (10000dc8 <mc_turn_right+0x174>)
10000d4c:	0400      	lsls	r0, r0, #16
10000d4e:	6819      	ldr	r1, [r3, #0]
10000d50:	4041      	eors	r1, r0
10000d52:	400a      	ands	r2, r1
10000d54:	2180      	movs	r1, #128	@ 0x80
10000d56:	0149      	lsls	r1, r1, #5
10000d58:	185b      	adds	r3, r3, r1
10000d5a:	601a      	str	r2, [r3, #0]
10000d5c:	bce0      	pop	{r5, r6, r7}
10000d5e:	46ba      	mov	sl, r7
10000d60:	46b1      	mov	r9, r6
10000d62:	46a8      	mov	r8, r5
10000d64:	bdf0      	pop	{r4, r5, r6, r7, pc}
10000d66:	2203      	movs	r2, #3
10000d68:	401a      	ands	r2, r3
10000d6a:	3208      	adds	r2, #8
10000d6c:	0093      	lsls	r3, r2, #2
10000d6e:	189b      	adds	r3, r3, r2
10000d70:	4a14      	ldr	r2, [pc, #80]	@ (10000dc4 <mc_turn_right+0x170>)
10000d72:	009b      	lsls	r3, r3, #2
10000d74:	189b      	adds	r3, r3, r2
10000d76:	07ff      	lsls	r7, r7, #31
10000d78:	d49a      	bmi.n	10000cb0 <mc_turn_right+0x5c>
10000d7a:	4a15      	ldr	r2, [pc, #84]	@ (10000dd0 <mc_turn_right+0x17c>)
10000d7c:	e79a      	b.n	10000cb4 <mc_turn_right+0x60>
10000d7e:	0412      	lsls	r2, r2, #16
10000d80:	0c12      	lsrs	r2, r2, #16
10000d82:	601a      	str	r2, [r3, #0]
10000d84:	0023      	movs	r3, r4
10000d86:	3364      	adds	r3, #100	@ 0x64
10000d88:	dbb2      	blt.n	10000cf0 <mc_turn_right+0x9c>
10000d8a:	2000      	movs	r0, #0
10000d8c:	2c00      	cmp	r4, #0
10000d8e:	d1b3      	bne.n	10000cf8 <mc_turn_right+0xa4>
10000d90:	087b      	lsrs	r3, r7, #1
10000d92:	2f1f      	cmp	r7, #31
10000d94:	d9b9      	bls.n	10000d0a <mc_turn_right+0xb6>
10000d96:	2203      	movs	r2, #3
10000d98:	401a      	ands	r2, r3
10000d9a:	3208      	adds	r2, #8
10000d9c:	e7b7      	b.n	10000d0e <mc_turn_right+0xba>
10000d9e:	2203      	movs	r2, #3
10000da0:	401a      	ands	r2, r3
10000da2:	3208      	adds	r2, #8
10000da4:	e792      	b.n	10000ccc <mc_turn_right+0x78>
10000da6:	4a0a      	ldr	r2, [pc, #40]	@ (10000dd0 <mc_turn_right+0x17c>)
10000da8:	e7d1      	b.n	10000d4e <mc_turn_right+0xfa>
10000daa:	2203      	movs	r2, #3
10000dac:	401a      	ands	r2, r3
10000dae:	3208      	adds	r2, #8
10000db0:	e7c4      	b.n	10000d3c <mc_turn_right+0xe8>
10000db2:	4640      	mov	r0, r8
10000db4:	4653      	mov	r3, sl
10000db6:	2164      	movs	r1, #100	@ 0x64
10000db8:	4358      	muls	r0, r3
10000dba:	f001 ffc1 	bl	10002d40 <__wrap___aeabi_uidiv>
10000dbe:	e76b      	b.n	10000c98 <mc_turn_right+0x44>
10000dc0:	20001c96 	.word	0x20001c96
10000dc4:	4005000c 	.word	0x4005000c
10000dc8:	ffff0000 	.word	0xffff0000
10000dcc:	4005100c 	.word	0x4005100c
10000dd0:	0000ffff 	.word	0x0000ffff

10000dd4 <mc_spin_left>:
10000dd4:	b5f0      	push	{r4, r5, r6, r7, lr}
10000dd6:	464f      	mov	r7, r9
10000dd8:	0005      	movs	r5, r0
10000dda:	46d6      	mov	lr, sl
10000ddc:	4646      	mov	r6, r8
10000dde:	4b4e      	ldr	r3, [pc, #312]	@ (10000f18 <mc_spin_left+0x144>)
10000de0:	b20a      	sxth	r2, r1
10000de2:	b5c0      	push	{r6, r7, lr}
10000de4:	0008      	movs	r0, r1
10000de6:	468a      	mov	sl, r1
10000de8:	4691      	mov	r9, r2
10000dea:	682f      	ldr	r7, [r5, #0]
10000dec:	686e      	ldr	r6, [r5, #4]
10000dee:	881c      	ldrh	r4, [r3, #0]
10000df0:	2964      	cmp	r1, #100	@ 0x64
10000df2:	dd69      	ble.n	10000ec8 <mc_spin_left+0xf4>
10000df4:	2364      	movs	r3, #100	@ 0x64
10000df6:	425b      	negs	r3, r3
10000df8:	2064      	movs	r0, #100	@ 0x64
10000dfa:	4698      	mov	r8, r3
10000dfc:	2164      	movs	r1, #100	@ 0x64
10000dfe:	4360      	muls	r0, r4
10000e00:	f001 ff9e 	bl	10002d40 <__wrap___aeabi_uidiv>
10000e04:	087b      	lsrs	r3, r7, #1
10000e06:	2f1f      	cmp	r7, #31
10000e08:	d866      	bhi.n	10000ed8 <mc_spin_left+0x104>
10000e0a:	2207      	movs	r2, #7
10000e0c:	401a      	ands	r2, r3
10000e0e:	0093      	lsls	r3, r2, #2
10000e10:	189b      	adds	r3, r3, r2
10000e12:	4a42      	ldr	r2, [pc, #264]	@ (10000f1c <mc_spin_left+0x148>)
10000e14:	009b      	lsls	r3, r3, #2
10000e16:	189a      	adds	r2, r3, r2
10000e18:	6811      	ldr	r1, [r2, #0]
10000e1a:	07fa      	lsls	r2, r7, #31
10000e1c:	4f40      	ldr	r7, [pc, #256]	@ (10000f20 <mc_spin_left+0x14c>)
10000e1e:	17d2      	asrs	r2, r2, #31
10000e20:	407a      	eors	r2, r7
10000e22:	400a      	ands	r2, r1
10000e24:	493f      	ldr	r1, [pc, #252]	@ (10000f24 <mc_spin_left+0x150>)
10000e26:	185b      	adds	r3, r3, r1
10000e28:	601a      	str	r2, [r3, #0]
10000e2a:	4643      	mov	r3, r8
10000e2c:	1e5a      	subs	r2, r3, #1
10000e2e:	4193      	sbcs	r3, r2
10000e30:	425b      	negs	r3, r3
10000e32:	4018      	ands	r0, r3
10000e34:	0873      	lsrs	r3, r6, #1
10000e36:	2e1f      	cmp	r6, #31
10000e38:	d854      	bhi.n	10000ee4 <mc_spin_left+0x110>
10000e3a:	2207      	movs	r2, #7
10000e3c:	401a      	ands	r2, r3
10000e3e:	0093      	lsls	r3, r2, #2
10000e40:	189b      	adds	r3, r3, r2
10000e42:	4a36      	ldr	r2, [pc, #216]	@ (10000f1c <mc_spin_left+0x148>)
10000e44:	009b      	lsls	r3, r3, #2
10000e46:	189b      	adds	r3, r3, r2
10000e48:	07f6      	lsls	r6, r6, #31
10000e4a:	d549      	bpl.n	10000ee0 <mc_spin_left+0x10c>
10000e4c:	4a36      	ldr	r2, [pc, #216]	@ (10000f28 <mc_spin_left+0x154>)
10000e4e:	0400      	lsls	r0, r0, #16
10000e50:	6819      	ldr	r1, [r3, #0]
10000e52:	68ae      	ldr	r6, [r5, #8]
10000e54:	4041      	eors	r1, r0
10000e56:	400a      	ands	r2, r1
10000e58:	2180      	movs	r1, #128	@ 0x80
10000e5a:	0149      	lsls	r1, r1, #5
10000e5c:	185b      	adds	r3, r3, r1
10000e5e:	601a      	str	r2, [r3, #0]
10000e60:	464b      	mov	r3, r9
10000e62:	68ed      	ldr	r5, [r5, #12]
10000e64:	2b64      	cmp	r3, #100	@ 0x64
10000e66:	dc02      	bgt.n	10000e6e <mc_spin_left+0x9a>
10000e68:	2b00      	cmp	r3, #0
10000e6a:	d14d      	bne.n	10000f08 <mc_spin_left+0x134>
10000e6c:	2400      	movs	r4, #0
10000e6e:	0873      	lsrs	r3, r6, #1
10000e70:	2e1f      	cmp	r6, #31
10000e72:	d841      	bhi.n	10000ef8 <mc_spin_left+0x124>
10000e74:	2207      	movs	r2, #7
10000e76:	401a      	ands	r2, r3
10000e78:	0093      	lsls	r3, r2, #2
10000e7a:	189b      	adds	r3, r3, r2
10000e7c:	4a27      	ldr	r2, [pc, #156]	@ (10000f1c <mc_spin_left+0x148>)
10000e7e:	009b      	lsls	r3, r3, #2
10000e80:	189b      	adds	r3, r3, r2
10000e82:	07f6      	lsls	r6, r6, #31
10000e84:	d536      	bpl.n	10000ef4 <mc_spin_left+0x120>
10000e86:	4a28      	ldr	r2, [pc, #160]	@ (10000f28 <mc_spin_left+0x154>)
10000e88:	0424      	lsls	r4, r4, #16
10000e8a:	6819      	ldr	r1, [r3, #0]
10000e8c:	4061      	eors	r1, r4
10000e8e:	400a      	ands	r2, r1
10000e90:	2180      	movs	r1, #128	@ 0x80
10000e92:	0149      	lsls	r1, r1, #5
10000e94:	185b      	adds	r3, r3, r1
10000e96:	601a      	str	r2, [r3, #0]
10000e98:	086b      	lsrs	r3, r5, #1
10000e9a:	2d1f      	cmp	r5, #31
10000e9c:	d826      	bhi.n	10000eec <mc_spin_left+0x118>
10000e9e:	2207      	movs	r2, #7
10000ea0:	401a      	ands	r2, r3
10000ea2:	0093      	lsls	r3, r2, #2
10000ea4:	189b      	adds	r3, r3, r2
10000ea6:	4a1d      	ldr	r2, [pc, #116]	@ (10000f1c <mc_spin_left+0x148>)
10000ea8:	009b      	lsls	r3, r3, #2
10000eaa:	189a      	adds	r2, r3, r2
10000eac:	491c      	ldr	r1, [pc, #112]	@ (10000f20 <mc_spin_left+0x14c>)
10000eae:	07ed      	lsls	r5, r5, #31
10000eb0:	6812      	ldr	r2, [r2, #0]
10000eb2:	17ed      	asrs	r5, r5, #31
10000eb4:	4069      	eors	r1, r5
10000eb6:	400a      	ands	r2, r1
10000eb8:	491a      	ldr	r1, [pc, #104]	@ (10000f24 <mc_spin_left+0x150>)
10000eba:	185b      	adds	r3, r3, r1
10000ebc:	601a      	str	r2, [r3, #0]
10000ebe:	bce0      	pop	{r5, r6, r7}
10000ec0:	46ba      	mov	sl, r7
10000ec2:	46b1      	mov	r9, r6
10000ec4:	46a8      	mov	r8, r5
10000ec6:	bdf0      	pop	{r4, r5, r6, r7, pc}
10000ec8:	2a00      	cmp	r2, #0
10000eca:	d119      	bne.n	10000f00 <mc_spin_left+0x12c>
10000ecc:	2300      	movs	r3, #0
10000ece:	2000      	movs	r0, #0
10000ed0:	4698      	mov	r8, r3
10000ed2:	087b      	lsrs	r3, r7, #1
10000ed4:	2f1f      	cmp	r7, #31
10000ed6:	d998      	bls.n	10000e0a <mc_spin_left+0x36>
10000ed8:	2203      	movs	r2, #3
10000eda:	401a      	ands	r2, r3
10000edc:	3208      	adds	r2, #8
10000ede:	e796      	b.n	10000e0e <mc_spin_left+0x3a>
10000ee0:	4a0f      	ldr	r2, [pc, #60]	@ (10000f20 <mc_spin_left+0x14c>)
10000ee2:	e7b5      	b.n	10000e50 <mc_spin_left+0x7c>
10000ee4:	2203      	movs	r2, #3
10000ee6:	401a      	ands	r2, r3
10000ee8:	3208      	adds	r2, #8
10000eea:	e7a8      	b.n	10000e3e <mc_spin_left+0x6a>
10000eec:	2203      	movs	r2, #3
10000eee:	401a      	ands	r2, r3
10000ef0:	3208      	adds	r2, #8
10000ef2:	e7d6      	b.n	10000ea2 <mc_spin_left+0xce>
10000ef4:	4a0a      	ldr	r2, [pc, #40]	@ (10000f20 <mc_spin_left+0x14c>)
10000ef6:	e7c8      	b.n	10000e8a <mc_spin_left+0xb6>
10000ef8:	2203      	movs	r2, #3
10000efa:	401a      	ands	r2, r3
10000efc:	3208      	adds	r2, #8
10000efe:	e7bb      	b.n	10000e78 <mc_spin_left+0xa4>
10000f00:	4253      	negs	r3, r2
10000f02:	b21b      	sxth	r3, r3
10000f04:	4698      	mov	r8, r3
10000f06:	e779      	b.n	10000dfc <mc_spin_left+0x28>
10000f08:	4650      	mov	r0, sl
10000f0a:	2164      	movs	r1, #100	@ 0x64
10000f0c:	4360      	muls	r0, r4
10000f0e:	f001 ff17 	bl	10002d40 <__wrap___aeabi_uidiv>
10000f12:	0004      	movs	r4, r0
10000f14:	e7ab      	b.n	10000e6e <mc_spin_left+0x9a>
10000f16:	46c0      	nop			@ (mov r8, r8)
10000f18:	20001c96 	.word	0x20001c96
10000f1c:	4005000c 	.word	0x4005000c
10000f20:	0000ffff 	.word	0x0000ffff
10000f24:	4005100c 	.word	0x4005100c
10000f28:	ffff0000 	.word	0xffff0000

10000f2c <mc_spin_right>:
10000f2c:	b5f8      	push	{r3, r4, r5, r6, r7, lr}
10000f2e:	4647      	mov	r7, r8
10000f30:	46ce      	mov	lr, r9
10000f32:	4b4c      	ldr	r3, [pc, #304]	@ (10001064 <mc_spin_right+0x138>)
10000f34:	0006      	movs	r6, r0
10000f36:	881b      	ldrh	r3, [r3, #0]
10000f38:	b580      	push	{r7, lr}
10000f3a:	4698      	mov	r8, r3
10000f3c:	6807      	ldr	r7, [r0, #0]
10000f3e:	6845      	ldr	r5, [r0, #4]
10000f40:	4689      	mov	r9, r1
10000f42:	0018      	movs	r0, r3
10000f44:	b20c      	sxth	r4, r1
10000f46:	000b      	movs	r3, r1
10000f48:	2964      	cmp	r1, #100	@ 0x64
10000f4a:	dc03      	bgt.n	10000f54 <mc_spin_right+0x28>
10000f4c:	2000      	movs	r0, #0
10000f4e:	2c00      	cmp	r4, #0
10000f50:	d000      	beq.n	10000f54 <mc_spin_right+0x28>
10000f52:	e080      	b.n	10001056 <mc_spin_right+0x12a>
10000f54:	087b      	lsrs	r3, r7, #1
10000f56:	2f1f      	cmp	r7, #31
10000f58:	d900      	bls.n	10000f5c <mc_spin_right+0x30>
10000f5a:	e06e      	b.n	1000103a <mc_spin_right+0x10e>
10000f5c:	2207      	movs	r2, #7
10000f5e:	401a      	ands	r2, r3
10000f60:	0093      	lsls	r3, r2, #2
10000f62:	189b      	adds	r3, r3, r2
10000f64:	4a40      	ldr	r2, [pc, #256]	@ (10001068 <mc_spin_right+0x13c>)
10000f66:	009b      	lsls	r3, r3, #2
10000f68:	189b      	adds	r3, r3, r2
10000f6a:	07ff      	lsls	r7, r7, #31
10000f6c:	d563      	bpl.n	10001036 <mc_spin_right+0x10a>
10000f6e:	4a3f      	ldr	r2, [pc, #252]	@ (1000106c <mc_spin_right+0x140>)
10000f70:	0400      	lsls	r0, r0, #16
10000f72:	6819      	ldr	r1, [r3, #0]
10000f74:	4041      	eors	r1, r0
10000f76:	400a      	ands	r2, r1
10000f78:	2180      	movs	r1, #128	@ 0x80
10000f7a:	0149      	lsls	r1, r1, #5
10000f7c:	185b      	adds	r3, r3, r1
10000f7e:	601a      	str	r2, [r3, #0]
10000f80:	086b      	lsrs	r3, r5, #1
10000f82:	2d1f      	cmp	r5, #31
10000f84:	d853      	bhi.n	1000102e <mc_spin_right+0x102>
10000f86:	2207      	movs	r2, #7
10000f88:	401a      	ands	r2, r3
10000f8a:	0093      	lsls	r3, r2, #2
10000f8c:	189b      	adds	r3, r3, r2
10000f8e:	4a36      	ldr	r2, [pc, #216]	@ (10001068 <mc_spin_right+0x13c>)
10000f90:	009b      	lsls	r3, r3, #2
10000f92:	189a      	adds	r2, r3, r2
10000f94:	4936      	ldr	r1, [pc, #216]	@ (10001070 <mc_spin_right+0x144>)
10000f96:	07ed      	lsls	r5, r5, #31
10000f98:	6812      	ldr	r2, [r2, #0]
10000f9a:	17ed      	asrs	r5, r5, #31
10000f9c:	4069      	eors	r1, r5
10000f9e:	400a      	ands	r2, r1
10000fa0:	4934      	ldr	r1, [pc, #208]	@ (10001074 <mc_spin_right+0x148>)
10000fa2:	68f5      	ldr	r5, [r6, #12]
10000fa4:	185b      	adds	r3, r3, r1
10000fa6:	601a      	str	r2, [r3, #0]
10000fa8:	68b3      	ldr	r3, [r6, #8]
10000faa:	001f      	movs	r7, r3
10000fac:	2c64      	cmp	r4, #100	@ 0x64
10000fae:	dd37      	ble.n	10001020 <mc_spin_right+0xf4>
10000fb0:	2464      	movs	r4, #100	@ 0x64
10000fb2:	2064      	movs	r0, #100	@ 0x64
10000fb4:	4264      	negs	r4, r4
10000fb6:	4643      	mov	r3, r8
10000fb8:	2164      	movs	r1, #100	@ 0x64
10000fba:	4358      	muls	r0, r3
10000fbc:	f001 fec0 	bl	10002d40 <__wrap___aeabi_uidiv>
10000fc0:	087b      	lsrs	r3, r7, #1
10000fc2:	2f1f      	cmp	r7, #31
10000fc4:	d843      	bhi.n	1000104e <mc_spin_right+0x122>
10000fc6:	2207      	movs	r2, #7
10000fc8:	401a      	ands	r2, r3
10000fca:	0093      	lsls	r3, r2, #2
10000fcc:	189b      	adds	r3, r3, r2
10000fce:	4a26      	ldr	r2, [pc, #152]	@ (10001068 <mc_spin_right+0x13c>)
10000fd0:	009b      	lsls	r3, r3, #2
10000fd2:	189a      	adds	r2, r3, r2
10000fd4:	6811      	ldr	r1, [r2, #0]
10000fd6:	4e26      	ldr	r6, [pc, #152]	@ (10001070 <mc_spin_right+0x144>)
10000fd8:	07fa      	lsls	r2, r7, #31
10000fda:	17d2      	asrs	r2, r2, #31
10000fdc:	4072      	eors	r2, r6
10000fde:	400a      	ands	r2, r1
10000fe0:	4924      	ldr	r1, [pc, #144]	@ (10001074 <mc_spin_right+0x148>)
10000fe2:	185b      	adds	r3, r3, r1
10000fe4:	601a      	str	r2, [r3, #0]
10000fe6:	1e63      	subs	r3, r4, #1
10000fe8:	419c      	sbcs	r4, r3
10000fea:	4264      	negs	r4, r4
10000fec:	4020      	ands	r0, r4
10000fee:	086b      	lsrs	r3, r5, #1
10000ff0:	2d1f      	cmp	r5, #31
10000ff2:	d828      	bhi.n	10001046 <mc_spin_right+0x11a>
10000ff4:	2207      	movs	r2, #7
10000ff6:	401a      	ands	r2, r3
10000ff8:	0093      	lsls	r3, r2, #2
10000ffa:	189b      	adds	r3, r3, r2
10000ffc:	4a1a      	ldr	r2, [pc, #104]	@ (10001068 <mc_spin_right+0x13c>)
10000ffe:	009b      	lsls	r3, r3, #2
10001000:	189b      	adds	r3, r3, r2
10001002:	07ed      	lsls	r5, r5, #31
10001004:	d51d      	bpl.n	10001042 <mc_spin_right+0x116>
10001006:	4a19      	ldr	r2, [pc, #100]	@ (1000106c <mc_spin_right+0x140>)
10001008:	0400      	lsls	r0, r0, #16
1000100a:	6819      	ldr	r1, [r3, #0]
1000100c:	4041      	eors	r1, r0
1000100e:	400a      	ands	r2, r1
10001010:	2180      	movs	r1, #128	@ 0x80
10001012:	0149      	lsls	r1, r1, #5
10001014:	185b      	adds	r3, r3, r1
10001016:	601a      	str	r2, [r3, #0]
10001018:	bcc0      	pop	{r6, r7}
1000101a:	46b9      	mov	r9, r7
1000101c:	46b0      	mov	r8, r6
1000101e:	bdf8      	pop	{r3, r4, r5, r6, r7, pc}
10001020:	2000      	movs	r0, #0
10001022:	2c00      	cmp	r4, #0
10001024:	d0cc      	beq.n	10000fc0 <mc_spin_right+0x94>
10001026:	4264      	negs	r4, r4
10001028:	4648      	mov	r0, r9
1000102a:	b224      	sxth	r4, r4
1000102c:	e7c3      	b.n	10000fb6 <mc_spin_right+0x8a>
1000102e:	2203      	movs	r2, #3
10001030:	401a      	ands	r2, r3
10001032:	3208      	adds	r2, #8
10001034:	e7a9      	b.n	10000f8a <mc_spin_right+0x5e>
10001036:	4a0e      	ldr	r2, [pc, #56]	@ (10001070 <mc_spin_right+0x144>)
10001038:	e79b      	b.n	10000f72 <mc_spin_right+0x46>
1000103a:	2203      	movs	r2, #3
1000103c:	401a      	ands	r2, r3
1000103e:	3208      	adds	r2, #8
10001040:	e78e      	b.n	10000f60 <mc_spin_right+0x34>
10001042:	4a0b      	ldr	r2, [pc, #44]	@ (10001070 <mc_spin_right+0x144>)
10001044:	e7e1      	b.n	1000100a <mc_spin_right+0xde>
10001046:	2203      	movs	r2, #3
10001048:	401a      	ands	r2, r3
1000104a:	3208      	adds	r2, #8
1000104c:	e7d4      	b.n	10000ff8 <mc_spin_right+0xcc>
1000104e:	2203      	movs	r2, #3
10001050:	401a      	ands	r2, r3
10001052:	3208      	adds	r2, #8
10001054:	e7b9      	b.n	10000fca <mc_spin_right+0x9e>
10001056:	4640      	mov	r0, r8
10001058:	2164      	movs	r1, #100	@ 0x64
1000105a:	4358      	muls	r0, r3
1000105c:	f001 fe70 	bl	10002d40 <__wrap___aeabi_uidiv>
10001060:	e778      	b.n	10000f54 <mc_spin_right+0x28>
10001062:	46c0      	nop			@ (mov r8, r8)
10001064:	20001c96 	.word	0x20001c96
10001068:	4005000c 	.word	0x4005000c
1000106c:	ffff0000 	.word	0xffff0000
10001070:	0000ffff 	.word	0x0000ffff
10001074:	4005100c 	.word	0x4005100c

10001078 <mc_attach_encoders>:
10001078:	b5f0      	push	{r4, r5, r6, r7, lr}
1000107a:	2401      	movs	r4, #1
1000107c:	b083      	sub	sp, #12
1000107e:	001d      	movs	r5, r3
10001080:	9201      	str	r2, [sp, #4]
10001082:	6142      	str	r2, [r0, #20]
10001084:	6183      	str	r3, [r0, #24]
10001086:	9a08      	ldr	r2, [sp, #32]
10001088:	4b20      	ldr	r3, [pc, #128]	@ (1000110c <mc_attach_encoders+0x94>)
1000108a:	6101      	str	r1, [r0, #16]
1000108c:	61c2      	str	r2, [r0, #28]
1000108e:	6018      	str	r0, [r3, #0]
10001090:	0008      	movs	r0, r1
10001092:	000e      	movs	r6, r1
10001094:	f000 fb0a 	bl	100016ac <gpio_init>
10001098:	0023      	movs	r3, r4
1000109a:	27d0      	movs	r7, #208	@ 0xd0
1000109c:	40b3      	lsls	r3, r6
1000109e:	063f      	lsls	r7, r7, #24
100010a0:	0030      	movs	r0, r6
100010a2:	62bb      	str	r3, [r7, #40]	@ 0x28
100010a4:	2200      	movs	r2, #0
100010a6:	2101      	movs	r1, #1
100010a8:	f000 fa54 	bl	10001554 <gpio_set_pulls>
100010ac:	2201      	movs	r2, #1
100010ae:	2104      	movs	r1, #4
100010b0:	0030      	movs	r0, r6
100010b2:	4b17      	ldr	r3, [pc, #92]	@ (10001110 <mc_attach_encoders+0x98>)
100010b4:	f000 fa84 	bl	100015c0 <gpio_set_irq_enabled_with_callback>
100010b8:	9e01      	ldr	r6, [sp, #4]
100010ba:	0030      	movs	r0, r6
100010bc:	f000 faf6 	bl	100016ac <gpio_init>
100010c0:	0023      	movs	r3, r4
100010c2:	40b3      	lsls	r3, r6
100010c4:	0030      	movs	r0, r6
100010c6:	62bb      	str	r3, [r7, #40]	@ 0x28
100010c8:	2200      	movs	r2, #0
100010ca:	2101      	movs	r1, #1
100010cc:	f000 fa42 	bl	10001554 <gpio_set_pulls>
100010d0:	0028      	movs	r0, r5
100010d2:	f000 faeb 	bl	100016ac <gpio_init>
100010d6:	0023      	movs	r3, r4
100010d8:	40ab      	lsls	r3, r5
100010da:	2200      	movs	r2, #0
100010dc:	62bb      	str	r3, [r7, #40]	@ 0x28
100010de:	2101      	movs	r1, #1
100010e0:	0028      	movs	r0, r5
100010e2:	f000 fa37 	bl	10001554 <gpio_set_pulls>
100010e6:	9808      	ldr	r0, [sp, #32]
100010e8:	f000 fae0 	bl	100016ac <gpio_init>
100010ec:	9b08      	ldr	r3, [sp, #32]
100010ee:	9808      	ldr	r0, [sp, #32]
100010f0:	409c      	lsls	r4, r3
100010f2:	2200      	movs	r2, #0
100010f4:	2101      	movs	r1, #1
100010f6:	62bc      	str	r4, [r7, #40]	@ 0x28
100010f8:	f000 fa2c 	bl	10001554 <gpio_set_pulls>
100010fc:	2201      	movs	r2, #1
100010fe:	2104      	movs	r1, #4
10001100:	0028      	movs	r0, r5
10001102:	f000 fa39 	bl	10001578 <gpio_set_irq_enabled>
10001106:	b003      	add	sp, #12
10001108:	bdf0      	pop	{r4, r5, r6, r7, pc}
1000110a:	46c0      	nop			@ (mov r8, r8)
1000110c:	20001b6c 	.word	0x20001b6c
10001110:	10000529 	.word	0x10000529

10001114 <mc_get_motor1_pulses>:
10001114:	6a00      	ldr	r0, [r0, #32]
10001116:	4770      	bx	lr

10001118 <mc_get_motor2_pulses>:
10001118:	6a40      	ldr	r0, [r0, #36]	@ 0x24
1000111a:	4770      	bx	lr

1000111c <mc_set_wheel_geometry>:
1000111c:	b570      	push	{r4, r5, r6, lr}
1000111e:	0004      	movs	r4, r0
10001120:	1c08      	adds	r0, r1, #0
10001122:	4903      	ldr	r1, [pc, #12]	@ (10001130 <mc_set_wheel_geometry+0x14>)
10001124:	0015      	movs	r5, r2
10001126:	f002 f9bc 	bl	100034a2 <__wrap___aeabi_fmul>
1000112a:	6465      	str	r5, [r4, #68]	@ 0x44
1000112c:	6420      	str	r0, [r4, #64]	@ 0x40
1000112e:	bd70      	pop	{r4, r5, r6, pc}
10001130:	40490fdb 	.word	0x40490fdb

10001134 <mc_get_motor1_distance_mm>:
10001134:	b570      	push	{r4, r5, r6, lr}
10001136:	0004      	movs	r4, r0
10001138:	6c65      	ldr	r5, [r4, #68]	@ 0x44
1000113a:	6a00      	ldr	r0, [r0, #32]
1000113c:	2d00      	cmp	r5, #0
1000113e:	d00d      	beq.n	1000115c <mc_get_motor1_distance_mm+0x28>
10001140:	f002 f9ee 	bl	10003520 <__wrap___aeabi_i2f>
10001144:	1c06      	adds	r6, r0, #0
10001146:	0028      	movs	r0, r5
10001148:	f002 f9e5 	bl	10003516 <__wrap___aeabi_ui2f>
1000114c:	1c01      	adds	r1, r0, #0
1000114e:	1c30      	adds	r0, r6, #0
10001150:	f002 f993 	bl	1000347a <__wrap___aeabi_fdiv>
10001154:	6c21      	ldr	r1, [r4, #64]	@ 0x40
10001156:	f002 f9a4 	bl	100034a2 <__wrap___aeabi_fmul>
1000115a:	bd70      	pop	{r4, r5, r6, pc}
1000115c:	2000      	movs	r0, #0
1000115e:	e7fc      	b.n	1000115a <mc_get_motor1_distance_mm+0x26>

10001160 <mc_get_motor2_distance_mm>:
10001160:	b570      	push	{r4, r5, r6, lr}
10001162:	0004      	movs	r4, r0
10001164:	6c65      	ldr	r5, [r4, #68]	@ 0x44
10001166:	6a40      	ldr	r0, [r0, #36]	@ 0x24
10001168:	2d00      	cmp	r5, #0
1000116a:	d00d      	beq.n	10001188 <mc_get_motor2_distance_mm+0x28>
1000116c:	f002 f9d8 	bl	10003520 <__wrap___aeabi_i2f>
10001170:	1c06      	adds	r6, r0, #0
10001172:	0028      	movs	r0, r5
10001174:	f002 f9cf 	bl	10003516 <__wrap___aeabi_ui2f>
10001178:	1c01      	adds	r1, r0, #0
1000117a:	1c30      	adds	r0, r6, #0
1000117c:	f002 f97d 	bl	1000347a <__wrap___aeabi_fdiv>
10001180:	6c21      	ldr	r1, [r4, #64]	@ 0x40
10001182:	f002 f98e 	bl	100034a2 <__wrap___aeabi_fmul>
10001186:	bd70      	pop	{r4, r5, r6, pc}
10001188:	2000      	movs	r0, #0
1000118a:	e7fc      	b.n	10001186 <mc_get_motor2_distance_mm+0x26>

1000118c <mc_get_motor1_speed_mm_s>:
1000118c:	b570      	push	{r4, r5, r6, lr}
1000118e:	6b02      	ldr	r2, [r0, #48]	@ 0x30
10001190:	0004      	movs	r4, r0
10001192:	6b85      	ldr	r5, [r0, #56]	@ 0x38
10001194:	6c40      	ldr	r0, [r0, #68]	@ 0x44
10001196:	2800      	cmp	r0, #0
10001198:	d024      	beq.n	100011e4 <mc_get_motor1_speed_mm_s+0x58>
1000119a:	2d00      	cmp	r5, #0
1000119c:	d022      	beq.n	100011e4 <mc_get_motor1_speed_mm_s+0x58>
1000119e:	4b12      	ldr	r3, [pc, #72]	@ (100011e8 <mc_get_motor1_speed_mm_s+0x5c>)
100011a0:	6a9b      	ldr	r3, [r3, #40]	@ 0x28
100011a2:	1a9b      	subs	r3, r3, r2
100011a4:	4a11      	ldr	r2, [pc, #68]	@ (100011ec <mc_get_motor1_speed_mm_s+0x60>)
100011a6:	4293      	cmp	r3, r2
100011a8:	d81c      	bhi.n	100011e4 <mc_get_motor1_speed_mm_s+0x58>
100011aa:	f002 f9b4 	bl	10003516 <__wrap___aeabi_ui2f>
100011ae:	1c01      	adds	r1, r0, #0
100011b0:	20fe      	movs	r0, #254	@ 0xfe
100011b2:	0580      	lsls	r0, r0, #22
100011b4:	f002 f961 	bl	1000347a <__wrap___aeabi_fdiv>
100011b8:	6c21      	ldr	r1, [r4, #64]	@ 0x40
100011ba:	f002 f972 	bl	100034a2 <__wrap___aeabi_fmul>
100011be:	17eb      	asrs	r3, r5, #31
100011c0:	1c04      	adds	r4, r0, #0
100011c2:	18e8      	adds	r0, r5, r3
100011c4:	4058      	eors	r0, r3
100011c6:	f002 f9a6 	bl	10003516 <__wrap___aeabi_ui2f>
100011ca:	4909      	ldr	r1, [pc, #36]	@ (100011f0 <mc_get_motor1_speed_mm_s+0x64>)
100011cc:	f002 f955 	bl	1000347a <__wrap___aeabi_fdiv>
100011d0:	1c01      	adds	r1, r0, #0
100011d2:	1c20      	adds	r0, r4, #0
100011d4:	f002 f951 	bl	1000347a <__wrap___aeabi_fdiv>
100011d8:	2d00      	cmp	r5, #0
100011da:	da04      	bge.n	100011e6 <mc_get_motor1_speed_mm_s+0x5a>
100011dc:	2380      	movs	r3, #128	@ 0x80
100011de:	061b      	lsls	r3, r3, #24
100011e0:	18c0      	adds	r0, r0, r3
100011e2:	e000      	b.n	100011e6 <mc_get_motor1_speed_mm_s+0x5a>
100011e4:	2000      	movs	r0, #0
100011e6:	bd70      	pop	{r4, r5, r6, pc}
100011e8:	40054000 	.word	0x40054000
100011ec:	0007a120 	.word	0x0007a120
100011f0:	49742400 	.word	0x49742400

100011f4 <mc_get_motor2_speed_mm_s>:
100011f4:	b570      	push	{r4, r5, r6, lr}
100011f6:	6b42      	ldr	r2, [r0, #52]	@ 0x34
100011f8:	0004      	movs	r4, r0
100011fa:	6bc5      	ldr	r5, [r0, #60]	@ 0x3c
100011fc:	6c40      	ldr	r0, [r0, #68]	@ 0x44
100011fe:	2800      	cmp	r0, #0
10001200:	d024      	beq.n	1000124c <mc_get_motor2_speed_mm_s+0x58>
10001202:	2d00      	cmp	r5, #0
10001204:	d022      	beq.n	1000124c <mc_get_motor2_speed_mm_s+0x58>
10001206:	4b12      	ldr	r3, [pc, #72]	@ (10001250 <mc_get_motor2_speed_mm_s+0x5c>)
10001208:	6a9b      	ldr	r3, [r3, #40]	@ 0x28
1000120a:	1a9b      	subs	r3, r3, r2
1000120c:	4a11      	ldr	r2, [pc, #68]	@ (10001254 <mc_get_motor2_speed_mm_s+0x60>)
1000120e:	4293      	cmp	r3, r2
10001210:	d81c      	bhi.n	1000124c <mc_get_motor2_speed_mm_s+0x58>
10001212:	f002 f980 	bl	10003516 <__wrap___aeabi_ui2f>
10001216:	1c01      	adds	r1, r0, #0
10001218:	20fe      	movs	r0, #254	@ 0xfe
1000121a:	0580      	lsls	r0, r0, #22
1000121c:	f002 f92d 	bl	1000347a <__wrap___aeabi_fdiv>
10001220:	6c21      	ldr	r1, [r4, #64]	@ 0x40
10001222:	f002 f93e 	bl	100034a2 <__wrap___aeabi_fmul>
10001226:	17eb      	asrs	r3, r5, #31
10001228:	1c04      	adds	r4, r0, #0
1000122a:	18e8      	adds	r0, r5, r3
1000122c:	4058      	eors	r0, r3
1000122e:	f002 f972 	bl	10003516 <__wrap___aeabi_ui2f>
10001232:	4909      	ldr	r1, [pc, #36]	@ (10001258 <mc_get_motor2_speed_mm_s+0x64>)
10001234:	f002 f921 	bl	1000347a <__wrap___aeabi_fdiv>
10001238:	1c01      	adds	r1, r0, #0
1000123a:	1c20      	adds	r0, r4, #0
1000123c:	f002 f91d 	bl	1000347a <__wrap___aeabi_fdiv>
10001240:	2d00      	cmp	r5, #0
10001242:	da04      	bge.n	1000124e <mc_get_motor2_speed_mm_s+0x5a>
10001244:	2380      	movs	r3, #128	@ 0x80
10001246:	061b      	lsls	r3, r3, #24
10001248:	18c0      	adds	r0, r0, r3
1000124a:	e000      	b.n	1000124e <mc_get_motor2_speed_mm_s+0x5a>
1000124c:	2000      	movs	r0, #0
1000124e:	bd70      	pop	{r4, r5, r6, pc}
10001250:	40054000 	.word	0x40054000
10001254:	0007a120 	.word	0x0007a120
10001258:	49742400 	.word	0x49742400

1000125c <wifi_log_get_dropped_count>:
1000125c:	4b01      	ldr	r3, [pc, #4]	@ (10001264 <wifi_log_get_dropped_count+0x8>)
1000125e:	6818      	ldr	r0, [r3, #0]
10001260:	4770      	bx	lr
10001262:	46c0      	nop			@ (mov r8, r8)
10001264:	20001b70 	.word	0x20001b70

10001268 <gpio_default_irq_handler>:
10001268:	23d0      	movs	r3, #208	@ 0xd0
1000126a:	b5f0      	push	{r4, r5, r6, r7, lr}
1000126c:	46de      	mov	lr, fp
1000126e:	464e      	mov	r6, r9
10001270:	4645      	mov	r5, r8
10001272:	4657      	mov	r7, sl
10001274:	061b      	lsls	r3, r3, #24
10001276:	681a      	ldr	r2, [r3, #0]
10001278:	b5e0      	push	{r5, r6, r7, lr}
1000127a:	4ba6      	ldr	r3, [pc, #664]	@ (10001514 <gpio_default_irq_handler+0x2ac>)
1000127c:	0091      	lsls	r1, r2, #2
1000127e:	4688      	mov	r8, r1
10001280:	5859      	ldr	r1, [r3, r1]
10001282:	0053      	lsls	r3, r2, #1
10001284:	189b      	adds	r3, r3, r2
10001286:	4aa4      	ldr	r2, [pc, #656]	@ (10001518 <gpio_default_irq_handler+0x2b0>)
10001288:	011b      	lsls	r3, r3, #4
1000128a:	b083      	sub	sp, #12
1000128c:	189b      	adds	r3, r3, r2
1000128e:	469b      	mov	fp, r3
10001290:	2600      	movs	r6, #0
10001292:	9101      	str	r1, [sp, #4]
10001294:	2900      	cmp	r1, #0
10001296:	d039      	beq.n	1000130c <gpio_default_irq_handler+0xa4>
10001298:	4ba0      	ldr	r3, [pc, #640]	@ (1000151c <gpio_default_irq_handler+0x2b4>)
1000129a:	270f      	movs	r7, #15
1000129c:	469a      	mov	sl, r3
1000129e:	465a      	mov	r2, fp
100012a0:	08f3      	lsrs	r3, r6, #3
100012a2:	3308      	adds	r3, #8
100012a4:	009b      	lsls	r3, r3, #2
100012a6:	589d      	ldr	r5, [r3, r2]
100012a8:	2301      	movs	r3, #1
100012aa:	0034      	movs	r4, r6
100012ac:	4699      	mov	r9, r3
100012ae:	3608      	adds	r6, #8
100012b0:	2d00      	cmp	r5, #0
100012b2:	d022      	beq.n	100012fa <gpio_default_irq_handler+0x92>
100012b4:	0039      	movs	r1, r7
100012b6:	4029      	ands	r1, r5
100012b8:	092d      	lsrs	r5, r5, #4
100012ba:	2900      	cmp	r1, #0
100012bc:	d01a      	beq.n	100012f4 <gpio_default_irq_handler+0x8c>
100012be:	4653      	mov	r3, sl
100012c0:	4642      	mov	r2, r8
100012c2:	589a      	ldr	r2, [r3, r2]
100012c4:	0023      	movs	r3, r4
100012c6:	40e2      	lsrs	r2, r4
100012c8:	3b20      	subs	r3, #32
100012ca:	17db      	asrs	r3, r3, #31
100012cc:	4013      	ands	r3, r2
100012ce:	464a      	mov	r2, r9
100012d0:	4213      	tst	r3, r2
100012d2:	d10d      	bne.n	100012f0 <gpio_default_irq_handler+0x88>
100012d4:	2207      	movs	r2, #7
100012d6:	0008      	movs	r0, r1
100012d8:	4022      	ands	r2, r4
100012da:	0092      	lsls	r2, r2, #2
100012dc:	4090      	lsls	r0, r2
100012de:	0002      	movs	r2, r0
100012e0:	08e3      	lsrs	r3, r4, #3
100012e2:	488f      	ldr	r0, [pc, #572]	@ (10001520 <gpio_default_irq_handler+0x2b8>)
100012e4:	333c      	adds	r3, #60	@ 0x3c
100012e6:	009b      	lsls	r3, r3, #2
100012e8:	501a      	str	r2, [r3, r0]
100012ea:	0020      	movs	r0, r4
100012ec:	9b01      	ldr	r3, [sp, #4]
100012ee:	4798      	blx	r3
100012f0:	2d00      	cmp	r5, #0
100012f2:	d002      	beq.n	100012fa <gpio_default_irq_handler+0x92>
100012f4:	3401      	adds	r4, #1
100012f6:	42b4      	cmp	r4, r6
100012f8:	d3dc      	bcc.n	100012b4 <gpio_default_irq_handler+0x4c>
100012fa:	2e20      	cmp	r6, #32
100012fc:	d1cf      	bne.n	1000129e <gpio_default_irq_handler+0x36>
100012fe:	b003      	add	sp, #12
10001300:	bcf0      	pop	{r4, r5, r6, r7}
10001302:	46bb      	mov	fp, r7
10001304:	46b2      	mov	sl, r6
10001306:	46a9      	mov	r9, r5
10001308:	46a0      	mov	r8, r4
1000130a:	bdf0      	pop	{r4, r5, r6, r7, pc}
1000130c:	230f      	movs	r3, #15
1000130e:	4a83      	ldr	r2, [pc, #524]	@ (1000151c <gpio_default_irq_handler+0x2b4>)
10001310:	9201      	str	r2, [sp, #4]
10001312:	08cc      	lsrs	r4, r1, #3
10001314:	0022      	movs	r2, r4
10001316:	4658      	mov	r0, fp
10001318:	000f      	movs	r7, r1
1000131a:	3208      	adds	r2, #8
1000131c:	0092      	lsls	r2, r2, #2
1000131e:	5812      	ldr	r2, [r2, r0]
10001320:	3708      	adds	r7, #8
10001322:	2a00      	cmp	r2, #0
10001324:	d100      	bne.n	10001328 <gpio_default_irq_handler+0xc0>
10001326:	e0cd      	b.n	100014c4 <gpio_default_irq_handler+0x25c>
10001328:	0018      	movs	r0, r3
1000132a:	4010      	ands	r0, r2
1000132c:	4684      	mov	ip, r0
1000132e:	0910      	lsrs	r0, r2, #4
10001330:	4213      	tst	r3, r2
10001332:	d01a      	beq.n	1000136a <gpio_default_irq_handler+0x102>
10001334:	4645      	mov	r5, r8
10001336:	9e01      	ldr	r6, [sp, #4]
10001338:	5975      	ldr	r5, [r6, r5]
1000133a:	46aa      	mov	sl, r5
1000133c:	2520      	movs	r5, #32
1000133e:	426d      	negs	r5, r5
10001340:	46a9      	mov	r9, r5
10001342:	4489      	add	r9, r1
10001344:	464d      	mov	r5, r9
10001346:	17ed      	asrs	r5, r5, #31
10001348:	46a9      	mov	r9, r5
1000134a:	4655      	mov	r5, sl
1000134c:	40cd      	lsrs	r5, r1
1000134e:	002e      	movs	r6, r5
10001350:	464d      	mov	r5, r9
10001352:	4035      	ands	r5, r6
10001354:	2601      	movs	r6, #1
10001356:	4235      	tst	r5, r6
10001358:	d104      	bne.n	10001364 <gpio_default_irq_handler+0xfc>
1000135a:	4666      	mov	r6, ip
1000135c:	4d70      	ldr	r5, [pc, #448]	@ (10001520 <gpio_default_irq_handler+0x2b8>)
1000135e:	343c      	adds	r4, #60	@ 0x3c
10001360:	00a4      	lsls	r4, r4, #2
10001362:	5166      	str	r6, [r4, r5]
10001364:	2800      	cmp	r0, #0
10001366:	d100      	bne.n	1000136a <gpio_default_irq_handler+0x102>
10001368:	e0ac      	b.n	100014c4 <gpio_default_irq_handler+0x25c>
1000136a:	001c      	movs	r4, r3
1000136c:	4004      	ands	r4, r0
1000136e:	46a4      	mov	ip, r4
10001370:	0a14      	lsrs	r4, r2, #8
10001372:	4203      	tst	r3, r0
10001374:	d019      	beq.n	100013aa <gpio_default_irq_handler+0x142>
10001376:	1c48      	adds	r0, r1, #1
10001378:	4681      	mov	r9, r0
1000137a:	4640      	mov	r0, r8
1000137c:	9d01      	ldr	r5, [sp, #4]
1000137e:	464e      	mov	r6, r9
10001380:	5828      	ldr	r0, [r5, r0]
10001382:	0005      	movs	r5, r0
10001384:	0008      	movs	r0, r1
10001386:	40f5      	lsrs	r5, r6
10001388:	381f      	subs	r0, #31
1000138a:	17c0      	asrs	r0, r0, #31
1000138c:	4028      	ands	r0, r5
1000138e:	2501      	movs	r5, #1
10001390:	4228      	tst	r0, r5
10001392:	d107      	bne.n	100013a4 <gpio_default_irq_handler+0x13c>
10001394:	4665      	mov	r5, ip
10001396:	012d      	lsls	r5, r5, #4
10001398:	08f0      	lsrs	r0, r6, #3
1000139a:	002e      	movs	r6, r5
1000139c:	303c      	adds	r0, #60	@ 0x3c
1000139e:	4d60      	ldr	r5, [pc, #384]	@ (10001520 <gpio_default_irq_handler+0x2b8>)
100013a0:	0080      	lsls	r0, r0, #2
100013a2:	5146      	str	r6, [r0, r5]
100013a4:	2c00      	cmp	r4, #0
100013a6:	d100      	bne.n	100013aa <gpio_default_irq_handler+0x142>
100013a8:	e08c      	b.n	100014c4 <gpio_default_irq_handler+0x25c>
100013aa:	0018      	movs	r0, r3
100013ac:	4020      	ands	r0, r4
100013ae:	4684      	mov	ip, r0
100013b0:	0b10      	lsrs	r0, r2, #12
100013b2:	4223      	tst	r3, r4
100013b4:	d011      	beq.n	100013da <gpio_default_irq_handler+0x172>
100013b6:	1c8c      	adds	r4, r1, #2
100013b8:	46a1      	mov	r9, r4
100013ba:	4644      	mov	r4, r8
100013bc:	9d01      	ldr	r5, [sp, #4]
100013be:	464e      	mov	r6, r9
100013c0:	592c      	ldr	r4, [r5, r4]
100013c2:	0025      	movs	r5, r4
100013c4:	000c      	movs	r4, r1
100013c6:	40f5      	lsrs	r5, r6
100013c8:	3c1e      	subs	r4, #30
100013ca:	17e4      	asrs	r4, r4, #31
100013cc:	402c      	ands	r4, r5
100013ce:	2501      	movs	r5, #1
100013d0:	422c      	tst	r4, r5
100013d2:	d100      	bne.n	100013d6 <gpio_default_irq_handler+0x16e>
100013d4:	e081      	b.n	100014da <gpio_default_irq_handler+0x272>
100013d6:	2800      	cmp	r0, #0
100013d8:	d074      	beq.n	100014c4 <gpio_default_irq_handler+0x25c>
100013da:	001c      	movs	r4, r3
100013dc:	4004      	ands	r4, r0
100013de:	46a4      	mov	ip, r4
100013e0:	0c14      	lsrs	r4, r2, #16
100013e2:	4203      	tst	r3, r0
100013e4:	d010      	beq.n	10001408 <gpio_default_irq_handler+0x1a0>
100013e6:	1cc8      	adds	r0, r1, #3
100013e8:	4681      	mov	r9, r0
100013ea:	4640      	mov	r0, r8
100013ec:	9d01      	ldr	r5, [sp, #4]
100013ee:	464e      	mov	r6, r9
100013f0:	5828      	ldr	r0, [r5, r0]
100013f2:	0005      	movs	r5, r0
100013f4:	0008      	movs	r0, r1
100013f6:	40f5      	lsrs	r5, r6
100013f8:	381d      	subs	r0, #29
100013fa:	17c0      	asrs	r0, r0, #31
100013fc:	4028      	ands	r0, r5
100013fe:	2501      	movs	r5, #1
10001400:	4228      	tst	r0, r5
10001402:	d073      	beq.n	100014ec <gpio_default_irq_handler+0x284>
10001404:	2c00      	cmp	r4, #0
10001406:	d05d      	beq.n	100014c4 <gpio_default_irq_handler+0x25c>
10001408:	0018      	movs	r0, r3
1000140a:	4020      	ands	r0, r4
1000140c:	4681      	mov	r9, r0
1000140e:	0d10      	lsrs	r0, r2, #20
10001410:	4223      	tst	r3, r4
10001412:	d00e      	beq.n	10001432 <gpio_default_irq_handler+0x1ca>
10001414:	1d0c      	adds	r4, r1, #4
10001416:	46a4      	mov	ip, r4
10001418:	4645      	mov	r5, r8
1000141a:	4c40      	ldr	r4, [pc, #256]	@ (1000151c <gpio_default_irq_handler+0x2b4>)
1000141c:	5964      	ldr	r4, [r4, r5]
1000141e:	4665      	mov	r5, ip
10001420:	40ec      	lsrs	r4, r5
10001422:	0025      	movs	r5, r4
10001424:	000c      	movs	r4, r1
10001426:	3c1c      	subs	r4, #28
10001428:	0fe4      	lsrs	r4, r4, #31
1000142a:	422c      	tst	r4, r5
1000142c:	d067      	beq.n	100014fe <gpio_default_irq_handler+0x296>
1000142e:	2800      	cmp	r0, #0
10001430:	d048      	beq.n	100014c4 <gpio_default_irq_handler+0x25c>
10001432:	001c      	movs	r4, r3
10001434:	4004      	ands	r4, r0
10001436:	46a4      	mov	ip, r4
10001438:	0e14      	lsrs	r4, r2, #24
1000143a:	4203      	tst	r3, r0
1000143c:	d017      	beq.n	1000146e <gpio_default_irq_handler+0x206>
1000143e:	1d48      	adds	r0, r1, #5
10001440:	4681      	mov	r9, r0
10001442:	4645      	mov	r5, r8
10001444:	4835      	ldr	r0, [pc, #212]	@ (1000151c <gpio_default_irq_handler+0x2b4>)
10001446:	5940      	ldr	r0, [r0, r5]
10001448:	464d      	mov	r5, r9
1000144a:	40e8      	lsrs	r0, r5
1000144c:	0005      	movs	r5, r0
1000144e:	0008      	movs	r0, r1
10001450:	381b      	subs	r0, #27
10001452:	0fc0      	lsrs	r0, r0, #31
10001454:	4228      	tst	r0, r5
10001456:	d108      	bne.n	1000146a <gpio_default_irq_handler+0x202>
10001458:	4665      	mov	r5, ip
1000145a:	4648      	mov	r0, r9
1000145c:	052d      	lsls	r5, r5, #20
1000145e:	002e      	movs	r6, r5
10001460:	08c0      	lsrs	r0, r0, #3
10001462:	4d2f      	ldr	r5, [pc, #188]	@ (10001520 <gpio_default_irq_handler+0x2b8>)
10001464:	303c      	adds	r0, #60	@ 0x3c
10001466:	0080      	lsls	r0, r0, #2
10001468:	5146      	str	r6, [r0, r5]
1000146a:	2c00      	cmp	r4, #0
1000146c:	d02a      	beq.n	100014c4 <gpio_default_irq_handler+0x25c>
1000146e:	0018      	movs	r0, r3
10001470:	4020      	ands	r0, r4
10001472:	4684      	mov	ip, r0
10001474:	0f12      	lsrs	r2, r2, #28
10001476:	4223      	tst	r3, r4
10001478:	d029      	beq.n	100014ce <gpio_default_irq_handler+0x266>
1000147a:	4645      	mov	r5, r8
1000147c:	4827      	ldr	r0, [pc, #156]	@ (1000151c <gpio_default_irq_handler+0x2b4>)
1000147e:	1d8c      	adds	r4, r1, #6
10001480:	4682      	mov	sl, r0
10001482:	5940      	ldr	r0, [r0, r5]
10001484:	40e0      	lsrs	r0, r4
10001486:	0005      	movs	r5, r0
10001488:	0008      	movs	r0, r1
1000148a:	381a      	subs	r0, #26
1000148c:	0fc0      	lsrs	r0, r0, #31
1000148e:	4228      	tst	r0, r5
10001490:	d106      	bne.n	100014a0 <gpio_default_irq_handler+0x238>
10001492:	08e0      	lsrs	r0, r4, #3
10001494:	4664      	mov	r4, ip
10001496:	4d22      	ldr	r5, [pc, #136]	@ (10001520 <gpio_default_irq_handler+0x2b8>)
10001498:	303c      	adds	r0, #60	@ 0x3c
1000149a:	0624      	lsls	r4, r4, #24
1000149c:	0080      	lsls	r0, r0, #2
1000149e:	5144      	str	r4, [r0, r5]
100014a0:	3107      	adds	r1, #7
100014a2:	2a00      	cmp	r2, #0
100014a4:	d00e      	beq.n	100014c4 <gpio_default_irq_handler+0x25c>
100014a6:	4650      	mov	r0, sl
100014a8:	4644      	mov	r4, r8
100014aa:	5904      	ldr	r4, [r0, r4]
100014ac:	0008      	movs	r0, r1
100014ae:	40cc      	lsrs	r4, r1
100014b0:	3820      	subs	r0, #32
100014b2:	0fc0      	lsrs	r0, r0, #31
100014b4:	4220      	tst	r0, r4
100014b6:	d105      	bne.n	100014c4 <gpio_default_irq_handler+0x25c>
100014b8:	08c9      	lsrs	r1, r1, #3
100014ba:	4819      	ldr	r0, [pc, #100]	@ (10001520 <gpio_default_irq_handler+0x2b8>)
100014bc:	313c      	adds	r1, #60	@ 0x3c
100014be:	0712      	lsls	r2, r2, #28
100014c0:	0089      	lsls	r1, r1, #2
100014c2:	500a      	str	r2, [r1, r0]
100014c4:	2f20      	cmp	r7, #32
100014c6:	d100      	bne.n	100014ca <gpio_default_irq_handler+0x262>
100014c8:	e719      	b.n	100012fe <gpio_default_irq_handler+0x96>
100014ca:	0039      	movs	r1, r7
100014cc:	e721      	b.n	10001312 <gpio_default_irq_handler+0xaa>
100014ce:	2a00      	cmp	r2, #0
100014d0:	d0f8      	beq.n	100014c4 <gpio_default_irq_handler+0x25c>
100014d2:	4812      	ldr	r0, [pc, #72]	@ (1000151c <gpio_default_irq_handler+0x2b4>)
100014d4:	3107      	adds	r1, #7
100014d6:	4682      	mov	sl, r0
100014d8:	e7e5      	b.n	100014a6 <gpio_default_irq_handler+0x23e>
100014da:	4665      	mov	r5, ip
100014dc:	022d      	lsls	r5, r5, #8
100014de:	08f4      	lsrs	r4, r6, #3
100014e0:	002e      	movs	r6, r5
100014e2:	343c      	adds	r4, #60	@ 0x3c
100014e4:	4d0e      	ldr	r5, [pc, #56]	@ (10001520 <gpio_default_irq_handler+0x2b8>)
100014e6:	00a4      	lsls	r4, r4, #2
100014e8:	5166      	str	r6, [r4, r5]
100014ea:	e774      	b.n	100013d6 <gpio_default_irq_handler+0x16e>
100014ec:	4665      	mov	r5, ip
100014ee:	032d      	lsls	r5, r5, #12
100014f0:	08f0      	lsrs	r0, r6, #3
100014f2:	002e      	movs	r6, r5
100014f4:	303c      	adds	r0, #60	@ 0x3c
100014f6:	4d0a      	ldr	r5, [pc, #40]	@ (10001520 <gpio_default_irq_handler+0x2b8>)
100014f8:	0080      	lsls	r0, r0, #2
100014fa:	5146      	str	r6, [r0, r5]
100014fc:	e782      	b.n	10001404 <gpio_default_irq_handler+0x19c>
100014fe:	464d      	mov	r5, r9
10001500:	4664      	mov	r4, ip
10001502:	042d      	lsls	r5, r5, #16
10001504:	002e      	movs	r6, r5
10001506:	08e4      	lsrs	r4, r4, #3
10001508:	4d05      	ldr	r5, [pc, #20]	@ (10001520 <gpio_default_irq_handler+0x2b8>)
1000150a:	343c      	adds	r4, #60	@ 0x3c
1000150c:	00a4      	lsls	r4, r4, #2
1000150e:	5166      	str	r6, [r4, r5]
10001510:	e78d      	b.n	1000142e <gpio_default_irq_handler+0x1c6>
10001512:	46c0      	nop			@ (mov r8, r8)
10001514:	200016c4 	.word	0x200016c4
10001518:	40014100 	.word	0x40014100
1000151c:	20001b5c 	.word	0x20001b5c
10001520:	40014000 	.word	0x40014000

10001524 <gpio_set_function>:
10001524:	b510      	push	{r4, lr}
10001526:	2440      	movs	r4, #64	@ 0x40
10001528:	4a07      	ldr	r2, [pc, #28]	@ (10001548 <gpio_set_function+0x24>)
1000152a:	0083      	lsls	r3, r0, #2
1000152c:	189a      	adds	r2, r3, r2
1000152e:	6812      	ldr	r2, [r2, #0]
10001530:	00c0      	lsls	r0, r0, #3
10001532:	4054      	eors	r4, r2
10001534:	22c0      	movs	r2, #192	@ 0xc0
10001536:	4022      	ands	r2, r4
10001538:	4c04      	ldr	r4, [pc, #16]	@ (1000154c <gpio_set_function+0x28>)
1000153a:	191b      	adds	r3, r3, r4
1000153c:	601a      	str	r2, [r3, #0]
1000153e:	4b04      	ldr	r3, [pc, #16]	@ (10001550 <gpio_set_function+0x2c>)
10001540:	18c0      	adds	r0, r0, r3
10001542:	6041      	str	r1, [r0, #4]
10001544:	bd10      	pop	{r4, pc}
10001546:	46c0      	nop			@ (mov r8, r8)
10001548:	4001c004 	.word	0x4001c004
1000154c:	4001d004 	.word	0x4001d004
10001550:	40014000 	.word	0x40014000

10001554 <gpio_set_pulls>:
10001554:	4b06      	ldr	r3, [pc, #24]	@ (10001570 <gpio_set_pulls+0x1c>)
10001556:	0080      	lsls	r0, r0, #2
10001558:	18c3      	adds	r3, r0, r3
1000155a:	681b      	ldr	r3, [r3, #0]
1000155c:	00c9      	lsls	r1, r1, #3
1000155e:	0092      	lsls	r2, r2, #2
10001560:	430a      	orrs	r2, r1
10001562:	405a      	eors	r2, r3
10001564:	230c      	movs	r3, #12
10001566:	4013      	ands	r3, r2
10001568:	4a02      	ldr	r2, [pc, #8]	@ (10001574 <gpio_set_pulls+0x20>)
1000156a:	1880      	adds	r0, r0, r2
1000156c:	6003      	str	r3, [r0, #0]
1000156e:	4770      	bx	lr
10001570:	4001c004 	.word	0x4001c004
10001574:	4001d004 	.word	0x4001d004

10001578 <gpio_set_irq_enabled>:
10001578:	23d0      	movs	r3, #208	@ 0xd0
1000157a:	b530      	push	{r4, r5, lr}
1000157c:	2407      	movs	r4, #7
1000157e:	061b      	lsls	r3, r3, #24
10001580:	0015      	movs	r5, r2
10001582:	681a      	ldr	r2, [r3, #0]
10001584:	0053      	lsls	r3, r2, #1
10001586:	189a      	adds	r2, r3, r2
10001588:	08c3      	lsrs	r3, r0, #3
1000158a:	4020      	ands	r0, r4
1000158c:	0080      	lsls	r0, r0, #2
1000158e:	4081      	lsls	r1, r0
10001590:	0018      	movs	r0, r3
10001592:	4c08      	ldr	r4, [pc, #32]	@ (100015b4 <gpio_set_irq_enabled+0x3c>)
10001594:	303c      	adds	r0, #60	@ 0x3c
10001596:	0112      	lsls	r2, r2, #4
10001598:	0080      	lsls	r0, r0, #2
1000159a:	009b      	lsls	r3, r3, #2
1000159c:	5101      	str	r1, [r0, r4]
1000159e:	189b      	adds	r3, r3, r2
100015a0:	2d00      	cmp	r5, #0
100015a2:	d003      	beq.n	100015ac <gpio_set_irq_enabled+0x34>
100015a4:	4a04      	ldr	r2, [pc, #16]	@ (100015b8 <gpio_set_irq_enabled+0x40>)
100015a6:	189b      	adds	r3, r3, r2
100015a8:	6019      	str	r1, [r3, #0]
100015aa:	bd30      	pop	{r4, r5, pc}
100015ac:	4a03      	ldr	r2, [pc, #12]	@ (100015bc <gpio_set_irq_enabled+0x44>)
100015ae:	189b      	adds	r3, r3, r2
100015b0:	6019      	str	r1, [r3, #0]
100015b2:	e7fa      	b.n	100015aa <gpio_set_irq_enabled+0x32>
100015b4:	40014000 	.word	0x40014000
100015b8:	40016100 	.word	0x40016100
100015bc:	40017100 	.word	0x40017100

100015c0 <gpio_set_irq_enabled_with_callback>:
100015c0:	b5f0      	push	{r4, r5, r6, r7, lr}
100015c2:	08c4      	lsrs	r4, r0, #3
100015c4:	4646      	mov	r6, r8
100015c6:	4698      	mov	r8, r3
100015c8:	00a3      	lsls	r3, r4, #2
100015ca:	464f      	mov	r7, r9
100015cc:	4699      	mov	r9, r3
100015ce:	2307      	movs	r3, #7
100015d0:	4003      	ands	r3, r0
100015d2:	25d0      	movs	r5, #208	@ 0xd0
100015d4:	009b      	lsls	r3, r3, #2
100015d6:	46d6      	mov	lr, sl
100015d8:	4099      	lsls	r1, r3
100015da:	062d      	lsls	r5, r5, #24
100015dc:	b5c0      	push	{r6, r7, lr}
100015de:	0017      	movs	r7, r2
100015e0:	000e      	movs	r6, r1
100015e2:	682a      	ldr	r2, [r5, #0]
100015e4:	2f00      	cmp	r7, #0
100015e6:	d11a      	bne.n	1000161e <gpio_set_irq_enabled_with_callback+0x5e>
100015e8:	4b2b      	ldr	r3, [pc, #172]	@ (10001698 <gpio_set_irq_enabled_with_callback+0xd8>)
100015ea:	343c      	adds	r4, #60	@ 0x3c
100015ec:	00a4      	lsls	r4, r4, #2
100015ee:	50e1      	str	r1, [r4, r3]
100015f0:	0053      	lsls	r3, r2, #1
100015f2:	189b      	adds	r3, r3, r2
100015f4:	011b      	lsls	r3, r3, #4
100015f6:	4a29      	ldr	r2, [pc, #164]	@ (1000169c <gpio_set_irq_enabled_with_callback+0xdc>)
100015f8:	444b      	add	r3, r9
100015fa:	189b      	adds	r3, r3, r2
100015fc:	6019      	str	r1, [r3, #0]
100015fe:	682c      	ldr	r4, [r5, #0]
10001600:	4f27      	ldr	r7, [pc, #156]	@ (100016a0 <gpio_set_irq_enabled_with_callback+0xe0>)
10001602:	00a4      	lsls	r4, r4, #2
10001604:	593b      	ldr	r3, [r7, r4]
10001606:	2b00      	cmp	r3, #0
10001608:	d025      	beq.n	10001656 <gpio_set_irq_enabled_with_callback+0x96>
1000160a:	4643      	mov	r3, r8
1000160c:	2b00      	cmp	r3, #0
1000160e:	d038      	beq.n	10001682 <gpio_set_irq_enabled_with_callback+0xc2>
10001610:	4643      	mov	r3, r8
10001612:	513b      	str	r3, [r7, r4]
10001614:	bce0      	pop	{r5, r6, r7}
10001616:	46ba      	mov	sl, r7
10001618:	46b1      	mov	r9, r6
1000161a:	46a8      	mov	r8, r5
1000161c:	bdf0      	pop	{r4, r5, r6, r7, pc}
1000161e:	4f20      	ldr	r7, [pc, #128]	@ (100016a0 <gpio_set_irq_enabled_with_callback+0xe0>)
10001620:	0093      	lsls	r3, r2, #2
10001622:	469a      	mov	sl, r3
10001624:	58fb      	ldr	r3, [r7, r3]
10001626:	2b00      	cmp	r3, #0
10001628:	d01f      	beq.n	1000166a <gpio_set_irq_enabled_with_callback+0xaa>
1000162a:	4643      	mov	r3, r8
1000162c:	2b00      	cmp	r3, #0
1000162e:	d02d      	beq.n	1000168c <gpio_set_irq_enabled_with_callback+0xcc>
10001630:	4653      	mov	r3, sl
10001632:	4641      	mov	r1, r8
10001634:	50f9      	str	r1, [r7, r3]
10001636:	4b18      	ldr	r3, [pc, #96]	@ (10001698 <gpio_set_irq_enabled_with_callback+0xd8>)
10001638:	343c      	adds	r4, #60	@ 0x3c
1000163a:	00a4      	lsls	r4, r4, #2
1000163c:	50e6      	str	r6, [r4, r3]
1000163e:	0053      	lsls	r3, r2, #1
10001640:	189b      	adds	r3, r3, r2
10001642:	011b      	lsls	r3, r3, #4
10001644:	4a17      	ldr	r2, [pc, #92]	@ (100016a4 <gpio_set_irq_enabled_with_callback+0xe4>)
10001646:	444b      	add	r3, r9
10001648:	189b      	adds	r3, r3, r2
1000164a:	2101      	movs	r1, #1
1000164c:	200d      	movs	r0, #13
1000164e:	601e      	str	r6, [r3, #0]
10001650:	f000 f922 	bl	10001898 <irq_set_enabled>
10001654:	e7de      	b.n	10001614 <gpio_set_irq_enabled_with_callback+0x54>
10001656:	4643      	mov	r3, r8
10001658:	2b00      	cmp	r3, #0
1000165a:	d0db      	beq.n	10001614 <gpio_set_irq_enabled_with_callback+0x54>
1000165c:	2200      	movs	r2, #0
1000165e:	200d      	movs	r0, #13
10001660:	4911      	ldr	r1, [pc, #68]	@ (100016a8 <gpio_set_irq_enabled_with_callback+0xe8>)
10001662:	513b      	str	r3, [r7, r4]
10001664:	f000 f97a 	bl	1000195c <irq_add_shared_handler>
10001668:	e7d4      	b.n	10001614 <gpio_set_irq_enabled_with_callback+0x54>
1000166a:	4643      	mov	r3, r8
1000166c:	2b00      	cmp	r3, #0
1000166e:	d0e2      	beq.n	10001636 <gpio_set_irq_enabled_with_callback+0x76>
10001670:	4652      	mov	r2, sl
10001672:	200d      	movs	r0, #13
10001674:	50bb      	str	r3, [r7, r2]
10001676:	490c      	ldr	r1, [pc, #48]	@ (100016a8 <gpio_set_irq_enabled_with_callback+0xe8>)
10001678:	2200      	movs	r2, #0
1000167a:	f000 f96f 	bl	1000195c <irq_add_shared_handler>
1000167e:	682a      	ldr	r2, [r5, #0]
10001680:	e7d9      	b.n	10001636 <gpio_set_irq_enabled_with_callback+0x76>
10001682:	200d      	movs	r0, #13
10001684:	4908      	ldr	r1, [pc, #32]	@ (100016a8 <gpio_set_irq_enabled_with_callback+0xe8>)
10001686:	f000 fa45 	bl	10001b14 <irq_remove_handler>
1000168a:	e7c1      	b.n	10001610 <gpio_set_irq_enabled_with_callback+0x50>
1000168c:	200d      	movs	r0, #13
1000168e:	4906      	ldr	r1, [pc, #24]	@ (100016a8 <gpio_set_irq_enabled_with_callback+0xe8>)
10001690:	f000 fa40 	bl	10001b14 <irq_remove_handler>
10001694:	682a      	ldr	r2, [r5, #0]
10001696:	e7cb      	b.n	10001630 <gpio_set_irq_enabled_with_callback+0x70>
10001698:	40014000 	.word	0x40014000
1000169c:	40017100 	.word	0x40017100
100016a0:	200016c4 	.word	0x200016c4
100016a4:	40016100 	.word	0x40016100
100016a8:	10001269 	.word	0x10001269

100016ac <gpio_init>:
100016ac:	2301      	movs	r3, #1
100016ae:	22d0      	movs	r2, #208	@ 0xd0
100016b0:	4083      	lsls	r3, r0
100016b2:	0612      	lsls	r2, r2, #24
100016b4:	6293      	str	r3, [r2, #40]	@ 0x28
100016b6:	6193      	str	r3, [r2, #24]
100016b8:	4a08      	ldr	r2, [pc, #32]	@ (100016dc <gpio_init+0x30>)
100016ba:	0083      	lsls	r3, r0, #2
100016bc:	189a      	adds	r2, r3, r2
100016be:	6811      	ldr	r1, [r2, #0]
100016c0:	2240      	movs	r2, #64	@ 0x40
100016c2:	4051      	eors	r1, r2
100016c4:	3280      	adds	r2, #128	@ 0x80
100016c6:	400a      	ands	r2, r1
100016c8:	4905      	ldr	r1, [pc, #20]	@ (100016e0 <gpio_init+0x34>)
100016ca:	00c0      	lsls	r0, r0, #3
100016cc:	185b      	adds	r3, r3, r1
100016ce:	601a      	str	r2, [r3, #0]
100016d0:	4b04      	ldr	r3, [pc, #16]	@ (100016e4 <gpio_init+0x38>)
100016d2:	18c0      	adds	r0, r0, r3
100016d4:	2305      	movs	r3, #5
100016d6:	6043      	str	r3, [r0, #4]
100016d8:	4770      	bx	lr
100016da:	46c0      	nop			@ (mov r8, r8)
100016dc:	4001c004 	.word	0x4001c004
100016e0:	4001d004 	.word	0x4001d004
100016e4:	40014000 	.word	0x40014000

100016e8 <rp2040_chip_version>:
100016e8:	2380      	movs	r3, #128	@ 0x80
100016ea:	05db      	lsls	r3, r3, #23
100016ec:	6818      	ldr	r0, [r3, #0]
100016ee:	0f00      	lsrs	r0, r0, #28
100016f0:	4770      	bx	lr
100016f2:	46c0      	nop			@ (mov r8, r8)

100016f4 <panic>:
100016f4:	b40f      	push	{r0, r1, r2, r3}
100016f6:	b500      	push	{lr}
100016f8:	4808      	ldr	r0, [pc, #32]	@ (1000171c <panic+0x28>)
100016fa:	b083      	sub	sp, #12
100016fc:	f003 fcc2 	bl	10005084 <__wrap_puts>
10001700:	9b04      	ldr	r3, [sp, #16]
10001702:	2b00      	cmp	r3, #0
10001704:	d007      	beq.n	10001716 <panic+0x22>
10001706:	a905      	add	r1, sp, #20
10001708:	0018      	movs	r0, r3
1000170a:	9101      	str	r1, [sp, #4]
1000170c:	f003 fb28 	bl	10004d60 <weak_raw_vprintf>
10001710:	4803      	ldr	r0, [pc, #12]	@ (10001720 <panic+0x2c>)
10001712:	f003 fcb7 	bl	10005084 <__wrap_puts>
10001716:	2001      	movs	r0, #1
10001718:	f003 fb3a 	bl	10004d90 <_exit>
1000171c:	10007718 	.word	0x10007718
10001720:	100077ec 	.word	0x100077ec

10001724 <hw_claim_or_assert>:
10001724:	b570      	push	{r4, r5, r6, lr}
10001726:	468c      	mov	ip, r1
10001728:	0016      	movs	r6, r2
1000172a:	f3ef 8410 	mrs	r4, PRIMASK
1000172e:	b672      	cpsid	i
10001730:	490f      	ldr	r1, [pc, #60]	@ (10001770 <hw_claim_or_assert+0x4c>)
10001732:	680b      	ldr	r3, [r1, #0]
10001734:	2b00      	cmp	r3, #0
10001736:	d0fc      	beq.n	10001732 <hw_claim_or_assert+0xe>
10001738:	f3bf 8f5f 	dmb	sy
1000173c:	4663      	mov	r3, ip
1000173e:	08db      	lsrs	r3, r3, #3
10001740:	18c5      	adds	r5, r0, r3
10001742:	2207      	movs	r2, #7
10001744:	5cc0      	ldrb	r0, [r0, r3]
10001746:	4663      	mov	r3, ip
10001748:	401a      	ands	r2, r3
1000174a:	2301      	movs	r3, #1
1000174c:	4093      	lsls	r3, r2
1000174e:	001a      	movs	r2, r3
10001750:	4002      	ands	r2, r0
10001752:	4203      	tst	r3, r0
10001754:	d107      	bne.n	10001766 <hw_claim_or_assert+0x42>
10001756:	4318      	orrs	r0, r3
10001758:	7028      	strb	r0, [r5, #0]
1000175a:	f3bf 8f5f 	dmb	sy
1000175e:	600a      	str	r2, [r1, #0]
10001760:	f384 8810 	msr	PRIMASK, r4
10001764:	bd70      	pop	{r4, r5, r6, pc}
10001766:	4661      	mov	r1, ip
10001768:	0030      	movs	r0, r6
1000176a:	f7ff ffc3 	bl	100016f4 <panic>
1000176e:	46c0      	nop			@ (mov r8, r8)
10001770:	d000012c 	.word	0xd000012c

10001774 <hw_claim_unused_from_range>:
10001774:	b5f8      	push	{r3, r4, r5, r6, r7, lr}
10001776:	46ce      	mov	lr, r9
10001778:	4647      	mov	r7, r8
1000177a:	468c      	mov	ip, r1
1000177c:	b580      	push	{r7, lr}
1000177e:	001c      	movs	r4, r3
10001780:	f3ef 8810 	mrs	r8, PRIMASK
10001784:	b672      	cpsid	i
10001786:	491c      	ldr	r1, [pc, #112]	@ (100017f8 <hw_claim_unused_from_range+0x84>)
10001788:	680b      	ldr	r3, [r1, #0]
1000178a:	2b00      	cmp	r3, #0
1000178c:	d0fc      	beq.n	10001788 <hw_claim_unused_from_range+0x14>
1000178e:	f3bf 8f5f 	dmb	sy
10001792:	42a2      	cmp	r2, r4
10001794:	d821      	bhi.n	100017da <hw_claim_unused_from_range+0x66>
10001796:	2307      	movs	r3, #7
10001798:	4699      	mov	r9, r3
1000179a:	e002      	b.n	100017a2 <hw_claim_unused_from_range+0x2e>
1000179c:	3201      	adds	r2, #1
1000179e:	4294      	cmp	r4, r2
100017a0:	d318      	bcc.n	100017d4 <hw_claim_unused_from_range+0x60>
100017a2:	4649      	mov	r1, r9
100017a4:	2601      	movs	r6, #1
100017a6:	4011      	ands	r1, r2
100017a8:	408e      	lsls	r6, r1
100017aa:	08d3      	lsrs	r3, r2, #3
100017ac:	18c7      	adds	r7, r0, r3
100017ae:	5cc3      	ldrb	r3, [r0, r3]
100017b0:	421e      	tst	r6, r3
100017b2:	d1f3      	bne.n	1000179c <hw_claim_unused_from_range+0x28>
100017b4:	0010      	movs	r0, r2
100017b6:	4333      	orrs	r3, r6
100017b8:	703b      	strb	r3, [r7, #0]
100017ba:	f3bf 8f5f 	dmb	sy
100017be:	2200      	movs	r2, #0
100017c0:	4b0d      	ldr	r3, [pc, #52]	@ (100017f8 <hw_claim_unused_from_range+0x84>)
100017c2:	601a      	str	r2, [r3, #0]
100017c4:	f388 8810 	msr	PRIMASK, r8
100017c8:	2800      	cmp	r0, #0
100017ca:	db0e      	blt.n	100017ea <hw_claim_unused_from_range+0x76>
100017cc:	bcc0      	pop	{r6, r7}
100017ce:	46b9      	mov	r9, r7
100017d0:	46b0      	mov	r8, r6
100017d2:	bdf8      	pop	{r3, r4, r5, r6, r7, pc}
100017d4:	2001      	movs	r0, #1
100017d6:	4240      	negs	r0, r0
100017d8:	e7ef      	b.n	100017ba <hw_claim_unused_from_range+0x46>
100017da:	f3bf 8f5f 	dmb	sy
100017de:	2300      	movs	r3, #0
100017e0:	600b      	str	r3, [r1, #0]
100017e2:	f388 8810 	msr	PRIMASK, r8
100017e6:	2001      	movs	r0, #1
100017e8:	4240      	negs	r0, r0
100017ea:	4663      	mov	r3, ip
100017ec:	2b00      	cmp	r3, #0
100017ee:	d0ed      	beq.n	100017cc <hw_claim_unused_from_range+0x58>
100017f0:	9808      	ldr	r0, [sp, #32]
100017f2:	f7ff ff7f 	bl	100016f4 <panic>
100017f6:	46c0      	nop			@ (mov r8, r8)
100017f8:	d000012c 	.word	0xd000012c

100017fc <next_striped_spin_lock_num>:
100017fc:	4a04      	ldr	r2, [pc, #16]	@ (10001810 <next_striped_spin_lock_num+0x14>)
100017fe:	7810      	ldrb	r0, [r2, #0]
10001800:	1c43      	adds	r3, r0, #1
10001802:	b2db      	uxtb	r3, r3
10001804:	2b17      	cmp	r3, #23
10001806:	d900      	bls.n	1000180a <next_striped_spin_lock_num+0xe>
10001808:	2310      	movs	r3, #16
1000180a:	7013      	strb	r3, [r2, #0]
1000180c:	4770      	bx	lr
1000180e:	46c0      	nop			@ (mov r8, r8)
10001810:	20000f90 	.word	0x20000f90

10001814 <spin_lock_claim_unused>:
10001814:	b500      	push	{lr}
10001816:	4b05      	ldr	r3, [pc, #20]	@ (1000182c <spin_lock_claim_unused+0x18>)
10001818:	b083      	sub	sp, #12
1000181a:	0001      	movs	r1, r0
1000181c:	9300      	str	r3, [sp, #0]
1000181e:	2218      	movs	r2, #24
10001820:	231f      	movs	r3, #31
10001822:	4803      	ldr	r0, [pc, #12]	@ (10001830 <spin_lock_claim_unused+0x1c>)
10001824:	f7ff ffa6 	bl	10001774 <hw_claim_unused_from_range>
10001828:	b003      	add	sp, #12
1000182a:	bd00      	pop	{pc}
1000182c:	10007728 	.word	0x10007728
10001830:	200016d4 	.word	0x200016d4

10001834 <spin_locks_reset>:
10001834:	2100      	movs	r1, #0
10001836:	4b04      	ldr	r3, [pc, #16]	@ (10001848 <spin_locks_reset+0x14>)
10001838:	4a04      	ldr	r2, [pc, #16]	@ (1000184c <spin_locks_reset+0x18>)
1000183a:	f3bf 8f5f 	dmb	sy
1000183e:	c302      	stmia	r3!, {r1}
10001840:	4293      	cmp	r3, r2
10001842:	d1fa      	bne.n	1000183a <spin_locks_reset+0x6>
10001844:	4770      	bx	lr
10001846:	46c0      	nop			@ (mov r8, r8)
10001848:	d0000100 	.word	0xd0000100
1000184c:	d0000180 	.word	0xd0000180

10001850 <runtime_init_per_core_irq_priorities>:
10001850:	4b08      	ldr	r3, [pc, #32]	@ (10001874 <runtime_init_per_core_irq_priorities+0x24>)
10001852:	4a09      	ldr	r2, [pc, #36]	@ (10001878 <runtime_init_per_core_irq_priorities+0x28>)
10001854:	6013      	str	r3, [r2, #0]
10001856:	4a09      	ldr	r2, [pc, #36]	@ (1000187c <runtime_init_per_core_irq_priorities+0x2c>)
10001858:	6013      	str	r3, [r2, #0]
1000185a:	4a09      	ldr	r2, [pc, #36]	@ (10001880 <runtime_init_per_core_irq_priorities+0x30>)
1000185c:	6013      	str	r3, [r2, #0]
1000185e:	4a09      	ldr	r2, [pc, #36]	@ (10001884 <runtime_init_per_core_irq_priorities+0x34>)
10001860:	6013      	str	r3, [r2, #0]
10001862:	4a09      	ldr	r2, [pc, #36]	@ (10001888 <runtime_init_per_core_irq_priorities+0x38>)
10001864:	6013      	str	r3, [r2, #0]
10001866:	4a09      	ldr	r2, [pc, #36]	@ (1000188c <runtime_init_per_core_irq_priorities+0x3c>)
10001868:	6013      	str	r3, [r2, #0]
1000186a:	4a09      	ldr	r2, [pc, #36]	@ (10001890 <runtime_init_per_core_irq_priorities+0x40>)
1000186c:	6013      	str	r3, [r2, #0]
1000186e:	4a09      	ldr	r2, [pc, #36]	@ (10001894 <runtime_init_per_core_irq_priorities+0x44>)
10001870:	6013      	str	r3, [r2, #0]
10001872:	4770      	bx	lr
10001874:	80808080 	.word	0x80808080
10001878:	e000e400 	.word	0xe000e400
1000187c:	e000e404 	.word	0xe000e404
10001880:	e000e408 	.word	0xe000e408
10001884:	e000e40c 	.word	0xe000e40c
10001888:	e000e410 	.word	0xe000e410
1000188c:	e000e414 	.word	0xe000e414
10001890:	e000e418 	.word	0xe000e418
10001894:	e000e41c 	.word	0xe000e41c

10001898 <irq_set_enabled>:
10001898:	231f      	movs	r3, #31
1000189a:	4018      	ands	r0, r3
1000189c:	3b1e      	subs	r3, #30
1000189e:	4083      	lsls	r3, r0
100018a0:	2900      	cmp	r1, #0
100018a2:	d005      	beq.n	100018b0 <irq_set_enabled+0x18>
100018a4:	21c0      	movs	r1, #192	@ 0xc0
100018a6:	4a04      	ldr	r2, [pc, #16]	@ (100018b8 <irq_set_enabled+0x20>)
100018a8:	0049      	lsls	r1, r1, #1
100018aa:	5053      	str	r3, [r2, r1]
100018ac:	6013      	str	r3, [r2, #0]
100018ae:	4770      	bx	lr
100018b0:	2280      	movs	r2, #128	@ 0x80
100018b2:	4901      	ldr	r1, [pc, #4]	@ (100018b8 <irq_set_enabled+0x20>)
100018b4:	508b      	str	r3, [r1, r2]
100018b6:	e7fa      	b.n	100018ae <irq_set_enabled+0x16>
100018b8:	e000e100 	.word	0xe000e100

100018bc <irq_is_enabled>:
100018bc:	2201      	movs	r2, #1
100018be:	4082      	lsls	r2, r0
100018c0:	4b03      	ldr	r3, [pc, #12]	@ (100018d0 <irq_is_enabled+0x14>)
100018c2:	681b      	ldr	r3, [r3, #0]
100018c4:	4013      	ands	r3, r2
100018c6:	1e5a      	subs	r2, r3, #1
100018c8:	4193      	sbcs	r3, r2
100018ca:	b2d8      	uxtb	r0, r3
100018cc:	4770      	bx	lr
100018ce:	46c0      	nop			@ (mov r8, r8)
100018d0:	e000e100 	.word	0xe000e100

100018d4 <irq_set_pending>:
100018d4:	2301      	movs	r3, #1
100018d6:	2280      	movs	r2, #128	@ 0x80
100018d8:	4083      	lsls	r3, r0
100018da:	4902      	ldr	r1, [pc, #8]	@ (100018e4 <irq_set_pending+0x10>)
100018dc:	0052      	lsls	r2, r2, #1
100018de:	508b      	str	r3, [r1, r2]
100018e0:	4770      	bx	lr
100018e2:	46c0      	nop			@ (mov r8, r8)
100018e4:	e000e100 	.word	0xe000e100

100018e8 <irq_has_shared_handler>:
100018e8:	4b05      	ldr	r3, [pc, #20]	@ (10001900 <irq_has_shared_handler+0x18>)
100018ea:	3010      	adds	r0, #16
100018ec:	689b      	ldr	r3, [r3, #8]
100018ee:	0080      	lsls	r0, r0, #2
100018f0:	58c3      	ldr	r3, [r0, r3]
100018f2:	4a04      	ldr	r2, [pc, #16]	@ (10001904 <irq_has_shared_handler+0x1c>)
100018f4:	2000      	movs	r0, #0
100018f6:	1a9b      	subs	r3, r3, r2
100018f8:	2247      	movs	r2, #71	@ 0x47
100018fa:	429a      	cmp	r2, r3
100018fc:	4140      	adcs	r0, r0
100018fe:	4770      	bx	lr
10001900:	e000ed00 	.word	0xe000ed00
10001904:	20000f94 	.word	0x20000f94

10001908 <irq_set_exclusive_handler>:
10001908:	b510      	push	{r4, lr}
1000190a:	f3ef 8c10 	mrs	ip, PRIMASK
1000190e:	b672      	cpsid	i
10001910:	4a0f      	ldr	r2, [pc, #60]	@ (10001950 <irq_set_exclusive_handler+0x48>)
10001912:	6813      	ldr	r3, [r2, #0]
10001914:	2b00      	cmp	r3, #0
10001916:	d0fc      	beq.n	10001912 <irq_set_exclusive_handler+0xa>
10001918:	f3bf 8f5f 	dmb	sy
1000191c:	4b0d      	ldr	r3, [pc, #52]	@ (10001954 <irq_set_exclusive_handler+0x4c>)
1000191e:	3010      	adds	r0, #16
10001920:	689b      	ldr	r3, [r3, #8]
10001922:	0080      	lsls	r0, r0, #2
10001924:	581b      	ldr	r3, [r3, r0]
10001926:	4a0c      	ldr	r2, [pc, #48]	@ (10001958 <irq_set_exclusive_handler+0x50>)
10001928:	4293      	cmp	r3, r2
1000192a:	d001      	beq.n	10001930 <irq_set_exclusive_handler+0x28>
1000192c:	4299      	cmp	r1, r3
1000192e:	d10c      	bne.n	1000194a <irq_set_exclusive_handler+0x42>
10001930:	4b08      	ldr	r3, [pc, #32]	@ (10001954 <irq_set_exclusive_handler+0x4c>)
10001932:	689b      	ldr	r3, [r3, #8]
10001934:	5019      	str	r1, [r3, r0]
10001936:	f3bf 8f5f 	dmb	sy
1000193a:	f3bf 8f5f 	dmb	sy
1000193e:	2200      	movs	r2, #0
10001940:	4b03      	ldr	r3, [pc, #12]	@ (10001950 <irq_set_exclusive_handler+0x48>)
10001942:	601a      	str	r2, [r3, #0]
10001944:	f38c 8810 	msr	PRIMASK, ip
10001948:	bd10      	pop	{r4, pc}
1000194a:	f001 f8a7 	bl	10002a9c <hard_assertion_failure>
1000194e:	46c0      	nop			@ (mov r8, r8)
10001950:	d0000124 	.word	0xd0000124
10001954:	e000ed00 	.word	0xe000ed00
10001958:	100001c1 	.word	0x100001c1

1000195c <irq_add_shared_handler>:
1000195c:	b5f0      	push	{r4, r5, r6, r7, lr}
1000195e:	46de      	mov	lr, fp
10001960:	4657      	mov	r7, sl
10001962:	464e      	mov	r6, r9
10001964:	4645      	mov	r5, r8
10001966:	b5e0      	push	{r5, r6, r7, lr}
10001968:	468b      	mov	fp, r1
1000196a:	b085      	sub	sp, #20
1000196c:	f3ef 8810 	mrs	r8, PRIMASK
10001970:	b672      	cpsid	i
10001972:	0016      	movs	r6, r2
10001974:	4a5b      	ldr	r2, [pc, #364]	@ (10001ae4 <irq_add_shared_handler+0x188>)
10001976:	6813      	ldr	r3, [r2, #0]
10001978:	2b00      	cmp	r3, #0
1000197a:	d0fc      	beq.n	10001976 <irq_add_shared_handler+0x1a>
1000197c:	46b2      	mov	sl, r6
1000197e:	f3bf 8f5f 	dmb	sy
10001982:	2500      	movs	r5, #0
10001984:	4958      	ldr	r1, [pc, #352]	@ (10001ae8 <irq_add_shared_handler+0x18c>)
10001986:	574d      	ldrsb	r5, [r1, r5]
10001988:	2d00      	cmp	r5, #0
1000198a:	da00      	bge.n	1000198e <irq_add_shared_handler+0x32>
1000198c:	e0a8      	b.n	10001ae0 <irq_add_shared_handler+0x184>
1000198e:	006b      	lsls	r3, r5, #1
10001990:	4a56      	ldr	r2, [pc, #344]	@ (10001aec <irq_add_shared_handler+0x190>)
10001992:	9301      	str	r3, [sp, #4]
10001994:	195b      	adds	r3, r3, r5
10001996:	009b      	lsls	r3, r3, #2
10001998:	18d4      	adds	r4, r2, r3
1000199a:	79a7      	ldrb	r7, [r4, #6]
1000199c:	3010      	adds	r0, #16
1000199e:	700f      	strb	r7, [r1, #0]
100019a0:	4953      	ldr	r1, [pc, #332]	@ (10001af0 <irq_add_shared_handler+0x194>)
100019a2:	0080      	lsls	r0, r0, #2
100019a4:	6889      	ldr	r1, [r1, #8]
100019a6:	4684      	mov	ip, r0
100019a8:	580f      	ldr	r7, [r1, r0]
100019aa:	1ab9      	subs	r1, r7, r2
100019ac:	2947      	cmp	r1, #71	@ 0x47
100019ae:	d833      	bhi.n	10001a18 <irq_add_shared_handler+0xbc>
100019b0:	2001      	movs	r0, #1
100019b2:	0039      	movs	r1, r7
100019b4:	4381      	bics	r1, r0
100019b6:	79ce      	ldrb	r6, [r1, #7]
100019b8:	4556      	cmp	r6, sl
100019ba:	d800      	bhi.n	100019be <irq_add_shared_handler+0x62>
100019bc:	e06a      	b.n	10001a94 <irq_add_shared_handler+0x138>
100019be:	46a1      	mov	r9, r4
100019c0:	4656      	mov	r6, sl
100019c2:	9303      	str	r3, [sp, #12]
100019c4:	e007      	b.n	100019d6 <irq_add_shared_handler+0x7a>
100019c6:	0058      	lsls	r0, r3, #1
100019c8:	18c0      	adds	r0, r0, r3
100019ca:	0080      	lsls	r0, r0, #2
100019cc:	1810      	adds	r0, r2, r0
100019ce:	79c4      	ldrb	r4, [r0, #7]
100019d0:	42b4      	cmp	r4, r6
100019d2:	d94d      	bls.n	10001a70 <irq_add_shared_handler+0x114>
100019d4:	0001      	movs	r1, r0
100019d6:	2306      	movs	r3, #6
100019d8:	56cb      	ldrsb	r3, [r1, r3]
100019da:	2b00      	cmp	r3, #0
100019dc:	daf3      	bge.n	100019c6 <irq_add_shared_handler+0x6a>
100019de:	1d08      	adds	r0, r1, #4
100019e0:	464c      	mov	r4, r9
100019e2:	46b2      	mov	sl, r6
100019e4:	4681      	mov	r9, r0
100019e6:	9302      	str	r3, [sp, #8]
100019e8:	4b42      	ldr	r3, [pc, #264]	@ (10001af4 <irq_add_shared_handler+0x198>)
100019ea:	464e      	mov	r6, r9
100019ec:	3c04      	subs	r4, #4
100019ee:	1ba4      	subs	r4, r4, r6
100019f0:	0524      	lsls	r4, r4, #20
100019f2:	4e41      	ldr	r6, [pc, #260]	@ (10001af8 <irq_add_shared_handler+0x19c>)
100019f4:	0d64      	lsrs	r4, r4, #21
100019f6:	4334      	orrs	r4, r6
100019f8:	808c      	strh	r4, [r1, #4]
100019fa:	718d      	strb	r5, [r1, #6]
100019fc:	9901      	ldr	r1, [sp, #4]
100019fe:	1949      	adds	r1, r1, r5
10001a00:	0089      	lsls	r1, r1, #2
10001a02:	1852      	adds	r2, r2, r1
10001a04:	8093      	strh	r3, [r2, #4]
10001a06:	9b02      	ldr	r3, [sp, #8]
10001a08:	493c      	ldr	r1, [pc, #240]	@ (10001afc <irq_add_shared_handler+0x1a0>)
10001a0a:	7193      	strb	r3, [r2, #6]
10001a0c:	4653      	mov	r3, sl
10001a0e:	71d3      	strb	r3, [r2, #7]
10001a10:	465b      	mov	r3, fp
10001a12:	6011      	str	r1, [r2, #0]
10001a14:	6093      	str	r3, [r2, #8]
10001a16:	e017      	b.n	10001a48 <irq_add_shared_handler+0xec>
10001a18:	4939      	ldr	r1, [pc, #228]	@ (10001b00 <irq_add_shared_handler+0x1a4>)
10001a1a:	428f      	cmp	r7, r1
10001a1c:	d160      	bne.n	10001ae0 <irq_add_shared_handler+0x184>
10001a1e:	4939      	ldr	r1, [pc, #228]	@ (10001b04 <irq_add_shared_handler+0x1a8>)
10001a20:	2701      	movs	r7, #1
10001a22:	52d1      	strh	r1, [r2, r3]
10001a24:	4938      	ldr	r1, [pc, #224]	@ (10001b08 <irq_add_shared_handler+0x1ac>)
10001a26:	3302      	adds	r3, #2
10001a28:	18d3      	adds	r3, r2, r3
10001a2a:	3904      	subs	r1, #4
10001a2c:	1acb      	subs	r3, r1, r3
10001a2e:	4a32      	ldr	r2, [pc, #200]	@ (10001af8 <irq_add_shared_handler+0x19c>)
10001a30:	051b      	lsls	r3, r3, #20
10001a32:	0d5b      	lsrs	r3, r3, #21
10001a34:	4313      	orrs	r3, r2
10001a36:	8063      	strh	r3, [r4, #2]
10001a38:	4b34      	ldr	r3, [pc, #208]	@ (10001b0c <irq_add_shared_handler+0x1b0>)
10001a3a:	71e6      	strb	r6, [r4, #7]
10001a3c:	80a3      	strh	r3, [r4, #4]
10001a3e:	23ff      	movs	r3, #255	@ 0xff
10001a40:	71a3      	strb	r3, [r4, #6]
10001a42:	465b      	mov	r3, fp
10001a44:	4327      	orrs	r7, r4
10001a46:	60a3      	str	r3, [r4, #8]
10001a48:	4662      	mov	r2, ip
10001a4a:	4b29      	ldr	r3, [pc, #164]	@ (10001af0 <irq_add_shared_handler+0x194>)
10001a4c:	689b      	ldr	r3, [r3, #8]
10001a4e:	509f      	str	r7, [r3, r2]
10001a50:	f3bf 8f5f 	dmb	sy
10001a54:	f3bf 8f5f 	dmb	sy
10001a58:	2200      	movs	r2, #0
10001a5a:	4b22      	ldr	r3, [pc, #136]	@ (10001ae4 <irq_add_shared_handler+0x188>)
10001a5c:	601a      	str	r2, [r3, #0]
10001a5e:	f388 8810 	msr	PRIMASK, r8
10001a62:	b005      	add	sp, #20
10001a64:	bcf0      	pop	{r4, r5, r6, r7}
10001a66:	46bb      	mov	fp, r7
10001a68:	46b2      	mov	sl, r6
10001a6a:	46a9      	mov	r9, r5
10001a6c:	46a0      	mov	r8, r4
10001a6e:	bdf0      	pop	{r4, r5, r6, r7, pc}
10001a70:	46b2      	mov	sl, r6
10001a72:	1d0e      	adds	r6, r1, #4
10001a74:	464c      	mov	r4, r9
10001a76:	46b1      	mov	r9, r6
10001a78:	8888      	ldrh	r0, [r1, #4]
10001a7a:	9302      	str	r3, [sp, #8]
10001a7c:	9b03      	ldr	r3, [sp, #12]
10001a7e:	0540      	lsls	r0, r0, #21
10001a80:	1500      	asrs	r0, r0, #20
10001a82:	3304      	adds	r3, #4
10001a84:	4448      	add	r0, r9
10001a86:	18d3      	adds	r3, r2, r3
10001a88:	1ac3      	subs	r3, r0, r3
10001a8a:	051b      	lsls	r3, r3, #20
10001a8c:	481a      	ldr	r0, [pc, #104]	@ (10001af8 <irq_add_shared_handler+0x19c>)
10001a8e:	0d5b      	lsrs	r3, r3, #21
10001a90:	4303      	orrs	r3, r0
10001a92:	e7aa      	b.n	100019ea <irq_add_shared_handler+0x8e>
10001a94:	1c9e      	adds	r6, r3, #2
10001a96:	46b1      	mov	r9, r6
10001a98:	4491      	add	r9, r2
10001a9a:	464e      	mov	r6, r9
10001a9c:	000f      	movs	r7, r1
10001a9e:	4d1c      	ldr	r5, [pc, #112]	@ (10001b10 <irq_add_shared_handler+0x1b4>)
10001aa0:	1abf      	subs	r7, r7, r2
10001aa2:	417f      	adcs	r7, r7
10001aa4:	437d      	muls	r5, r7
10001aa6:	0d2d      	lsrs	r5, r5, #20
10001aa8:	4f16      	ldr	r7, [pc, #88]	@ (10001b04 <irq_add_shared_handler+0x1a8>)
10001aaa:	71a5      	strb	r5, [r4, #6]
10001aac:	52d7      	strh	r7, [r2, r3]
10001aae:	4f16      	ldr	r7, [pc, #88]	@ (10001b08 <irq_add_shared_handler+0x1ac>)
10001ab0:	3304      	adds	r3, #4
10001ab2:	3f04      	subs	r7, #4
10001ab4:	18d3      	adds	r3, r2, r3
10001ab6:	1bbf      	subs	r7, r7, r6
10001ab8:	1acb      	subs	r3, r1, r3
10001aba:	053f      	lsls	r7, r7, #20
10001abc:	3b04      	subs	r3, #4
10001abe:	0d7e      	lsrs	r6, r7, #21
10001ac0:	051b      	lsls	r3, r3, #20
10001ac2:	4f0d      	ldr	r7, [pc, #52]	@ (10001af8 <irq_add_shared_handler+0x19c>)
10001ac4:	0d5b      	lsrs	r3, r3, #21
10001ac6:	433e      	orrs	r6, r7
10001ac8:	431f      	orrs	r7, r3
10001aca:	4653      	mov	r3, sl
10001acc:	71e3      	strb	r3, [r4, #7]
10001ace:	465b      	mov	r3, fp
10001ad0:	60a3      	str	r3, [r4, #8]
10001ad2:	4b0a      	ldr	r3, [pc, #40]	@ (10001afc <irq_add_shared_handler+0x1a0>)
10001ad4:	80a7      	strh	r7, [r4, #4]
10001ad6:	8066      	strh	r6, [r4, #2]
10001ad8:	4304      	orrs	r4, r0
10001ada:	0027      	movs	r7, r4
10001adc:	600b      	str	r3, [r1, #0]
10001ade:	e7b3      	b.n	10001a48 <irq_add_shared_handler+0xec>
10001ae0:	f000 ffdc 	bl	10002a9c <hard_assertion_failure>
10001ae4:	d0000124 	.word	0xd0000124
10001ae8:	20001c9c 	.word	0x20001c9c
10001aec:	20000f94 	.word	0x20000f94
10001af0:	e000ed00 	.word	0xe000ed00
10001af4:	0000bd01 	.word	0x0000bd01
10001af8:	ffffe000 	.word	0xffffe000
10001afc:	47804801 	.word	0x47804801
10001b00:	100001c1 	.word	0x100001c1
10001b04:	ffffa100 	.word	0xffffa100
10001b08:	20000fdc 	.word	0x20000fdc
10001b0c:	ffffbd01 	.word	0xffffbd01
10001b10:	0000aaaa 	.word	0x0000aaaa

10001b14 <irq_remove_handler>:
10001b14:	b5f0      	push	{r4, r5, r6, r7, lr}
10001b16:	46de      	mov	lr, fp
10001b18:	4657      	mov	r7, sl
10001b1a:	464e      	mov	r6, r9
10001b1c:	4645      	mov	r5, r8
10001b1e:	b5e0      	push	{r5, r6, r7, lr}
10001b20:	b083      	sub	sp, #12
10001b22:	f3ef 8910 	mrs	r9, PRIMASK
10001b26:	b672      	cpsid	i
10001b28:	4a5d      	ldr	r2, [pc, #372]	@ (10001ca0 <irq_remove_handler+0x18c>)
10001b2a:	6813      	ldr	r3, [r2, #0]
10001b2c:	2b00      	cmp	r3, #0
10001b2e:	d0fc      	beq.n	10001b2a <irq_remove_handler+0x16>
10001b30:	f3bf 8f5f 	dmb	sy
10001b34:	4b5b      	ldr	r3, [pc, #364]	@ (10001ca4 <irq_remove_handler+0x190>)
10001b36:	4e5c      	ldr	r6, [pc, #368]	@ (10001ca8 <irq_remove_handler+0x194>)
10001b38:	689a      	ldr	r2, [r3, #8]
10001b3a:	0003      	movs	r3, r0
10001b3c:	3310      	adds	r3, #16
10001b3e:	009c      	lsls	r4, r3, #2
10001b40:	5912      	ldr	r2, [r2, r4]
10001b42:	4698      	mov	r8, r3
10001b44:	42b2      	cmp	r2, r6
10001b46:	d03b      	beq.n	10001bc0 <irq_remove_handler+0xac>
10001b48:	428a      	cmp	r2, r1
10001b4a:	d04c      	beq.n	10001be6 <irq_remove_handler+0xd2>
10001b4c:	4f57      	ldr	r7, [pc, #348]	@ (10001cac <irq_remove_handler+0x198>)
10001b4e:	46bc      	mov	ip, r7
10001b50:	1bd7      	subs	r7, r2, r7
10001b52:	2f47      	cmp	r7, #71	@ 0x47
10001b54:	d834      	bhi.n	10001bc0 <irq_remove_handler+0xac>
10001b56:	4b56      	ldr	r3, [pc, #344]	@ (10001cb0 <irq_remove_handler+0x19c>)
10001b58:	271f      	movs	r7, #31
10001b5a:	681d      	ldr	r5, [r3, #0]
10001b5c:	4007      	ands	r7, r0
10001b5e:	46aa      	mov	sl, r5
10001b60:	2501      	movs	r5, #1
10001b62:	40bd      	lsls	r5, r7
10001b64:	2780      	movs	r7, #128	@ 0x80
10001b66:	9501      	str	r5, [sp, #4]
10001b68:	51dd      	str	r5, [r3, r7]
10001b6a:	f3bf 8f5f 	dmb	sy
10001b6e:	f3ef 8505 	mrs	r5, IPSR
10001b72:	46ab      	mov	fp, r5
10001b74:	2d00      	cmp	r5, #0
10001b76:	d138      	bne.n	10001bea <irq_remove_handler+0xd6>
10001b78:	2301      	movs	r3, #1
10001b7a:	001d      	movs	r5, r3
10001b7c:	4085      	lsls	r5, r0
10001b7e:	0028      	movs	r0, r5
10001b80:	4655      	mov	r5, sl
10001b82:	4005      	ands	r5, r0
10001b84:	0010      	movs	r0, r2
10001b86:	4398      	bics	r0, r3
10001b88:	6887      	ldr	r7, [r0, #8]
10001b8a:	46aa      	mov	sl, r5
10001b8c:	42b9      	cmp	r1, r7
10001b8e:	d108      	bne.n	10001ba2 <irq_remove_handler+0x8e>
10001b90:	e07c      	b.n	10001c8c <irq_remove_handler+0x178>
10001b92:	0073      	lsls	r3, r6, #1
10001b94:	199b      	adds	r3, r3, r6
10001b96:	009b      	lsls	r3, r3, #2
10001b98:	4463      	add	r3, ip
10001b9a:	689f      	ldr	r7, [r3, #8]
10001b9c:	42b9      	cmp	r1, r7
10001b9e:	d02d      	beq.n	10001bfc <irq_remove_handler+0xe8>
10001ba0:	0018      	movs	r0, r3
10001ba2:	2606      	movs	r6, #6
10001ba4:	5786      	ldrsb	r6, [r0, r6]
10001ba6:	2e00      	cmp	r6, #0
10001ba8:	daf3      	bge.n	10001b92 <irq_remove_handler+0x7e>
10001baa:	42b9      	cmp	r1, r7
10001bac:	d04c      	beq.n	10001c48 <irq_remove_handler+0x134>
10001bae:	4653      	mov	r3, sl
10001bb0:	2b00      	cmp	r3, #0
10001bb2:	d01e      	beq.n	10001bf2 <irq_remove_handler+0xde>
10001bb4:	21c0      	movs	r1, #192	@ 0xc0
10001bb6:	4b3e      	ldr	r3, [pc, #248]	@ (10001cb0 <irq_remove_handler+0x19c>)
10001bb8:	9801      	ldr	r0, [sp, #4]
10001bba:	0049      	lsls	r1, r1, #1
10001bbc:	5058      	str	r0, [r3, r1]
10001bbe:	6018      	str	r0, [r3, #0]
10001bc0:	4b38      	ldr	r3, [pc, #224]	@ (10001ca4 <irq_remove_handler+0x190>)
10001bc2:	689b      	ldr	r3, [r3, #8]
10001bc4:	511a      	str	r2, [r3, r4]
10001bc6:	f3bf 8f5f 	dmb	sy
10001bca:	f3bf 8f5f 	dmb	sy
10001bce:	2200      	movs	r2, #0
10001bd0:	4b33      	ldr	r3, [pc, #204]	@ (10001ca0 <irq_remove_handler+0x18c>)
10001bd2:	601a      	str	r2, [r3, #0]
10001bd4:	f389 8810 	msr	PRIMASK, r9
10001bd8:	b003      	add	sp, #12
10001bda:	bcf0      	pop	{r4, r5, r6, r7}
10001bdc:	46bb      	mov	fp, r7
10001bde:	46b2      	mov	sl, r6
10001be0:	46a9      	mov	r9, r5
10001be2:	46a0      	mov	r8, r4
10001be4:	bdf0      	pop	{r4, r5, r6, r7, pc}
10001be6:	0032      	movs	r2, r6
10001be8:	e7ea      	b.n	10001bc0 <irq_remove_handler+0xac>
10001bea:	45a8      	cmp	r8, r5
10001bec:	d0c4      	beq.n	10001b78 <irq_remove_handler+0x64>
10001bee:	f000 ff55 	bl	10002a9c <hard_assertion_failure>
10001bf2:	2380      	movs	r3, #128	@ 0x80
10001bf4:	492e      	ldr	r1, [pc, #184]	@ (10001cb0 <irq_remove_handler+0x19c>)
10001bf6:	9801      	ldr	r0, [sp, #4]
10001bf8:	50c8      	str	r0, [r1, r3]
10001bfa:	e7e1      	b.n	10001bc0 <irq_remove_handler+0xac>
10001bfc:	2706      	movs	r7, #6
10001bfe:	57df      	ldrsb	r7, [r3, r7]
10001c00:	2f00      	cmp	r7, #0
10001c02:	db22      	blt.n	10001c4a <irq_remove_handler+0x136>
10001c04:	0079      	lsls	r1, r7, #1
10001c06:	19c8      	adds	r0, r1, r7
10001c08:	0085      	lsls	r5, r0, #2
10001c0a:	002e      	movs	r6, r5
10001c0c:	4466      	add	r6, ip
10001c0e:	68b0      	ldr	r0, [r6, #8]
10001c10:	6098      	str	r0, [r3, #8]
10001c12:	79f0      	ldrb	r0, [r6, #7]
10001c14:	71d8      	strb	r0, [r3, #7]
10001c16:	2006      	movs	r0, #6
10001c18:	5630      	ldrsb	r0, [r6, r0]
10001c1a:	7198      	strb	r0, [r3, #6]
10001c1c:	2800      	cmp	r0, #0
10001c1e:	db26      	blt.n	10001c6e <irq_remove_handler+0x15a>
10001c20:	4660      	mov	r0, ip
10001c22:	88b6      	ldrh	r6, [r6, #4]
10001c24:	1ac0      	subs	r0, r0, r3
10001c26:	0576      	lsls	r6, r6, #21
10001c28:	1536      	asrs	r6, r6, #20
10001c2a:	1976      	adds	r6, r6, r5
10001c2c:	1980      	adds	r0, r0, r6
10001c2e:	0500      	lsls	r0, r0, #20
10001c30:	4e20      	ldr	r6, [pc, #128]	@ (10001cb4 <irq_remove_handler+0x1a0>)
10001c32:	0d40      	lsrs	r0, r0, #21
10001c34:	4330      	orrs	r0, r6
10001c36:	8098      	strh	r0, [r3, #4]
10001c38:	19cb      	adds	r3, r1, r7
10001c3a:	491f      	ldr	r1, [pc, #124]	@ (10001cb8 <irq_remove_handler+0x1a4>)
10001c3c:	009b      	lsls	r3, r3, #2
10001c3e:	7808      	ldrb	r0, [r1, #0]
10001c40:	4463      	add	r3, ip
10001c42:	7198      	strb	r0, [r3, #6]
10001c44:	700f      	strb	r7, [r1, #0]
10001c46:	e7b2      	b.n	10001bae <irq_remove_handler+0x9a>
10001c48:	0003      	movs	r3, r0
10001c4a:	4659      	mov	r1, fp
10001c4c:	2900      	cmp	r1, #0
10001c4e:	d110      	bne.n	10001c72 <irq_remove_handler+0x15e>
10001c50:	31ff      	adds	r1, #255	@ 0xff
10001c52:	7181      	strb	r1, [r0, #6]
10001c54:	4919      	ldr	r1, [pc, #100]	@ (10001cbc <irq_remove_handler+0x1a8>)
10001c56:	8081      	strh	r1, [r0, #4]
10001c58:	4817      	ldr	r0, [pc, #92]	@ (10001cb8 <irq_remove_handler+0x1a4>)
10001c5a:	4665      	mov	r5, ip
10001c5c:	7801      	ldrb	r1, [r0, #0]
10001c5e:	7199      	strb	r1, [r3, #6]
10001c60:	4917      	ldr	r1, [pc, #92]	@ (10001cc0 <irq_remove_handler+0x1ac>)
10001c62:	1b5b      	subs	r3, r3, r5
10001c64:	415b      	adcs	r3, r3
10001c66:	4359      	muls	r1, r3
10001c68:	0d09      	lsrs	r1, r1, #20
10001c6a:	7001      	strb	r1, [r0, #0]
10001c6c:	e79f      	b.n	10001bae <irq_remove_handler+0x9a>
10001c6e:	4813      	ldr	r0, [pc, #76]	@ (10001cbc <irq_remove_handler+0x1a8>)
10001c70:	e7e1      	b.n	10001c36 <irq_remove_handler+0x122>
10001c72:	4914      	ldr	r1, [pc, #80]	@ (10001cc4 <irq_remove_handler+0x1b0>)
10001c74:	4814      	ldr	r0, [pc, #80]	@ (10001cc8 <irq_remove_handler+0x1b4>)
10001c76:	1ac9      	subs	r1, r1, r3
10001c78:	3908      	subs	r1, #8
10001c7a:	024e      	lsls	r6, r1, #9
10001c7c:	0d76      	lsrs	r6, r6, #21
10001c7e:	4330      	orrs	r0, r6
10001c80:	8098      	strh	r0, [r3, #4]
10001c82:	4812      	ldr	r0, [pc, #72]	@ (10001ccc <irq_remove_handler+0x1b8>)
10001c84:	0849      	lsrs	r1, r1, #1
10001c86:	4301      	orrs	r1, r0
10001c88:	80d9      	strh	r1, [r3, #6]
10001c8a:	e790      	b.n	10001bae <irq_remove_handler+0x9a>
10001c8c:	2706      	movs	r7, #6
10001c8e:	57c7      	ldrsb	r7, [r0, r7]
10001c90:	0003      	movs	r3, r0
10001c92:	2f00      	cmp	r7, #0
10001c94:	dab6      	bge.n	10001c04 <irq_remove_handler+0xf0>
10001c96:	4659      	mov	r1, fp
10001c98:	2900      	cmp	r1, #0
10001c9a:	d1ea      	bne.n	10001c72 <irq_remove_handler+0x15e>
10001c9c:	0032      	movs	r2, r6
10001c9e:	e7db      	b.n	10001c58 <irq_remove_handler+0x144>
10001ca0:	d0000124 	.word	0xd0000124
10001ca4:	e000ed00 	.word	0xe000ed00
10001ca8:	100001c1 	.word	0x100001c1
10001cac:	20000f94 	.word	0x20000f94
10001cb0:	e000e100 	.word	0xe000e100
10001cb4:	ffffe000 	.word	0xffffe000
10001cb8:	20001c9c 	.word	0x20001c9c
10001cbc:	ffffbd01 	.word	0xffffbd01
10001cc0:	0000aaaa 	.word	0x0000aaaa
10001cc4:	20000fe6 	.word	0x20000fe6
10001cc8:	fffff000 	.word	0xfffff000
10001ccc:	fffff800 	.word	0xfffff800

10001cd0 <irq_add_tail_to_free_list>:
10001cd0:	2301      	movs	r3, #1
10001cd2:	4303      	orrs	r3, r0
10001cd4:	b570      	push	{r4, r5, r6, lr}
10001cd6:	469c      	mov	ip, r3
10001cd8:	f3ef 8105 	mrs	r1, IPSR
10001cdc:	f3ef 8510 	mrs	r5, PRIMASK
10001ce0:	b672      	cpsid	i
10001ce2:	4a27      	ldr	r2, [pc, #156]	@ (10001d80 <irq_add_tail_to_free_list+0xb0>)
10001ce4:	6813      	ldr	r3, [r2, #0]
10001ce6:	2b00      	cmp	r3, #0
10001ce8:	d0fc      	beq.n	10001ce4 <irq_add_tail_to_free_list+0x14>
10001cea:	f3bf 8f5f 	dmb	sy
10001cee:	4a25      	ldr	r2, [pc, #148]	@ (10001d84 <irq_add_tail_to_free_list+0xb4>)
10001cf0:	0004      	movs	r4, r0
10001cf2:	4b25      	ldr	r3, [pc, #148]	@ (10001d88 <irq_add_tail_to_free_list+0xb8>)
10001cf4:	1aa4      	subs	r4, r4, r2
10001cf6:	4164      	adcs	r4, r4
10001cf8:	4363      	muls	r3, r4
10001cfa:	0d1b      	lsrs	r3, r3, #20
10001cfc:	4c23      	ldr	r4, [pc, #140]	@ (10001d8c <irq_add_tail_to_free_list+0xbc>)
10001cfe:	0089      	lsls	r1, r1, #2
10001d00:	68a6      	ldr	r6, [r4, #8]
10001d02:	b25b      	sxtb	r3, r3
10001d04:	5876      	ldr	r6, [r6, r1]
10001d06:	4566      	cmp	r6, ip
10001d08:	d024      	beq.n	10001d54 <irq_add_tail_to_free_list+0x84>
10001d0a:	2106      	movs	r1, #6
10001d0c:	5651      	ldrsb	r1, [r2, r1]
10001d0e:	4299      	cmp	r1, r3
10001d10:	d024      	beq.n	10001d5c <irq_add_tail_to_free_list+0x8c>
10001d12:	2112      	movs	r1, #18
10001d14:	5651      	ldrsb	r1, [r2, r1]
10001d16:	4299      	cmp	r1, r3
10001d18:	d02a      	beq.n	10001d70 <irq_add_tail_to_free_list+0xa0>
10001d1a:	211e      	movs	r1, #30
10001d1c:	5651      	ldrsb	r1, [r2, r1]
10001d1e:	4299      	cmp	r1, r3
10001d20:	d028      	beq.n	10001d74 <irq_add_tail_to_free_list+0xa4>
10001d22:	212a      	movs	r1, #42	@ 0x2a
10001d24:	5651      	ldrsb	r1, [r2, r1]
10001d26:	4299      	cmp	r1, r3
10001d28:	d026      	beq.n	10001d78 <irq_add_tail_to_free_list+0xa8>
10001d2a:	2136      	movs	r1, #54	@ 0x36
10001d2c:	5651      	ldrsb	r1, [r2, r1]
10001d2e:	4299      	cmp	r1, r3
10001d30:	d024      	beq.n	10001d7c <irq_add_tail_to_free_list+0xac>
10001d32:	2142      	movs	r1, #66	@ 0x42
10001d34:	5651      	ldrsb	r1, [r2, r1]
10001d36:	2405      	movs	r4, #5
10001d38:	4299      	cmp	r1, r3
10001d3a:	d010      	beq.n	10001d5e <irq_add_tail_to_free_list+0x8e>
10001d3c:	4a14      	ldr	r2, [pc, #80]	@ (10001d90 <irq_add_tail_to_free_list+0xc0>)
10001d3e:	7811      	ldrb	r1, [r2, #0]
10001d40:	7013      	strb	r3, [r2, #0]
10001d42:	7181      	strb	r1, [r0, #6]
10001d44:	f3bf 8f5f 	dmb	sy
10001d48:	2200      	movs	r2, #0
10001d4a:	4b0d      	ldr	r3, [pc, #52]	@ (10001d80 <irq_add_tail_to_free_list+0xb0>)
10001d4c:	601a      	str	r2, [r3, #0]
10001d4e:	f385 8810 	msr	PRIMASK, r5
10001d52:	bd70      	pop	{r4, r5, r6, pc}
10001d54:	68a2      	ldr	r2, [r4, #8]
10001d56:	4c0f      	ldr	r4, [pc, #60]	@ (10001d94 <irq_add_tail_to_free_list+0xc4>)
10001d58:	5054      	str	r4, [r2, r1]
10001d5a:	e7ef      	b.n	10001d3c <irq_add_tail_to_free_list+0x6c>
10001d5c:	2400      	movs	r4, #0
10001d5e:	0061      	lsls	r1, r4, #1
10001d60:	1909      	adds	r1, r1, r4
10001d62:	0089      	lsls	r1, r1, #2
10001d64:	1852      	adds	r2, r2, r1
10001d66:	21ff      	movs	r1, #255	@ 0xff
10001d68:	7191      	strb	r1, [r2, #6]
10001d6a:	490b      	ldr	r1, [pc, #44]	@ (10001d98 <irq_add_tail_to_free_list+0xc8>)
10001d6c:	8091      	strh	r1, [r2, #4]
10001d6e:	e7e5      	b.n	10001d3c <irq_add_tail_to_free_list+0x6c>
10001d70:	2401      	movs	r4, #1
10001d72:	e7f4      	b.n	10001d5e <irq_add_tail_to_free_list+0x8e>
10001d74:	2402      	movs	r4, #2
10001d76:	e7f2      	b.n	10001d5e <irq_add_tail_to_free_list+0x8e>
10001d78:	2403      	movs	r4, #3
10001d7a:	e7f0      	b.n	10001d5e <irq_add_tail_to_free_list+0x8e>
10001d7c:	2404      	movs	r4, #4
10001d7e:	e7ee      	b.n	10001d5e <irq_add_tail_to_free_list+0x8e>
10001d80:	d0000124 	.word	0xd0000124
10001d84:	20000f94 	.word	0x20000f94
10001d88:	0000aaaa 	.word	0x0000aaaa
10001d8c:	e000ed00 	.word	0xe000ed00
10001d90:	20001c9c 	.word	0x20001c9c
10001d94:	100001c1 	.word	0x100001c1
10001d98:	ffffbd01 	.word	0xffffbd01

10001d9c <user_irq_claim_unused>:
10001d9c:	b500      	push	{lr}
10001d9e:	4b07      	ldr	r3, [pc, #28]	@ (10001dbc <user_irq_claim_unused+0x20>)
10001da0:	b083      	sub	sp, #12
10001da2:	0001      	movs	r1, r0
10001da4:	9300      	str	r3, [sp, #0]
10001da6:	2200      	movs	r2, #0
10001da8:	2305      	movs	r3, #5
10001daa:	4805      	ldr	r0, [pc, #20]	@ (10001dc0 <user_irq_claim_unused+0x24>)
10001dac:	f7ff fce2 	bl	10001774 <hw_claim_unused_from_range>
10001db0:	2800      	cmp	r0, #0
10001db2:	db01      	blt.n	10001db8 <user_irq_claim_unused+0x1c>
10001db4:	231f      	movs	r3, #31
10001db6:	1a18      	subs	r0, r3, r0
10001db8:	b003      	add	sp, #12
10001dba:	bd00      	pop	{pc}
10001dbc:	10007744 	.word	0x10007744
10001dc0:	20001ca0 	.word	0x20001ca0

10001dc4 <lock_init>:
10001dc4:	4b02      	ldr	r3, [pc, #8]	@ (10001dd0 <lock_init+0xc>)
10001dc6:	18c9      	adds	r1, r1, r3
10001dc8:	0089      	lsls	r1, r1, #2
10001dca:	6001      	str	r1, [r0, #0]
10001dcc:	4770      	bx	lr
10001dce:	46c0      	nop			@ (mov r8, r8)
10001dd0:	34000040 	.word	0x34000040

10001dd4 <runtime_init_mutex>:
10001dd4:	b570      	push	{r4, r5, r6, lr}
10001dd6:	4c11      	ldr	r4, [pc, #68]	@ (10001e1c <runtime_init_mutex+0x48>)
10001dd8:	4d11      	ldr	r5, [pc, #68]	@ (10001e20 <runtime_init_mutex+0x4c>)
10001dda:	42ac      	cmp	r4, r5
10001ddc:	d20f      	bcs.n	10001dfe <runtime_init_mutex+0x2a>
10001dde:	26ff      	movs	r6, #255	@ 0xff
10001de0:	6823      	ldr	r3, [r4, #0]
10001de2:	2b00      	cmp	r3, #0
10001de4:	d00c      	beq.n	10001e00 <runtime_init_mutex+0x2c>
10001de6:	f7ff fd09 	bl	100017fc <next_striped_spin_lock_num>
10001dea:	0001      	movs	r1, r0
10001dec:	0020      	movs	r0, r4
10001dee:	f7ff ffe9 	bl	10001dc4 <lock_init>
10001df2:	80a6      	strh	r6, [r4, #4]
10001df4:	f3bf 8f5f 	dmb	sy
10001df8:	3408      	adds	r4, #8
10001dfa:	42ac      	cmp	r4, r5
10001dfc:	d3f0      	bcc.n	10001de0 <runtime_init_mutex+0xc>
10001dfe:	bd70      	pop	{r4, r5, r6, pc}
10001e00:	f7ff fcfc 	bl	100017fc <next_striped_spin_lock_num>
10001e04:	0001      	movs	r1, r0
10001e06:	0020      	movs	r0, r4
10001e08:	f7ff ffdc 	bl	10001dc4 <lock_init>
10001e0c:	7126      	strb	r6, [r4, #4]
10001e0e:	f3bf 8f5f 	dmb	sy
10001e12:	3408      	adds	r4, #8
10001e14:	42ac      	cmp	r4, r5
10001e16:	d3e3      	bcc.n	10001de0 <runtime_init_mutex+0xc>
10001e18:	e7f1      	b.n	10001dfe <runtime_init_mutex+0x2a>
10001e1a:	46c0      	nop			@ (mov r8, r8)
10001e1c:	20001068 	.word	0x20001068
10001e20:	20001070 	.word	0x20001070

10001e24 <mutex_init>:
10001e24:	b510      	push	{r4, lr}
10001e26:	0004      	movs	r4, r0
10001e28:	f7ff fce8 	bl	100017fc <next_striped_spin_lock_num>
10001e2c:	0001      	movs	r1, r0
10001e2e:	0020      	movs	r0, r4
10001e30:	f7ff ffc8 	bl	10001dc4 <lock_init>
10001e34:	23ff      	movs	r3, #255	@ 0xff
10001e36:	7123      	strb	r3, [r4, #4]
10001e38:	f3bf 8f5f 	dmb	sy
10001e3c:	bd10      	pop	{r4, pc}
10001e3e:	46c0      	nop			@ (mov r8, r8)

10001e40 <critical_section_init>:
10001e40:	b510      	push	{r4, lr}
10001e42:	0004      	movs	r4, r0
10001e44:	2001      	movs	r0, #1
10001e46:	f7ff fce5 	bl	10001814 <spin_lock_claim_unused>
10001e4a:	4b03      	ldr	r3, [pc, #12]	@ (10001e58 <critical_section_init+0x18>)
10001e4c:	18c0      	adds	r0, r0, r3
10001e4e:	0080      	lsls	r0, r0, #2
10001e50:	6020      	str	r0, [r4, #0]
10001e52:	f3bf 8f5f 	dmb	sy
10001e56:	bd10      	pop	{r4, pc}
10001e58:	34000040 	.word	0x34000040

10001e5c <critical_section_init_with_lock_num>:
10001e5c:	4b03      	ldr	r3, [pc, #12]	@ (10001e6c <critical_section_init_with_lock_num+0x10>)
10001e5e:	18c9      	adds	r1, r1, r3
10001e60:	0089      	lsls	r1, r1, #2
10001e62:	6001      	str	r1, [r0, #0]
10001e64:	f3bf 8f5f 	dmb	sy
10001e68:	4770      	bx	lr
10001e6a:	46c0      	nop			@ (mov r8, r8)
10001e6c:	34000040 	.word	0x34000040

10001e70 <sleep_until_callback>:
10001e70:	bf40      	sev
10001e72:	2000      	movs	r0, #0
10001e74:	2100      	movs	r1, #0
10001e76:	4770      	bx	lr

10001e78 <alarm_pool_irq_handler>:
10001e78:	b5f0      	push	{r4, r5, r6, r7, lr}
10001e7a:	46de      	mov	lr, fp
10001e7c:	4657      	mov	r7, sl
10001e7e:	464e      	mov	r6, r9
10001e80:	4645      	mov	r5, r8
10001e82:	b5e0      	push	{r5, r6, r7, lr}
10001e84:	b085      	sub	sp, #20
10001e86:	f3ef 8305 	mrs	r3, IPSR
10001e8a:	2203      	movs	r2, #3
10001e8c:	401a      	ands	r2, r3
10001e8e:	4bb1      	ldr	r3, [pc, #708]	@ (10002154 <alarm_pool_irq_handler+0x2dc>)
10001e90:	0091      	lsls	r1, r2, #2
10001e92:	585b      	ldr	r3, [r3, r1]
10001e94:	9203      	str	r2, [sp, #12]
10001e96:	4698      	mov	r8, r3
10001e98:	2301      	movs	r3, #1
10001e9a:	4093      	lsls	r3, r2
10001e9c:	001a      	movs	r2, r3
10001e9e:	9301      	str	r3, [sp, #4]
10001ea0:	4bad      	ldr	r3, [pc, #692]	@ (10002158 <alarm_pool_irq_handler+0x2e0>)
10001ea2:	9102      	str	r1, [sp, #8]
10001ea4:	601a      	str	r2, [r3, #0]
10001ea6:	2308      	movs	r3, #8
10001ea8:	4443      	add	r3, r8
10001eaa:	4699      	mov	r9, r3
10001eac:	9b01      	ldr	r3, [sp, #4]
10001eae:	48ab      	ldr	r0, [pc, #684]	@ (1000215c <alarm_pool_irq_handler+0x2e4>)
10001eb0:	6343      	str	r3, [r0, #52]	@ 0x34
10001eb2:	4643      	mov	r3, r8
10001eb4:	2208      	movs	r2, #8
10001eb6:	5e9b      	ldrsh	r3, [r3, r2]
10001eb8:	469a      	mov	sl, r3
10001eba:	2b00      	cmp	r3, #0
10001ebc:	db00      	blt.n	10001ec0 <alarm_pool_irq_handler+0x48>
10001ebe:	e0b9      	b.n	10002034 <alarm_pool_irq_handler+0x1bc>
10001ec0:	4643      	mov	r3, r8
10001ec2:	889b      	ldrh	r3, [r3, #4]
10001ec4:	b21b      	sxth	r3, r3
10001ec6:	2b00      	cmp	r3, #0
10001ec8:	da00      	bge.n	10001ecc <alarm_pool_irq_handler+0x54>
10001eca:	e126      	b.n	1000211a <alarm_pool_irq_handler+0x2a2>
10001ecc:	4643      	mov	r3, r8
10001ece:	691b      	ldr	r3, [r3, #16]
10001ed0:	f3ef 8210 	mrs	r2, PRIMASK
10001ed4:	b672      	cpsid	i
10001ed6:	6819      	ldr	r1, [r3, #0]
10001ed8:	2900      	cmp	r1, #0
10001eda:	d0fc      	beq.n	10001ed6 <alarm_pool_irq_handler+0x5e>
10001edc:	f3bf 8f5f 	dmb	sy
10001ee0:	4643      	mov	r3, r8
10001ee2:	889e      	ldrh	r6, [r3, #4]
10001ee4:	2301      	movs	r3, #1
10001ee6:	4641      	mov	r1, r8
10001ee8:	425b      	negs	r3, r3
10001eea:	808b      	strh	r3, [r1, #4]
10001eec:	b236      	sxth	r6, r6
10001eee:	690b      	ldr	r3, [r1, #16]
10001ef0:	f3bf 8f5f 	dmb	sy
10001ef4:	2100      	movs	r1, #0
10001ef6:	6019      	str	r1, [r3, #0]
10001ef8:	f382 8810 	msr	PRIMASK, r2
10001efc:	2e00      	cmp	r6, #0
10001efe:	db26      	blt.n	10001f4e <alarm_pool_irq_handler+0xd6>
10001f00:	4643      	mov	r3, r8
10001f02:	695d      	ldr	r5, [r3, #20]
10001f04:	0074      	lsls	r4, r6, #1
10001f06:	19a4      	adds	r4, r4, r6
10001f08:	2008      	movs	r0, #8
10001f0a:	5e1a      	ldrsh	r2, [r3, r0]
10001f0c:	00e4      	lsls	r4, r4, #3
10001f0e:	4649      	mov	r1, r9
10001f10:	192c      	adds	r4, r5, r4
10001f12:	2a00      	cmp	r2, #0
10001f14:	db14      	blt.n	10001f40 <alarm_pool_irq_handler+0xc8>
10001f16:	68a0      	ldr	r0, [r4, #8]
10001f18:	469a      	mov	sl, r3
10001f1a:	4680      	mov	r8, r0
10001f1c:	68e0      	ldr	r0, [r4, #12]
10001f1e:	e007      	b.n	10001f30 <alarm_pool_irq_handler+0xb8>
10001f20:	4283      	cmp	r3, r0
10001f22:	d100      	bne.n	10001f26 <alarm_pool_irq_handler+0xae>
10001f24:	e081      	b.n	1000202a <alarm_pool_irq_handler+0x1b2>
10001f26:	2300      	movs	r3, #0
10001f28:	5efa      	ldrsh	r2, [r7, r3]
10001f2a:	0039      	movs	r1, r7
10001f2c:	2a00      	cmp	r2, #0
10001f2e:	db06      	blt.n	10001f3e <alarm_pool_irq_handler+0xc6>
10001f30:	0057      	lsls	r7, r2, #1
10001f32:	18bf      	adds	r7, r7, r2
10001f34:	00ff      	lsls	r7, r7, #3
10001f36:	19ef      	adds	r7, r5, r7
10001f38:	68fb      	ldr	r3, [r7, #12]
10001f3a:	4283      	cmp	r3, r0
10001f3c:	ddf0      	ble.n	10001f20 <alarm_pool_irq_handler+0xa8>
10001f3e:	4653      	mov	r3, sl
10001f40:	800e      	strh	r6, [r1, #0]
10001f42:	2100      	movs	r1, #0
10001f44:	5e66      	ldrsh	r6, [r4, r1]
10001f46:	8022      	strh	r2, [r4, #0]
10001f48:	2e00      	cmp	r6, #0
10001f4a:	dadb      	bge.n	10001f04 <alarm_pool_irq_handler+0x8c>
10001f4c:	4698      	mov	r8, r3
10001f4e:	4643      	mov	r3, r8
10001f50:	2108      	movs	r1, #8
10001f52:	5e59      	ldrsh	r1, [r3, r1]
10001f54:	2900      	cmp	r1, #0
10001f56:	da00      	bge.n	10001f5a <alarm_pool_irq_handler+0xe2>
10001f58:	e0df      	b.n	1000211a <alarm_pool_irq_handler+0x2a2>
10001f5a:	4643      	mov	r3, r8
10001f5c:	695a      	ldr	r2, [r3, #20]
10001f5e:	004b      	lsls	r3, r1, #1
10001f60:	487e      	ldr	r0, [pc, #504]	@ (1000215c <alarm_pool_irq_handler+0x2e4>)
10001f62:	185b      	adds	r3, r3, r1
10001f64:	9902      	ldr	r1, [sp, #8]
10001f66:	00db      	lsls	r3, r3, #3
10001f68:	18d3      	adds	r3, r2, r3
10001f6a:	1809      	adds	r1, r1, r0
10001f6c:	6a82      	ldr	r2, [r0, #40]	@ 0x28
10001f6e:	689d      	ldr	r5, [r3, #8]
10001f70:	68dc      	ldr	r4, [r3, #12]
10001f72:	690b      	ldr	r3, [r1, #16]
10001f74:	1aae      	subs	r6, r5, r2
10001f76:	1a9b      	subs	r3, r3, r2
10001f78:	429e      	cmp	r6, r3
10001f7a:	d31b      	bcc.n	10001fb4 <alarm_pool_irq_handler+0x13c>
10001f7c:	2301      	movs	r3, #1
10001f7e:	6a02      	ldr	r2, [r0, #32]
10001f80:	9803      	ldr	r0, [sp, #12]
10001f82:	4083      	lsls	r3, r0
10001f84:	421a      	tst	r2, r3
10001f86:	d015      	beq.n	10001fb4 <alarm_pool_irq_handler+0x13c>
10001f88:	4643      	mov	r3, r8
10001f8a:	799b      	ldrb	r3, [r3, #6]
10001f8c:	2b00      	cmp	r3, #0
10001f8e:	d116      	bne.n	10001fbe <alarm_pool_irq_handler+0x146>
10001f90:	4872      	ldr	r0, [pc, #456]	@ (1000215c <alarm_pool_irq_handler+0x2e4>)
10001f92:	f000 fb6d 	bl	10002670 <timer_time_us_64>
10001f96:	428c      	cmp	r4, r1
10001f98:	dc04      	bgt.n	10001fa4 <alarm_pool_irq_handler+0x12c>
10001f9a:	d000      	beq.n	10001f9e <alarm_pool_irq_handler+0x126>
10001f9c:	e786      	b.n	10001eac <alarm_pool_irq_handler+0x34>
10001f9e:	4285      	cmp	r5, r0
10001fa0:	d800      	bhi.n	10001fa4 <alarm_pool_irq_handler+0x12c>
10001fa2:	e783      	b.n	10001eac <alarm_pool_irq_handler+0x34>
10001fa4:	bf40      	sev
10001fa6:	b005      	add	sp, #20
10001fa8:	bcf0      	pop	{r4, r5, r6, r7}
10001faa:	46bb      	mov	fp, r7
10001fac:	46b2      	mov	sl, r6
10001fae:	46a9      	mov	r9, r5
10001fb0:	46a0      	mov	r8, r4
10001fb2:	bdf0      	pop	{r4, r5, r6, r7, pc}
10001fb4:	4643      	mov	r3, r8
10001fb6:	610d      	str	r5, [r1, #16]
10001fb8:	799b      	ldrb	r3, [r3, #6]
10001fba:	2b00      	cmp	r3, #0
10001fbc:	d0e8      	beq.n	10001f90 <alarm_pool_irq_handler+0x118>
10001fbe:	2300      	movs	r3, #0
10001fc0:	4642      	mov	r2, r8
10001fc2:	7193      	strb	r3, [r2, #6]
10001fc4:	4643      	mov	r3, r8
10001fc6:	2208      	movs	r2, #8
10001fc8:	5e9a      	ldrsh	r2, [r3, r2]
10001fca:	1c53      	adds	r3, r2, #1
10001fcc:	d0e0      	beq.n	10001f90 <alarm_pool_irq_handler+0x118>
10001fce:	4647      	mov	r7, r8
10001fd0:	4648      	mov	r0, r9
10001fd2:	2600      	movs	r6, #0
10001fd4:	46a8      	mov	r8, r5
10001fd6:	46a3      	mov	fp, r4
10001fd8:	e002      	b.n	10001fe0 <alarm_pool_irq_handler+0x168>
10001fda:	0008      	movs	r0, r1
10001fdc:	1c53      	adds	r3, r2, #1
10001fde:	d020      	beq.n	10002022 <alarm_pool_irq_handler+0x1aa>
10001fe0:	0053      	lsls	r3, r2, #1
10001fe2:	697d      	ldr	r5, [r7, #20]
10001fe4:	189b      	adds	r3, r3, r2
10001fe6:	00db      	lsls	r3, r3, #3
10001fe8:	18e9      	adds	r1, r5, r3
10001fea:	0014      	movs	r4, r2
10001fec:	5eea      	ldrsh	r2, [r5, r3]
10001fee:	884b      	ldrh	r3, [r1, #2]
10001ff0:	b21b      	sxth	r3, r3
10001ff2:	2b00      	cmp	r3, #0
10001ff4:	daf1      	bge.n	10001fda <alarm_pool_irq_handler+0x162>
10001ff6:	8002      	strh	r2, [r0, #0]
10001ff8:	693b      	ldr	r3, [r7, #16]
10001ffa:	f3ef 8a10 	mrs	sl, PRIMASK
10001ffe:	b672      	cpsid	i
10002000:	001d      	movs	r5, r3
10002002:	682b      	ldr	r3, [r5, #0]
10002004:	2b00      	cmp	r3, #0
10002006:	d0fc      	beq.n	10002002 <alarm_pool_irq_handler+0x18a>
10002008:	f3bf 8f5f 	dmb	sy
1000200c:	887b      	ldrh	r3, [r7, #2]
1000200e:	800b      	strh	r3, [r1, #0]
10002010:	693b      	ldr	r3, [r7, #16]
10002012:	807c      	strh	r4, [r7, #2]
10002014:	f3bf 8f5f 	dmb	sy
10002018:	601e      	str	r6, [r3, #0]
1000201a:	f38a 8810 	msr	PRIMASK, sl
1000201e:	1c53      	adds	r3, r2, #1
10002020:	d1de      	bne.n	10001fe0 <alarm_pool_irq_handler+0x168>
10002022:	4645      	mov	r5, r8
10002024:	465c      	mov	r4, fp
10002026:	46b8      	mov	r8, r7
10002028:	e7b2      	b.n	10001f90 <alarm_pool_irq_handler+0x118>
1000202a:	68bb      	ldr	r3, [r7, #8]
1000202c:	4543      	cmp	r3, r8
1000202e:	d800      	bhi.n	10002032 <alarm_pool_irq_handler+0x1ba>
10002030:	e779      	b.n	10001f26 <alarm_pool_irq_handler+0xae>
10002032:	e784      	b.n	10001f3e <alarm_pool_irq_handler+0xc6>
10002034:	4642      	mov	r2, r8
10002036:	6952      	ldr	r2, [r2, #20]
10002038:	005b      	lsls	r3, r3, #1
1000203a:	4693      	mov	fp, r2
1000203c:	4453      	add	r3, sl
1000203e:	00db      	lsls	r3, r3, #3
10002040:	449b      	add	fp, r3
10002042:	465b      	mov	r3, fp
10002044:	689e      	ldr	r6, [r3, #8]
10002046:	68df      	ldr	r7, [r3, #12]
10002048:	f000 fb12 	bl	10002670 <timer_time_us_64>
1000204c:	428f      	cmp	r7, r1
1000204e:	dc2a      	bgt.n	100020a6 <alarm_pool_irq_handler+0x22e>
10002050:	d030      	beq.n	100020b4 <alarm_pool_irq_handler+0x23c>
10002052:	465b      	mov	r3, fp
10002054:	465a      	mov	r2, fp
10002056:	691b      	ldr	r3, [r3, #16]
10002058:	6954      	ldr	r4, [r2, #20]
1000205a:	2b02      	cmp	r3, #2
1000205c:	d032      	beq.n	100020c4 <alarm_pool_irq_handler+0x24c>
1000205e:	4641      	mov	r1, r8
10002060:	2008      	movs	r0, #8
10002062:	5e08      	ldrsh	r0, [r1, r0]
10002064:	8852      	ldrh	r2, [r2, #2]
10002066:	0400      	lsls	r0, r0, #16
10002068:	0021      	movs	r1, r4
1000206a:	4310      	orrs	r0, r2
1000206c:	4798      	blx	r3
1000206e:	0004      	movs	r4, r0
10002070:	000d      	movs	r5, r1
10002072:	0023      	movs	r3, r4
10002074:	432b      	orrs	r3, r5
10002076:	d02e      	beq.n	100020d6 <alarm_pool_irq_handler+0x25e>
10002078:	2d00      	cmp	r5, #0
1000207a:	da48      	bge.n	1000210e <alarm_pool_irq_handler+0x296>
1000207c:	0030      	movs	r0, r6
1000207e:	0039      	movs	r1, r7
10002080:	1b00      	subs	r0, r0, r4
10002082:	41a9      	sbcs	r1, r5
10002084:	465b      	mov	r3, fp
10002086:	6098      	str	r0, [r3, #8]
10002088:	60d9      	str	r1, [r3, #12]
1000208a:	2200      	movs	r2, #0
1000208c:	5e9b      	ldrsh	r3, [r3, r2]
1000208e:	2b00      	cmp	r3, #0
10002090:	db09      	blt.n	100020a6 <alarm_pool_irq_handler+0x22e>
10002092:	4642      	mov	r2, r8
10002094:	005e      	lsls	r6, r3, #1
10002096:	6954      	ldr	r4, [r2, #20]
10002098:	18f2      	adds	r2, r6, r3
1000209a:	00d2      	lsls	r2, r2, #3
1000209c:	18a2      	adds	r2, r4, r2
1000209e:	6897      	ldr	r7, [r2, #8]
100020a0:	68d2      	ldr	r2, [r2, #12]
100020a2:	428a      	cmp	r2, r1
100020a4:	dd5c      	ble.n	10002160 <alarm_pool_irq_handler+0x2e8>
100020a6:	4643      	mov	r3, r8
100020a8:	889b      	ldrh	r3, [r3, #4]
100020aa:	b21b      	sxth	r3, r3
100020ac:	2b00      	cmp	r3, #0
100020ae:	da00      	bge.n	100020b2 <alarm_pool_irq_handler+0x23a>
100020b0:	e74d      	b.n	10001f4e <alarm_pool_irq_handler+0xd6>
100020b2:	e70b      	b.n	10001ecc <alarm_pool_irq_handler+0x54>
100020b4:	4286      	cmp	r6, r0
100020b6:	d8f6      	bhi.n	100020a6 <alarm_pool_irq_handler+0x22e>
100020b8:	465b      	mov	r3, fp
100020ba:	465a      	mov	r2, fp
100020bc:	691b      	ldr	r3, [r3, #16]
100020be:	6954      	ldr	r4, [r2, #20]
100020c0:	2b02      	cmp	r3, #2
100020c2:	d1cc      	bne.n	1000205e <alarm_pool_irq_handler+0x1e6>
100020c4:	0020      	movs	r0, r4
100020c6:	6923      	ldr	r3, [r4, #16]
100020c8:	4798      	blx	r3
100020ca:	2800      	cmp	r0, #0
100020cc:	d003      	beq.n	100020d6 <alarm_pool_irq_handler+0x25e>
100020ce:	cc30      	ldmia	r4, {r4, r5}
100020d0:	0023      	movs	r3, r4
100020d2:	432b      	orrs	r3, r5
100020d4:	d1d0      	bne.n	10002078 <alarm_pool_irq_handler+0x200>
100020d6:	465b      	mov	r3, fp
100020d8:	4642      	mov	r2, r8
100020da:	881b      	ldrh	r3, [r3, #0]
100020dc:	8113      	strh	r3, [r2, #8]
100020de:	6912      	ldr	r2, [r2, #16]
100020e0:	f3ef 8310 	mrs	r3, PRIMASK
100020e4:	b672      	cpsid	i
100020e6:	6811      	ldr	r1, [r2, #0]
100020e8:	2900      	cmp	r1, #0
100020ea:	d0fc      	beq.n	100020e6 <alarm_pool_irq_handler+0x26e>
100020ec:	f3bf 8f5f 	dmb	sy
100020f0:	4642      	mov	r2, r8
100020f2:	4659      	mov	r1, fp
100020f4:	8852      	ldrh	r2, [r2, #2]
100020f6:	800a      	strh	r2, [r1, #0]
100020f8:	4642      	mov	r2, r8
100020fa:	4651      	mov	r1, sl
100020fc:	8051      	strh	r1, [r2, #2]
100020fe:	6912      	ldr	r2, [r2, #16]
10002100:	f3bf 8f5f 	dmb	sy
10002104:	2100      	movs	r1, #0
10002106:	6011      	str	r1, [r2, #0]
10002108:	f383 8810 	msr	PRIMASK, r3
1000210c:	e7cb      	b.n	100020a6 <alarm_pool_irq_handler+0x22e>
1000210e:	4813      	ldr	r0, [pc, #76]	@ (1000215c <alarm_pool_irq_handler+0x2e4>)
10002110:	f000 faae 	bl	10002670 <timer_time_us_64>
10002114:	1900      	adds	r0, r0, r4
10002116:	4169      	adcs	r1, r5
10002118:	e7b4      	b.n	10002084 <alarm_pool_irq_handler+0x20c>
1000211a:	4c10      	ldr	r4, [pc, #64]	@ (1000215c <alarm_pool_irq_handler+0x2e4>)
1000211c:	0020      	movs	r0, r4
1000211e:	f000 faa7 	bl	10002670 <timer_time_us_64>
10002122:	2280      	movs	r2, #128	@ 0x80
10002124:	2300      	movs	r3, #0
10002126:	0612      	lsls	r2, r2, #24
10002128:	1880      	adds	r0, r0, r2
1000212a:	4159      	adcs	r1, r3
1000212c:	9a02      	ldr	r2, [sp, #8]
1000212e:	6aa5      	ldr	r5, [r4, #40]	@ 0x28
10002130:	1912      	adds	r2, r2, r4
10002132:	6913      	ldr	r3, [r2, #16]
10002134:	1b46      	subs	r6, r0, r5
10002136:	1b5b      	subs	r3, r3, r5
10002138:	429e      	cmp	r6, r3
1000213a:	d201      	bcs.n	10002140 <alarm_pool_irq_handler+0x2c8>
1000213c:	6110      	str	r0, [r2, #16]
1000213e:	e731      	b.n	10001fa4 <alarm_pool_irq_handler+0x12c>
10002140:	2301      	movs	r3, #1
10002142:	9d03      	ldr	r5, [sp, #12]
10002144:	6a24      	ldr	r4, [r4, #32]
10002146:	40ab      	lsls	r3, r5
10002148:	421c      	tst	r4, r3
1000214a:	d000      	beq.n	1000214e <alarm_pool_irq_handler+0x2d6>
1000214c:	e72a      	b.n	10001fa4 <alarm_pool_irq_handler+0x12c>
1000214e:	6110      	str	r0, [r2, #16]
10002150:	e728      	b.n	10001fa4 <alarm_pool_irq_handler+0x12c>
10002152:	46c0      	nop			@ (mov r8, r8)
10002154:	20001b4c 	.word	0x20001b4c
10002158:	4005703c 	.word	0x4005703c
1000215c:	40054000 	.word	0x40054000
10002160:	428a      	cmp	r2, r1
10002162:	d101      	bne.n	10002168 <alarm_pool_irq_handler+0x2f0>
10002164:	4287      	cmp	r7, r0
10002166:	d89e      	bhi.n	100020a6 <alarm_pool_irq_handler+0x22e>
10002168:	4645      	mov	r5, r8
1000216a:	812b      	strh	r3, [r5, #8]
1000216c:	3508      	adds	r5, #8
1000216e:	e005      	b.n	1000217c <alarm_pool_irq_handler+0x304>
10002170:	005e      	lsls	r6, r3, #1
10002172:	18f2      	adds	r2, r6, r3
10002174:	00d2      	lsls	r2, r2, #3
10002176:	18a2      	adds	r2, r4, r2
10002178:	6897      	ldr	r7, [r2, #8]
1000217a:	68d2      	ldr	r2, [r2, #12]
1000217c:	428a      	cmp	r2, r1
1000217e:	dc06      	bgt.n	1000218e <alarm_pool_irq_handler+0x316>
10002180:	d00a      	beq.n	10002198 <alarm_pool_irq_handler+0x320>
10002182:	18f3      	adds	r3, r6, r3
10002184:	00db      	lsls	r3, r3, #3
10002186:	18e5      	adds	r5, r4, r3
10002188:	5ee3      	ldrsh	r3, [r4, r3]
1000218a:	2b00      	cmp	r3, #0
1000218c:	daf0      	bge.n	10002170 <alarm_pool_irq_handler+0x2f8>
1000218e:	465a      	mov	r2, fp
10002190:	8013      	strh	r3, [r2, #0]
10002192:	4653      	mov	r3, sl
10002194:	802b      	strh	r3, [r5, #0]
10002196:	e786      	b.n	100020a6 <alarm_pool_irq_handler+0x22e>
10002198:	4287      	cmp	r7, r0
1000219a:	d9f2      	bls.n	10002182 <alarm_pool_irq_handler+0x30a>
1000219c:	e7f7      	b.n	1000218e <alarm_pool_irq_handler+0x316>
1000219e:	46c0      	nop			@ (mov r8, r8)

100021a0 <runtime_init_default_alarm_pool>:
100021a0:	b570      	push	{r4, r5, r6, lr}
100021a2:	4c2b      	ldr	r4, [pc, #172]	@ (10002250 <runtime_init_default_alarm_pool+0xb0>)
100021a4:	6925      	ldr	r5, [r4, #16]
100021a6:	2d00      	cmp	r5, #0
100021a8:	d000      	beq.n	100021ac <runtime_init_default_alarm_pool+0xc>
100021aa:	bd70      	pop	{r4, r5, r6, pc}
100021ac:	4e29      	ldr	r6, [pc, #164]	@ (10002254 <runtime_init_default_alarm_pool+0xb4>)
100021ae:	2103      	movs	r1, #3
100021b0:	4828      	ldr	r0, [pc, #160]	@ (10002254 <runtime_init_default_alarm_pool+0xb4>)
100021b2:	f000 fa53 	bl	1000265c <timer_hardware_alarm_claim>
100021b6:	60e6      	str	r6, [r4, #12]
100021b8:	f7ff fb20 	bl	100017fc <next_striped_spin_lock_num>
100021bc:	4b26      	ldr	r3, [pc, #152]	@ (10002258 <runtime_init_default_alarm_pool+0xb8>)
100021be:	2203      	movs	r2, #3
100021c0:	18c0      	adds	r0, r0, r3
100021c2:	23d0      	movs	r3, #208	@ 0xd0
100021c4:	7022      	strb	r2, [r4, #0]
100021c6:	061b      	lsls	r3, r3, #24
100021c8:	681b      	ldr	r3, [r3, #0]
100021ca:	2101      	movs	r1, #1
100021cc:	7063      	strb	r3, [r4, #1]
100021ce:	4b23      	ldr	r3, [pc, #140]	@ (1000225c <runtime_init_default_alarm_pool+0xbc>)
100021d0:	0080      	lsls	r0, r0, #2
100021d2:	60a3      	str	r3, [r4, #8]
100021d4:	230f      	movs	r3, #15
100021d6:	6120      	str	r0, [r4, #16]
100021d8:	2002      	movs	r0, #2
100021da:	8063      	strh	r3, [r4, #2]
100021dc:	6963      	ldr	r3, [r4, #20]
100021de:	4249      	negs	r1, r1
100021e0:	80a1      	strh	r1, [r4, #4]
100021e2:	8019      	strh	r1, [r3, #0]
100021e4:	3102      	adds	r1, #2
100021e6:	8619      	strh	r1, [r3, #48]	@ 0x30
100021e8:	3147      	adds	r1, #71	@ 0x47
100021ea:	831d      	strh	r5, [r3, #24]
100021ec:	5258      	strh	r0, [r3, r1]
100021ee:	3118      	adds	r1, #24
100021f0:	525a      	strh	r2, [r3, r1]
100021f2:	3275      	adds	r2, #117	@ 0x75
100021f4:	395c      	subs	r1, #92	@ 0x5c
100021f6:	5299      	strh	r1, [r3, r2]
100021f8:	3218      	adds	r2, #24
100021fa:	3101      	adds	r1, #1
100021fc:	5299      	strh	r1, [r3, r2]
100021fe:	3218      	adds	r2, #24
10002200:	3101      	adds	r1, #1
10002202:	5299      	strh	r1, [r3, r2]
10002204:	3218      	adds	r2, #24
10002206:	3101      	adds	r1, #1
10002208:	5299      	strh	r1, [r3, r2]
1000220a:	3508      	adds	r5, #8
1000220c:	3218      	adds	r2, #24
1000220e:	529d      	strh	r5, [r3, r2]
10002210:	3102      	adds	r1, #2
10002212:	3218      	adds	r2, #24
10002214:	5299      	strh	r1, [r3, r2]
10002216:	3218      	adds	r2, #24
10002218:	3101      	adds	r1, #1
1000221a:	5299      	strh	r1, [r3, r2]
1000221c:	3218      	adds	r2, #24
1000221e:	3101      	adds	r1, #1
10002220:	5299      	strh	r1, [r3, r2]
10002222:	3218      	adds	r2, #24
10002224:	3101      	adds	r1, #1
10002226:	5299      	strh	r1, [r3, r2]
10002228:	3218      	adds	r2, #24
1000222a:	3101      	adds	r1, #1
1000222c:	5299      	strh	r1, [r3, r2]
1000222e:	3218      	adds	r2, #24
10002230:	3101      	adds	r1, #1
10002232:	5299      	strh	r1, [r3, r2]
10002234:	4b0a      	ldr	r3, [pc, #40]	@ (10002260 <runtime_init_default_alarm_pool+0xc0>)
10002236:	490b      	ldr	r1, [pc, #44]	@ (10002264 <runtime_init_default_alarm_pool+0xc4>)
10002238:	60dc      	str	r4, [r3, #12]
1000223a:	3001      	adds	r0, #1
1000223c:	6235      	str	r5, [r6, #32]
1000223e:	f7ff fb63 	bl	10001908 <irq_set_exclusive_handler>
10002242:	2101      	movs	r1, #1
10002244:	2003      	movs	r0, #3
10002246:	f7ff fb27 	bl	10001898 <irq_set_enabled>
1000224a:	4b07      	ldr	r3, [pc, #28]	@ (10002268 <runtime_init_default_alarm_pool+0xc8>)
1000224c:	601d      	str	r5, [r3, #0]
1000224e:	e7ac      	b.n	100021aa <runtime_init_default_alarm_pool+0xa>
10002250:	20000ff4 	.word	0x20000ff4
10002254:	40054000 	.word	0x40054000
10002258:	34000040 	.word	0x34000040
1000225c:	0010ffff 	.word	0x0010ffff
10002260:	20001b4c 	.word	0x20001b4c
10002264:	10001e79 	.word	0x10001e79
10002268:	40056038 	.word	0x40056038

1000226c <alarm_pool_get_default>:
1000226c:	4800      	ldr	r0, [pc, #0]	@ (10002270 <alarm_pool_get_default+0x4>)
1000226e:	4770      	bx	lr
10002270:	20000ff4 	.word	0x20000ff4

10002274 <alarm_pool_add_alarm_at>:
10002274:	b5f8      	push	{r3, r4, r5, r6, r7, lr}
10002276:	001f      	movs	r7, r3
10002278:	ab08      	add	r3, sp, #32
1000227a:	781b      	ldrb	r3, [r3, #0]
1000227c:	0004      	movs	r4, r0
1000227e:	0016      	movs	r6, r2
10002280:	2b00      	cmp	r3, #0
10002282:	d107      	bne.n	10002294 <alarm_pool_add_alarm_at+0x20>
10002284:	f000 f9fc 	bl	10002680 <time_us_64>
10002288:	0032      	movs	r2, r6
1000228a:	003b      	movs	r3, r7
1000228c:	1a12      	subs	r2, r2, r0
1000228e:	418b      	sbcs	r3, r1
10002290:	2b00      	cmp	r3, #0
10002292:	db51      	blt.n	10002338 <alarm_pool_add_alarm_at+0xc4>
10002294:	6922      	ldr	r2, [r4, #16]
10002296:	f3ef 8c10 	mrs	ip, PRIMASK
1000229a:	b672      	cpsid	i
1000229c:	6813      	ldr	r3, [r2, #0]
1000229e:	2b00      	cmp	r3, #0
100022a0:	d0fc      	beq.n	1000229c <alarm_pool_add_alarm_at+0x28>
100022a2:	f3bf 8f5f 	dmb	sy
100022a6:	2302      	movs	r3, #2
100022a8:	5ee1      	ldrsh	r1, [r4, r3]
100022aa:	6925      	ldr	r5, [r4, #16]
100022ac:	2900      	cmp	r1, #0
100022ae:	db3a      	blt.n	10002326 <alarm_pool_add_alarm_at+0xb2>
100022b0:	004b      	lsls	r3, r1, #1
100022b2:	6960      	ldr	r0, [r4, #20]
100022b4:	185b      	adds	r3, r3, r1
100022b6:	00db      	lsls	r3, r3, #3
100022b8:	18c2      	adds	r2, r0, r3
100022ba:	5ac3      	ldrh	r3, [r0, r3]
100022bc:	8063      	strh	r3, [r4, #2]
100022be:	f3bf 8f5f 	dmb	sy
100022c2:	2300      	movs	r3, #0
100022c4:	602b      	str	r3, [r5, #0]
100022c6:	f38c 8810 	msr	PRIMASK, ip
100022ca:	9b06      	ldr	r3, [sp, #24]
100022cc:	6096      	str	r6, [r2, #8]
100022ce:	60d7      	str	r7, [r2, #12]
100022d0:	6113      	str	r3, [r2, #16]
100022d2:	9b07      	ldr	r3, [sp, #28]
100022d4:	6153      	str	r3, [r2, #20]
100022d6:	8853      	ldrh	r3, [r2, #2]
100022d8:	3301      	adds	r3, #1
100022da:	045b      	lsls	r3, r3, #17
100022dc:	0c5b      	lsrs	r3, r3, #17
100022de:	1c18      	adds	r0, r3, #0
100022e0:	2b00      	cmp	r3, #0
100022e2:	d01e      	beq.n	10002322 <alarm_pool_add_alarm_at+0xae>
100022e4:	b283      	uxth	r3, r0
100022e6:	8050      	strh	r0, [r2, #2]
100022e8:	0408      	lsls	r0, r1, #16
100022ea:	4318      	orrs	r0, r3
100022ec:	6925      	ldr	r5, [r4, #16]
100022ee:	f3ef 8610 	mrs	r6, PRIMASK
100022f2:	b672      	cpsid	i
100022f4:	682b      	ldr	r3, [r5, #0]
100022f6:	2b00      	cmp	r3, #0
100022f8:	d0fc      	beq.n	100022f4 <alarm_pool_add_alarm_at+0x80>
100022fa:	f3bf 8f5f 	dmb	sy
100022fe:	88a3      	ldrh	r3, [r4, #4]
10002300:	8013      	strh	r3, [r2, #0]
10002302:	80a1      	strh	r1, [r4, #4]
10002304:	6923      	ldr	r3, [r4, #16]
10002306:	f3bf 8f5f 	dmb	sy
1000230a:	2200      	movs	r2, #0
1000230c:	601a      	str	r2, [r3, #0]
1000230e:	f386 8810 	msr	PRIMASK, r6
10002312:	7823      	ldrb	r3, [r4, #0]
10002314:	3201      	adds	r2, #1
10002316:	409a      	lsls	r2, r3
10002318:	4908      	ldr	r1, [pc, #32]	@ (1000233c <alarm_pool_add_alarm_at+0xc8>)
1000231a:	68e3      	ldr	r3, [r4, #12]
1000231c:	185b      	adds	r3, r3, r1
1000231e:	601a      	str	r2, [r3, #0]
10002320:	bdf8      	pop	{r3, r4, r5, r6, r7, pc}
10002322:	2001      	movs	r0, #1
10002324:	e7de      	b.n	100022e4 <alarm_pool_add_alarm_at+0x70>
10002326:	f3bf 8f5f 	dmb	sy
1000232a:	2300      	movs	r3, #0
1000232c:	602b      	str	r3, [r5, #0]
1000232e:	f38c 8810 	msr	PRIMASK, ip
10002332:	2001      	movs	r0, #1
10002334:	4240      	negs	r0, r0
10002336:	e7f3      	b.n	10002320 <alarm_pool_add_alarm_at+0xac>
10002338:	2000      	movs	r0, #0
1000233a:	e7f1      	b.n	10002320 <alarm_pool_add_alarm_at+0xac>
1000233c:	0000203c 	.word	0x0000203c

10002340 <alarm_pool_add_alarm_at_force_in_context>:
10002340:	b570      	push	{r4, r5, r6, lr}
10002342:	b082      	sub	sp, #8
10002344:	9200      	str	r2, [sp, #0]
10002346:	9301      	str	r3, [sp, #4]
10002348:	0001      	movs	r1, r0
1000234a:	6902      	ldr	r2, [r0, #16]
1000234c:	f3ef 8410 	mrs	r4, PRIMASK
10002350:	b672      	cpsid	i
10002352:	6813      	ldr	r3, [r2, #0]
10002354:	2b00      	cmp	r3, #0
10002356:	d0fc      	beq.n	10002352 <alarm_pool_add_alarm_at_force_in_context+0x12>
10002358:	f3bf 8f5f 	dmb	sy
1000235c:	2302      	movs	r3, #2
1000235e:	5ec8      	ldrsh	r0, [r1, r3]
10002360:	690d      	ldr	r5, [r1, #16]
10002362:	2800      	cmp	r0, #0
10002364:	db3f      	blt.n	100023e6 <alarm_pool_add_alarm_at_force_in_context+0xa6>
10002366:	694a      	ldr	r2, [r1, #20]
10002368:	0043      	lsls	r3, r0, #1
1000236a:	0016      	movs	r6, r2
1000236c:	181b      	adds	r3, r3, r0
1000236e:	00db      	lsls	r3, r3, #3
10002370:	18d2      	adds	r2, r2, r3
10002372:	5af3      	ldrh	r3, [r6, r3]
10002374:	804b      	strh	r3, [r1, #2]
10002376:	f3bf 8f5f 	dmb	sy
1000237a:	2300      	movs	r3, #0
1000237c:	602b      	str	r3, [r5, #0]
1000237e:	f384 8810 	msr	PRIMASK, r4
10002382:	9b06      	ldr	r3, [sp, #24]
10002384:	6113      	str	r3, [r2, #16]
10002386:	9b07      	ldr	r3, [sp, #28]
10002388:	6153      	str	r3, [r2, #20]
1000238a:	9b00      	ldr	r3, [sp, #0]
1000238c:	9c01      	ldr	r4, [sp, #4]
1000238e:	6093      	str	r3, [r2, #8]
10002390:	60d4      	str	r4, [r2, #12]
10002392:	8853      	ldrh	r3, [r2, #2]
10002394:	3301      	adds	r3, #1
10002396:	045b      	lsls	r3, r3, #17
10002398:	0c5b      	lsrs	r3, r3, #17
1000239a:	1c1d      	adds	r5, r3, #0
1000239c:	2b00      	cmp	r3, #0
1000239e:	d020      	beq.n	100023e2 <alarm_pool_add_alarm_at_force_in_context+0xa2>
100023a0:	b2ac      	uxth	r4, r5
100023a2:	0403      	lsls	r3, r0, #16
100023a4:	8055      	strh	r5, [r2, #2]
100023a6:	4323      	orrs	r3, r4
100023a8:	690d      	ldr	r5, [r1, #16]
100023aa:	f3ef 8c10 	mrs	ip, PRIMASK
100023ae:	b672      	cpsid	i
100023b0:	682c      	ldr	r4, [r5, #0]
100023b2:	2c00      	cmp	r4, #0
100023b4:	d0fc      	beq.n	100023b0 <alarm_pool_add_alarm_at_force_in_context+0x70>
100023b6:	f3bf 8f5f 	dmb	sy
100023ba:	888c      	ldrh	r4, [r1, #4]
100023bc:	8014      	strh	r4, [r2, #0]
100023be:	8088      	strh	r0, [r1, #4]
100023c0:	690a      	ldr	r2, [r1, #16]
100023c2:	f3bf 8f5f 	dmb	sy
100023c6:	2000      	movs	r0, #0
100023c8:	6010      	str	r0, [r2, #0]
100023ca:	f38c 8810 	msr	PRIMASK, ip
100023ce:	780a      	ldrb	r2, [r1, #0]
100023d0:	3001      	adds	r0, #1
100023d2:	4090      	lsls	r0, r2
100023d4:	68ca      	ldr	r2, [r1, #12]
100023d6:	4908      	ldr	r1, [pc, #32]	@ (100023f8 <alarm_pool_add_alarm_at_force_in_context+0xb8>)
100023d8:	1852      	adds	r2, r2, r1
100023da:	6010      	str	r0, [r2, #0]
100023dc:	0018      	movs	r0, r3
100023de:	b002      	add	sp, #8
100023e0:	bd70      	pop	{r4, r5, r6, pc}
100023e2:	2501      	movs	r5, #1
100023e4:	e7dc      	b.n	100023a0 <alarm_pool_add_alarm_at_force_in_context+0x60>
100023e6:	f3bf 8f5f 	dmb	sy
100023ea:	2300      	movs	r3, #0
100023ec:	602b      	str	r3, [r5, #0]
100023ee:	f384 8810 	msr	PRIMASK, r4
100023f2:	3b01      	subs	r3, #1
100023f4:	e7f2      	b.n	100023dc <alarm_pool_add_alarm_at_force_in_context+0x9c>
100023f6:	46c0      	nop			@ (mov r8, r8)
100023f8:	0000203c 	.word	0x0000203c

100023fc <alarm_pool_cancel_alarm>:
100023fc:	b510      	push	{r4, lr}
100023fe:	8943      	ldrh	r3, [r0, #10]
10002400:	140a      	asrs	r2, r1, #16
10002402:	4293      	cmp	r3, r2
10002404:	dd1a      	ble.n	1000243c <alarm_pool_cancel_alarm+0x40>
10002406:	0053      	lsls	r3, r2, #1
10002408:	189b      	adds	r3, r3, r2
1000240a:	6942      	ldr	r2, [r0, #20]
1000240c:	00db      	lsls	r3, r3, #3
1000240e:	18d3      	adds	r3, r2, r3
10002410:	6904      	ldr	r4, [r0, #16]
10002412:	f3ef 8c10 	mrs	ip, PRIMASK
10002416:	b672      	cpsid	i
10002418:	6822      	ldr	r2, [r4, #0]
1000241a:	2a00      	cmp	r2, #0
1000241c:	d0fc      	beq.n	10002418 <alarm_pool_cancel_alarm+0x1c>
1000241e:	f3bf 8f5f 	dmb	sy
10002422:	885a      	ldrh	r2, [r3, #2]
10002424:	0409      	lsls	r1, r1, #16
10002426:	b294      	uxth	r4, r2
10002428:	0c09      	lsrs	r1, r1, #16
1000242a:	428a      	cmp	r2, r1
1000242c:	d008      	beq.n	10002440 <alarm_pool_cancel_alarm+0x44>
1000242e:	6903      	ldr	r3, [r0, #16]
10002430:	f3bf 8f5f 	dmb	sy
10002434:	2200      	movs	r2, #0
10002436:	601a      	str	r2, [r3, #0]
10002438:	f38c 8810 	msr	PRIMASK, ip
1000243c:	2000      	movs	r0, #0
1000243e:	bd10      	pop	{r4, pc}
10002440:	4a09      	ldr	r2, [pc, #36]	@ (10002468 <alarm_pool_cancel_alarm+0x6c>)
10002442:	4322      	orrs	r2, r4
10002444:	805a      	strh	r2, [r3, #2]
10002446:	2301      	movs	r3, #1
10002448:	6902      	ldr	r2, [r0, #16]
1000244a:	7183      	strb	r3, [r0, #6]
1000244c:	f3bf 8f5f 	dmb	sy
10002450:	2100      	movs	r1, #0
10002452:	6011      	str	r1, [r2, #0]
10002454:	f38c 8810 	msr	PRIMASK, ip
10002458:	7802      	ldrb	r2, [r0, #0]
1000245a:	4904      	ldr	r1, [pc, #16]	@ (1000246c <alarm_pool_cancel_alarm+0x70>)
1000245c:	4093      	lsls	r3, r2
1000245e:	68c2      	ldr	r2, [r0, #12]
10002460:	2001      	movs	r0, #1
10002462:	1852      	adds	r2, r2, r1
10002464:	6013      	str	r3, [r2, #0]
10002466:	e7ea      	b.n	1000243e <alarm_pool_cancel_alarm+0x42>
10002468:	ffff8000 	.word	0xffff8000
1000246c:	0000203c 	.word	0x0000203c

10002470 <alarm_pool_core_num>:
10002470:	7840      	ldrb	r0, [r0, #1]
10002472:	4770      	bx	lr

10002474 <sleep_ms>:
10002474:	b5f0      	push	{r4, r5, r6, r7, lr}
10002476:	b083      	sub	sp, #12
10002478:	0004      	movs	r4, r0
1000247a:	f000 f901 	bl	10002680 <time_us_64>
1000247e:	22fa      	movs	r2, #250	@ 0xfa
10002480:	0006      	movs	r6, r0
10002482:	000f      	movs	r7, r1
10002484:	0020      	movs	r0, r4
10002486:	2300      	movs	r3, #0
10002488:	2100      	movs	r1, #0
1000248a:	0092      	lsls	r2, r2, #2
1000248c:	f000 ffd2 	bl	10003434 <__wrap___aeabi_lmul>
10002490:	1980      	adds	r0, r0, r6
10002492:	4179      	adcs	r1, r7
10002494:	0004      	movs	r4, r0
10002496:	1e0d      	subs	r5, r1, #0
10002498:	da02      	bge.n	100024a0 <sleep_ms+0x2c>
1000249a:	2401      	movs	r4, #1
1000249c:	4d23      	ldr	r5, [pc, #140]	@ (1000252c <sleep_ms+0xb8>)
1000249e:	4264      	negs	r4, r4
100024a0:	2606      	movs	r6, #6
100024a2:	4276      	negs	r6, r6
100024a4:	17f7      	asrs	r7, r6, #31
100024a6:	1936      	adds	r6, r6, r4
100024a8:	416f      	adcs	r7, r5
100024aa:	42af      	cmp	r7, r5
100024ac:	d812      	bhi.n	100024d4 <sleep_ms+0x60>
100024ae:	d00f      	beq.n	100024d0 <sleep_ms+0x5c>
100024b0:	f000 f8e6 	bl	10002680 <time_us_64>
100024b4:	0032      	movs	r2, r6
100024b6:	003b      	movs	r3, r7
100024b8:	1a12      	subs	r2, r2, r0
100024ba:	418b      	sbcs	r3, r1
100024bc:	2b00      	cmp	r3, #0
100024be:	dc13      	bgt.n	100024e8 <sleep_ms+0x74>
100024c0:	2b00      	cmp	r3, #0
100024c2:	d030      	beq.n	10002526 <sleep_ms+0xb2>
100024c4:	0020      	movs	r0, r4
100024c6:	0029      	movs	r1, r5
100024c8:	f000 f8e4 	bl	10002694 <busy_wait_until>
100024cc:	b003      	add	sp, #12
100024ce:	bdf0      	pop	{r4, r5, r6, r7, pc}
100024d0:	42a6      	cmp	r6, r4
100024d2:	d9ed      	bls.n	100024b0 <sleep_ms+0x3c>
100024d4:	2600      	movs	r6, #0
100024d6:	2700      	movs	r7, #0
100024d8:	f000 f8d2 	bl	10002680 <time_us_64>
100024dc:	0032      	movs	r2, r6
100024de:	003b      	movs	r3, r7
100024e0:	1a12      	subs	r2, r2, r0
100024e2:	418b      	sbcs	r3, r1
100024e4:	2b00      	cmp	r3, #0
100024e6:	ddeb      	ble.n	100024c0 <sleep_ms+0x4c>
100024e8:	f000 f8ca 	bl	10002680 <time_us_64>
100024ec:	0032      	movs	r2, r6
100024ee:	003b      	movs	r3, r7
100024f0:	1a12      	subs	r2, r2, r0
100024f2:	418b      	sbcs	r3, r1
100024f4:	2b00      	cmp	r3, #0
100024f6:	db0a      	blt.n	1000250e <sleep_ms+0x9a>
100024f8:	2300      	movs	r3, #0
100024fa:	9301      	str	r3, [sp, #4]
100024fc:	4b0c      	ldr	r3, [pc, #48]	@ (10002530 <sleep_ms+0xbc>)
100024fe:	0032      	movs	r2, r6
10002500:	9300      	str	r3, [sp, #0]
10002502:	480c      	ldr	r0, [pc, #48]	@ (10002534 <sleep_ms+0xc0>)
10002504:	003b      	movs	r3, r7
10002506:	f7ff ff1b 	bl	10002340 <alarm_pool_add_alarm_at_force_in_context>
1000250a:	3001      	adds	r0, #1
1000250c:	d0da      	beq.n	100024c4 <sleep_ms+0x50>
1000250e:	0039      	movs	r1, r7
10002510:	4a09      	ldr	r2, [pc, #36]	@ (10002538 <sleep_ms+0xc4>)
10002512:	6a53      	ldr	r3, [r2, #36]	@ 0x24
10002514:	4299      	cmp	r1, r3
10002516:	d804      	bhi.n	10002522 <sleep_ms+0xae>
10002518:	6a90      	ldr	r0, [r2, #40]	@ 0x28
1000251a:	42b0      	cmp	r0, r6
1000251c:	d2d2      	bcs.n	100024c4 <sleep_ms+0x50>
1000251e:	4299      	cmp	r1, r3
10002520:	d1d0      	bne.n	100024c4 <sleep_ms+0x50>
10002522:	bf20      	wfe
10002524:	e7f5      	b.n	10002512 <sleep_ms+0x9e>
10002526:	2a00      	cmp	r2, #0
10002528:	d0cc      	beq.n	100024c4 <sleep_ms+0x50>
1000252a:	e7dd      	b.n	100024e8 <sleep_ms+0x74>
1000252c:	7fffffff 	.word	0x7fffffff
10002530:	10001e71 	.word	0x10001e71
10002534:	20000ff4 	.word	0x20000ff4
10002538:	40054000 	.word	0x40054000

1000253c <best_effort_wfe_or_timeout>:
1000253c:	b5f0      	push	{r4, r5, r6, r7, lr}
1000253e:	46ce      	mov	lr, r9
10002540:	4647      	mov	r7, r8
10002542:	b580      	push	{r7, lr}
10002544:	0004      	movs	r4, r0
10002546:	000d      	movs	r5, r1
10002548:	b085      	sub	sp, #20
1000254a:	f3ef 8605 	mrs	r6, IPSR
1000254e:	4689      	mov	r9, r1
10002550:	2e00      	cmp	r6, #0
10002552:	d010      	beq.n	10002576 <best_effort_wfe_or_timeout+0x3a>
10002554:	493e      	ldr	r1, [pc, #248]	@ (10002650 <best_effort_wfe_or_timeout+0x114>)
10002556:	2000      	movs	r0, #0
10002558:	6a4b      	ldr	r3, [r1, #36]	@ 0x24
1000255a:	42ab      	cmp	r3, r5
1000255c:	d306      	bcc.n	1000256c <best_effort_wfe_or_timeout+0x30>
1000255e:	6a8a      	ldr	r2, [r1, #40]	@ 0x28
10002560:	1b5b      	subs	r3, r3, r5
10002562:	1e59      	subs	r1, r3, #1
10002564:	418b      	sbcs	r3, r1
10002566:	42a2      	cmp	r2, r4
10002568:	4140      	adcs	r0, r0
1000256a:	4318      	orrs	r0, r3
1000256c:	b005      	add	sp, #20
1000256e:	bcc0      	pop	{r6, r7}
10002570:	46b9      	mov	r9, r7
10002572:	46b0      	mov	r8, r6
10002574:	bdf0      	pop	{r4, r5, r6, r7, pc}
10002576:	4f37      	ldr	r7, [pc, #220]	@ (10002654 <best_effort_wfe_or_timeout+0x118>)
10002578:	68fb      	ldr	r3, [r7, #12]
1000257a:	783a      	ldrb	r2, [r7, #0]
1000257c:	4698      	mov	r8, r3
1000257e:	0018      	movs	r0, r3
10002580:	9203      	str	r2, [sp, #12]
10002582:	f000 f875 	bl	10002670 <timer_time_us_64>
10002586:	9a03      	ldr	r2, [sp, #12]
10002588:	1d13      	adds	r3, r2, #4
1000258a:	4642      	mov	r2, r8
1000258c:	009b      	lsls	r3, r3, #2
1000258e:	589b      	ldr	r3, [r3, r2]
10002590:	0022      	movs	r2, r4
10002592:	1a1b      	subs	r3, r3, r0
10002594:	469c      	mov	ip, r3
10002596:	002b      	movs	r3, r5
10002598:	1a12      	subs	r2, r2, r0
1000259a:	418b      	sbcs	r3, r1
1000259c:	429e      	cmp	r6, r3
1000259e:	dc1a      	bgt.n	100025d6 <best_effort_wfe_or_timeout+0x9a>
100025a0:	d017      	beq.n	100025d2 <best_effort_wfe_or_timeout+0x96>
100025a2:	4b2b      	ldr	r3, [pc, #172]	@ (10002650 <best_effort_wfe_or_timeout+0x114>)
100025a4:	6a5a      	ldr	r2, [r3, #36]	@ 0x24
100025a6:	454a      	cmp	r2, r9
100025a8:	d305      	bcc.n	100025b6 <best_effort_wfe_or_timeout+0x7a>
100025aa:	6a9b      	ldr	r3, [r3, #40]	@ 0x28
100025ac:	2001      	movs	r0, #1
100025ae:	42a3      	cmp	r3, r4
100025b0:	d2dc      	bcs.n	1000256c <best_effort_wfe_or_timeout+0x30>
100025b2:	454a      	cmp	r2, r9
100025b4:	d1da      	bne.n	1000256c <best_effort_wfe_or_timeout+0x30>
100025b6:	bf20      	wfe
100025b8:	4b25      	ldr	r3, [pc, #148]	@ (10002650 <best_effort_wfe_or_timeout+0x114>)
100025ba:	6a58      	ldr	r0, [r3, #36]	@ 0x24
100025bc:	4548      	cmp	r0, r9
100025be:	d33c      	bcc.n	1000263a <best_effort_wfe_or_timeout+0xfe>
100025c0:	1b40      	subs	r0, r0, r5
100025c2:	6a9a      	ldr	r2, [r3, #40]	@ 0x28
100025c4:	1e43      	subs	r3, r0, #1
100025c6:	4198      	sbcs	r0, r3
100025c8:	2300      	movs	r3, #0
100025ca:	42a2      	cmp	r2, r4
100025cc:	415b      	adcs	r3, r3
100025ce:	4318      	orrs	r0, r3
100025d0:	e7cc      	b.n	1000256c <best_effort_wfe_or_timeout+0x30>
100025d2:	4594      	cmp	ip, r2
100025d4:	d9e5      	bls.n	100025a2 <best_effort_wfe_or_timeout+0x66>
100025d6:	f000 f853 	bl	10002680 <time_us_64>
100025da:	0022      	movs	r2, r4
100025dc:	002b      	movs	r3, r5
100025de:	1a12      	subs	r2, r2, r0
100025e0:	418b      	sbcs	r3, r1
100025e2:	2b00      	cmp	r3, #0
100025e4:	db25      	blt.n	10002632 <best_effort_wfe_or_timeout+0xf6>
100025e6:	2300      	movs	r3, #0
100025e8:	9301      	str	r3, [sp, #4]
100025ea:	4b1b      	ldr	r3, [pc, #108]	@ (10002658 <best_effort_wfe_or_timeout+0x11c>)
100025ec:	0022      	movs	r2, r4
100025ee:	9300      	str	r3, [sp, #0]
100025f0:	0038      	movs	r0, r7
100025f2:	002b      	movs	r3, r5
100025f4:	f7ff fea4 	bl	10002340 <alarm_pool_add_alarm_at_force_in_context>
100025f8:	2800      	cmp	r0, #0
100025fa:	dd1a      	ble.n	10002632 <best_effort_wfe_or_timeout+0xf6>
100025fc:	4b14      	ldr	r3, [pc, #80]	@ (10002650 <best_effort_wfe_or_timeout+0x114>)
100025fe:	6a5a      	ldr	r2, [r3, #36]	@ 0x24
10002600:	454a      	cmp	r2, r9
10002602:	d304      	bcc.n	1000260e <best_effort_wfe_or_timeout+0xd2>
10002604:	6a9b      	ldr	r3, [r3, #40]	@ 0x28
10002606:	42a3      	cmp	r3, r4
10002608:	d202      	bcs.n	10002610 <best_effort_wfe_or_timeout+0xd4>
1000260a:	454a      	cmp	r2, r9
1000260c:	d100      	bne.n	10002610 <best_effort_wfe_or_timeout+0xd4>
1000260e:	bf20      	wfe
10002610:	0001      	movs	r1, r0
10002612:	0038      	movs	r0, r7
10002614:	f7ff fef2 	bl	100023fc <alarm_pool_cancel_alarm>
10002618:	4a0d      	ldr	r2, [pc, #52]	@ (10002650 <best_effort_wfe_or_timeout+0x114>)
1000261a:	2000      	movs	r0, #0
1000261c:	6a53      	ldr	r3, [r2, #36]	@ 0x24
1000261e:	454b      	cmp	r3, r9
10002620:	d3a4      	bcc.n	1000256c <best_effort_wfe_or_timeout+0x30>
10002622:	6a92      	ldr	r2, [r2, #40]	@ 0x28
10002624:	1b5b      	subs	r3, r3, r5
10002626:	1e59      	subs	r1, r3, #1
10002628:	418b      	sbcs	r3, r1
1000262a:	42a2      	cmp	r2, r4
1000262c:	4140      	adcs	r0, r0
1000262e:	4318      	orrs	r0, r3
10002630:	e79c      	b.n	1000256c <best_effort_wfe_or_timeout+0x30>
10002632:	4a07      	ldr	r2, [pc, #28]	@ (10002650 <best_effort_wfe_or_timeout+0x114>)
10002634:	6a53      	ldr	r3, [r2, #36]	@ 0x24
10002636:	454b      	cmp	r3, r9
10002638:	d201      	bcs.n	1000263e <best_effort_wfe_or_timeout+0x102>
1000263a:	2000      	movs	r0, #0
1000263c:	e796      	b.n	1000256c <best_effort_wfe_or_timeout+0x30>
1000263e:	2000      	movs	r0, #0
10002640:	6a92      	ldr	r2, [r2, #40]	@ 0x28
10002642:	1b5b      	subs	r3, r3, r5
10002644:	42a2      	cmp	r2, r4
10002646:	4140      	adcs	r0, r0
10002648:	1e5a      	subs	r2, r3, #1
1000264a:	4193      	sbcs	r3, r2
1000264c:	4318      	orrs	r0, r3
1000264e:	e78d      	b.n	1000256c <best_effort_wfe_or_timeout+0x30>
10002650:	40054000 	.word	0x40054000
10002654:	20000ff4 	.word	0x20000ff4
10002658:	10001e71 	.word	0x10001e71

1000265c <timer_hardware_alarm_claim>:
1000265c:	b510      	push	{r4, lr}
1000265e:	4a02      	ldr	r2, [pc, #8]	@ (10002668 <timer_hardware_alarm_claim+0xc>)
10002660:	4802      	ldr	r0, [pc, #8]	@ (1000266c <timer_hardware_alarm_claim+0x10>)
10002662:	f7ff f85f 	bl	10001724 <hw_claim_or_assert>
10002666:	bd10      	pop	{r4, pc}
10002668:	10007760 	.word	0x10007760
1000266c:	200016d8 	.word	0x200016d8

10002670 <timer_time_us_64>:
10002670:	0003      	movs	r3, r0
10002672:	6a41      	ldr	r1, [r0, #36]	@ 0x24
10002674:	000a      	movs	r2, r1
10002676:	6a98      	ldr	r0, [r3, #40]	@ 0x28
10002678:	6a59      	ldr	r1, [r3, #36]	@ 0x24
1000267a:	428a      	cmp	r2, r1
1000267c:	d1fa      	bne.n	10002674 <timer_time_us_64+0x4>
1000267e:	4770      	bx	lr

10002680 <time_us_64>:
10002680:	4b03      	ldr	r3, [pc, #12]	@ (10002690 <time_us_64+0x10>)
10002682:	6a59      	ldr	r1, [r3, #36]	@ 0x24
10002684:	000a      	movs	r2, r1
10002686:	6a98      	ldr	r0, [r3, #40]	@ 0x28
10002688:	6a59      	ldr	r1, [r3, #36]	@ 0x24
1000268a:	4291      	cmp	r1, r2
1000268c:	d1fa      	bne.n	10002684 <time_us_64+0x4>
1000268e:	4770      	bx	lr
10002690:	40054000 	.word	0x40054000

10002694 <busy_wait_until>:
10002694:	4a06      	ldr	r2, [pc, #24]	@ (100026b0 <busy_wait_until+0x1c>)
10002696:	6a53      	ldr	r3, [r2, #36]	@ 0x24
10002698:	4299      	cmp	r1, r3
1000269a:	d8fc      	bhi.n	10002696 <busy_wait_until+0x2>
1000269c:	d107      	bne.n	100026ae <busy_wait_until+0x1a>
1000269e:	4b04      	ldr	r3, [pc, #16]	@ (100026b0 <busy_wait_until+0x1c>)
100026a0:	e002      	b.n	100026a8 <busy_wait_until+0x14>
100026a2:	6a5a      	ldr	r2, [r3, #36]	@ 0x24
100026a4:	4291      	cmp	r1, r2
100026a6:	d102      	bne.n	100026ae <busy_wait_until+0x1a>
100026a8:	6a9a      	ldr	r2, [r3, #40]	@ 0x28
100026aa:	4290      	cmp	r0, r2
100026ac:	d8f9      	bhi.n	100026a2 <busy_wait_until+0xe>
100026ae:	4770      	bx	lr
100026b0:	40054000 	.word	0x40054000

100026b4 <clock_configure_int_divider>:
100026b4:	b5f8      	push	{r3, r4, r5, r6, r7, lr}
100026b6:	46de      	mov	lr, fp
100026b8:	464e      	mov	r6, r9
100026ba:	4645      	mov	r5, r8
100026bc:	4657      	mov	r7, sl
100026be:	b5e0      	push	{r5, r6, r7, lr}
100026c0:	0005      	movs	r5, r0
100026c2:	468b      	mov	fp, r1
100026c4:	0018      	movs	r0, r3
100026c6:	990a      	ldr	r1, [sp, #40]	@ 0x28
100026c8:	4691      	mov	r9, r2
100026ca:	f000 fb39 	bl	10002d40 <__wrap___aeabi_uidiv>
100026ce:	9b0a      	ldr	r3, [sp, #40]	@ 0x28
100026d0:	006c      	lsls	r4, r5, #1
100026d2:	021e      	lsls	r6, r3, #8
100026d4:	1964      	adds	r4, r4, r5
100026d6:	4b30      	ldr	r3, [pc, #192]	@ (10002798 <clock_configure_int_divider+0xe4>)
100026d8:	00a4      	lsls	r4, r4, #2
100026da:	18e4      	adds	r4, r4, r3
100026dc:	6863      	ldr	r3, [r4, #4]
100026de:	4680      	mov	r8, r0
100026e0:	429e      	cmp	r6, r3
100026e2:	d900      	bls.n	100026e6 <clock_configure_int_divider+0x32>
100026e4:	6066      	str	r6, [r4, #4]
100026e6:	1f2f      	subs	r7, r5, #4
100026e8:	b2fb      	uxtb	r3, r7
100026ea:	469a      	mov	sl, r3
100026ec:	2b01      	cmp	r3, #1
100026ee:	d92f      	bls.n	10002750 <clock_configure_int_divider+0x9c>
100026f0:	23c0      	movs	r3, #192	@ 0xc0
100026f2:	2280      	movs	r2, #128	@ 0x80
100026f4:	4f29      	ldr	r7, [pc, #164]	@ (1000279c <clock_configure_int_divider+0xe8>)
100026f6:	00ad      	lsls	r5, r5, #2
100026f8:	019b      	lsls	r3, r3, #6
100026fa:	5979      	ldr	r1, [r7, r5]
100026fc:	0112      	lsls	r2, r2, #4
100026fe:	18e3      	adds	r3, r4, r3
10002700:	601a      	str	r2, [r3, #0]
10002702:	2900      	cmp	r1, #0
10002704:	d11b      	bne.n	1000273e <clock_configure_int_divider+0x8a>
10002706:	464b      	mov	r3, r9
10002708:	6822      	ldr	r2, [r4, #0]
1000270a:	015b      	lsls	r3, r3, #5
1000270c:	4053      	eors	r3, r2
1000270e:	22e0      	movs	r2, #224	@ 0xe0
10002710:	4013      	ands	r3, r2
10002712:	2280      	movs	r2, #128	@ 0x80
10002714:	0152      	lsls	r2, r2, #5
10002716:	18a2      	adds	r2, r4, r2
10002718:	6013      	str	r3, [r2, #0]
1000271a:	4653      	mov	r3, sl
1000271c:	2b01      	cmp	r3, #1
1000271e:	d92f      	bls.n	10002780 <clock_configure_int_divider+0xcc>
10002720:	2380      	movs	r3, #128	@ 0x80
10002722:	2280      	movs	r2, #128	@ 0x80
10002724:	019b      	lsls	r3, r3, #6
10002726:	18e3      	adds	r3, r4, r3
10002728:	0112      	lsls	r2, r2, #4
1000272a:	601a      	str	r2, [r3, #0]
1000272c:	4643      	mov	r3, r8
1000272e:	6066      	str	r6, [r4, #4]
10002730:	517b      	str	r3, [r7, r5]
10002732:	bcf0      	pop	{r4, r5, r6, r7}
10002734:	46bb      	mov	fp, r7
10002736:	46b2      	mov	sl, r6
10002738:	46a9      	mov	r9, r5
1000273a:	46a0      	mov	r8, r4
1000273c:	bdf8      	pop	{r3, r4, r5, r6, r7, pc}
1000273e:	6978      	ldr	r0, [r7, #20]
10002740:	f000 fafe 	bl	10002d40 <__wrap___aeabi_uidiv>
10002744:	3001      	adds	r0, #1
10002746:	0043      	lsls	r3, r0, #1
10002748:	181b      	adds	r3, r3, r0
1000274a:	3b03      	subs	r3, #3
1000274c:	d2fd      	bcs.n	1000274a <clock_configure_int_divider+0x96>
1000274e:	e7da      	b.n	10002706 <clock_configure_int_divider+0x52>
10002750:	465b      	mov	r3, fp
10002752:	2b01      	cmp	r3, #1
10002754:	d1cc      	bne.n	100026f0 <clock_configure_int_divider+0x3c>
10002756:	23c0      	movs	r3, #192	@ 0xc0
10002758:	2203      	movs	r2, #3
1000275a:	019b      	lsls	r3, r3, #6
1000275c:	18e3      	adds	r3, r4, r3
1000275e:	601a      	str	r2, [r3, #0]
10002760:	3a02      	subs	r2, #2
10002762:	68a3      	ldr	r3, [r4, #8]
10002764:	421a      	tst	r2, r3
10002766:	d0fc      	beq.n	10002762 <clock_configure_int_divider+0xae>
10002768:	464a      	mov	r2, r9
1000276a:	6823      	ldr	r3, [r4, #0]
1000276c:	0152      	lsls	r2, r2, #5
1000276e:	405a      	eors	r2, r3
10002770:	23e0      	movs	r3, #224	@ 0xe0
10002772:	4013      	ands	r3, r2
10002774:	2280      	movs	r2, #128	@ 0x80
10002776:	0152      	lsls	r2, r2, #5
10002778:	18a2      	adds	r2, r4, r2
1000277a:	4f08      	ldr	r7, [pc, #32]	@ (1000279c <clock_configure_int_divider+0xe8>)
1000277c:	6013      	str	r3, [r2, #0]
1000277e:	00ad      	lsls	r5, r5, #2
10002780:	4658      	mov	r0, fp
10002782:	2303      	movs	r3, #3
10002784:	6821      	ldr	r1, [r4, #0]
10002786:	4041      	eors	r1, r0
10002788:	400b      	ands	r3, r1
1000278a:	6013      	str	r3, [r2, #0]
1000278c:	2201      	movs	r2, #1
1000278e:	4082      	lsls	r2, r0
10002790:	68a3      	ldr	r3, [r4, #8]
10002792:	421a      	tst	r2, r3
10002794:	d0fc      	beq.n	10002790 <clock_configure_int_divider+0xdc>
10002796:	e7c3      	b.n	10002720 <clock_configure_int_divider+0x6c>
10002798:	40008000 	.word	0x40008000
1000279c:	200016dc 	.word	0x200016dc

100027a0 <clock_configure_undivided>:
100027a0:	b5f0      	push	{r4, r5, r6, r7, lr}
100027a2:	46d6      	mov	lr, sl
100027a4:	464f      	mov	r7, r9
100027a6:	4646      	mov	r6, r8
100027a8:	0044      	lsls	r4, r0, #1
100027aa:	4698      	mov	r8, r3
100027ac:	1824      	adds	r4, r4, r0
100027ae:	4b32      	ldr	r3, [pc, #200]	@ (10002878 <clock_configure_undivided+0xd8>)
100027b0:	00a4      	lsls	r4, r4, #2
100027b2:	18e4      	adds	r4, r4, r3
100027b4:	6863      	ldr	r3, [r4, #4]
100027b6:	468a      	mov	sl, r1
100027b8:	4691      	mov	r9, r2
100027ba:	b5c0      	push	{r6, r7, lr}
100027bc:	2bff      	cmp	r3, #255	@ 0xff
100027be:	d802      	bhi.n	100027c6 <clock_configure_undivided+0x26>
100027c0:	2380      	movs	r3, #128	@ 0x80
100027c2:	005b      	lsls	r3, r3, #1
100027c4:	6063      	str	r3, [r4, #4]
100027c6:	1f06      	subs	r6, r0, #4
100027c8:	b2f6      	uxtb	r6, r6
100027ca:	2e01      	cmp	r6, #1
100027cc:	d92f      	bls.n	1000282e <clock_configure_undivided+0x8e>
100027ce:	23c0      	movs	r3, #192	@ 0xc0
100027d0:	2280      	movs	r2, #128	@ 0x80
100027d2:	4f2a      	ldr	r7, [pc, #168]	@ (1000287c <clock_configure_undivided+0xdc>)
100027d4:	0085      	lsls	r5, r0, #2
100027d6:	019b      	lsls	r3, r3, #6
100027d8:	5979      	ldr	r1, [r7, r5]
100027da:	0112      	lsls	r2, r2, #4
100027dc:	18e3      	adds	r3, r4, r3
100027de:	601a      	str	r2, [r3, #0]
100027e0:	2900      	cmp	r1, #0
100027e2:	d11b      	bne.n	1000281c <clock_configure_undivided+0x7c>
100027e4:	464b      	mov	r3, r9
100027e6:	6822      	ldr	r2, [r4, #0]
100027e8:	015b      	lsls	r3, r3, #5
100027ea:	4053      	eors	r3, r2
100027ec:	22e0      	movs	r2, #224	@ 0xe0
100027ee:	4013      	ands	r3, r2
100027f0:	2280      	movs	r2, #128	@ 0x80
100027f2:	0152      	lsls	r2, r2, #5
100027f4:	18a2      	adds	r2, r4, r2
100027f6:	6013      	str	r3, [r2, #0]
100027f8:	2e01      	cmp	r6, #1
100027fa:	d930      	bls.n	1000285e <clock_configure_undivided+0xbe>
100027fc:	2380      	movs	r3, #128	@ 0x80
100027fe:	2280      	movs	r2, #128	@ 0x80
10002800:	019b      	lsls	r3, r3, #6
10002802:	18e3      	adds	r3, r4, r3
10002804:	0112      	lsls	r2, r2, #4
10002806:	601a      	str	r2, [r3, #0]
10002808:	2380      	movs	r3, #128	@ 0x80
1000280a:	005b      	lsls	r3, r3, #1
1000280c:	6063      	str	r3, [r4, #4]
1000280e:	4643      	mov	r3, r8
10002810:	517b      	str	r3, [r7, r5]
10002812:	bce0      	pop	{r5, r6, r7}
10002814:	46ba      	mov	sl, r7
10002816:	46b1      	mov	r9, r6
10002818:	46a8      	mov	r8, r5
1000281a:	bdf0      	pop	{r4, r5, r6, r7, pc}
1000281c:	6978      	ldr	r0, [r7, #20]
1000281e:	f000 fa8f 	bl	10002d40 <__wrap___aeabi_uidiv>
10002822:	3001      	adds	r0, #1
10002824:	0043      	lsls	r3, r0, #1
10002826:	181b      	adds	r3, r3, r0
10002828:	3b03      	subs	r3, #3
1000282a:	d2fd      	bcs.n	10002828 <clock_configure_undivided+0x88>
1000282c:	e7da      	b.n	100027e4 <clock_configure_undivided+0x44>
1000282e:	4653      	mov	r3, sl
10002830:	2b01      	cmp	r3, #1
10002832:	d1cc      	bne.n	100027ce <clock_configure_undivided+0x2e>
10002834:	23c0      	movs	r3, #192	@ 0xc0
10002836:	2203      	movs	r2, #3
10002838:	019b      	lsls	r3, r3, #6
1000283a:	18e3      	adds	r3, r4, r3
1000283c:	601a      	str	r2, [r3, #0]
1000283e:	3a02      	subs	r2, #2
10002840:	68a3      	ldr	r3, [r4, #8]
10002842:	421a      	tst	r2, r3
10002844:	d0fc      	beq.n	10002840 <clock_configure_undivided+0xa0>
10002846:	464a      	mov	r2, r9
10002848:	6823      	ldr	r3, [r4, #0]
1000284a:	0152      	lsls	r2, r2, #5
1000284c:	405a      	eors	r2, r3
1000284e:	23e0      	movs	r3, #224	@ 0xe0
10002850:	4013      	ands	r3, r2
10002852:	2280      	movs	r2, #128	@ 0x80
10002854:	0152      	lsls	r2, r2, #5
10002856:	18a2      	adds	r2, r4, r2
10002858:	4f08      	ldr	r7, [pc, #32]	@ (1000287c <clock_configure_undivided+0xdc>)
1000285a:	6013      	str	r3, [r2, #0]
1000285c:	0085      	lsls	r5, r0, #2
1000285e:	4650      	mov	r0, sl
10002860:	2303      	movs	r3, #3
10002862:	6821      	ldr	r1, [r4, #0]
10002864:	4041      	eors	r1, r0
10002866:	400b      	ands	r3, r1
10002868:	6013      	str	r3, [r2, #0]
1000286a:	2201      	movs	r2, #1
1000286c:	4082      	lsls	r2, r0
1000286e:	68a3      	ldr	r3, [r4, #8]
10002870:	421a      	tst	r2, r3
10002872:	d0fc      	beq.n	1000286e <clock_configure_undivided+0xce>
10002874:	e7c2      	b.n	100027fc <clock_configure_undivided+0x5c>
10002876:	46c0      	nop			@ (mov r8, r8)
10002878:	40008000 	.word	0x40008000
1000287c:	200016dc 	.word	0x200016dc

10002880 <clock_get_hz>:
10002880:	4b01      	ldr	r3, [pc, #4]	@ (10002888 <clock_get_hz+0x8>)
10002882:	0080      	lsls	r0, r0, #2
10002884:	58c0      	ldr	r0, [r0, r3]
10002886:	4770      	bx	lr
10002888:	200016dc 	.word	0x200016dc

1000288c <pll_init>:
1000288c:	b5f0      	push	{r4, r5, r6, r7, lr}
1000288e:	46c6      	mov	lr, r8
10002890:	0004      	movs	r4, r0
10002892:	b500      	push	{lr}
10002894:	4823      	ldr	r0, [pc, #140]	@ (10002924 <pll_init+0x98>)
10002896:	0016      	movs	r6, r2
10002898:	4698      	mov	r8, r3
1000289a:	000d      	movs	r5, r1
1000289c:	f000 fa50 	bl	10002d40 <__wrap___aeabi_uidiv>
100028a0:	0001      	movs	r1, r0
100028a2:	0030      	movs	r0, r6
100028a4:	f000 fa4c 	bl	10002d40 <__wrap___aeabi_uidiv>
100028a8:	4643      	mov	r3, r8
100028aa:	9a06      	ldr	r2, [sp, #24]
100028ac:	041b      	lsls	r3, r3, #16
100028ae:	0312      	lsls	r2, r2, #12
100028b0:	4313      	orrs	r3, r2
100028b2:	469c      	mov	ip, r3
100028b4:	6823      	ldr	r3, [r4, #0]
100028b6:	0006      	movs	r6, r0
100028b8:	2b00      	cmp	r3, #0
100028ba:	db22      	blt.n	10002902 <pll_init+0x76>
100028bc:	4b1a      	ldr	r3, [pc, #104]	@ (10002928 <pll_init+0x9c>)
100028be:	481b      	ldr	r0, [pc, #108]	@ (1000292c <pll_init+0xa0>)
100028c0:	18e2      	adds	r2, r4, r3
100028c2:	1e53      	subs	r3, r2, #1
100028c4:	419a      	sbcs	r2, r3
100028c6:	2380      	movs	r3, #128	@ 0x80
100028c8:	4252      	negs	r2, r2
100028ca:	0b12      	lsrs	r2, r2, #12
100028cc:	019b      	lsls	r3, r3, #6
100028ce:	0312      	lsls	r2, r2, #12
100028d0:	18d2      	adds	r2, r2, r3
100028d2:	4b17      	ldr	r3, [pc, #92]	@ (10002930 <pll_init+0xa4>)
100028d4:	601a      	str	r2, [r3, #0]
100028d6:	4b17      	ldr	r3, [pc, #92]	@ (10002934 <pll_init+0xa8>)
100028d8:	601a      	str	r2, [r3, #0]
100028da:	0013      	movs	r3, r2
100028dc:	6801      	ldr	r1, [r0, #0]
100028de:	438b      	bics	r3, r1
100028e0:	d1fb      	bne.n	100028da <pll_init+0x4e>
100028e2:	2221      	movs	r2, #33	@ 0x21
100028e4:	4b14      	ldr	r3, [pc, #80]	@ (10002938 <pll_init+0xac>)
100028e6:	6025      	str	r5, [r4, #0]
100028e8:	18e3      	adds	r3, r4, r3
100028ea:	60a6      	str	r6, [r4, #8]
100028ec:	601a      	str	r2, [r3, #0]
100028ee:	6822      	ldr	r2, [r4, #0]
100028f0:	2a00      	cmp	r2, #0
100028f2:	dafc      	bge.n	100028ee <pll_init+0x62>
100028f4:	4662      	mov	r2, ip
100028f6:	60e2      	str	r2, [r4, #12]
100028f8:	2208      	movs	r2, #8
100028fa:	601a      	str	r2, [r3, #0]
100028fc:	bc80      	pop	{r7}
100028fe:	46b8      	mov	r8, r7
10002900:	bdf0      	pop	{r4, r5, r6, r7, pc}
10002902:	233f      	movs	r3, #63	@ 0x3f
10002904:	6822      	ldr	r2, [r4, #0]
10002906:	4013      	ands	r3, r2
10002908:	42ab      	cmp	r3, r5
1000290a:	d1d7      	bne.n	100028bc <pll_init+0x30>
1000290c:	68a3      	ldr	r3, [r4, #8]
1000290e:	051b      	lsls	r3, r3, #20
10002910:	0d1b      	lsrs	r3, r3, #20
10002912:	4283      	cmp	r3, r0
10002914:	d1d2      	bne.n	100028bc <pll_init+0x30>
10002916:	22ee      	movs	r2, #238	@ 0xee
10002918:	68e3      	ldr	r3, [r4, #12]
1000291a:	02d2      	lsls	r2, r2, #11
1000291c:	4013      	ands	r3, r2
1000291e:	4563      	cmp	r3, ip
10002920:	d1cc      	bne.n	100028bc <pll_init+0x30>
10002922:	e7eb      	b.n	100028fc <pll_init+0x70>
10002924:	00b71b00 	.word	0x00b71b00
10002928:	bffd4000 	.word	0xbffd4000
1000292c:	4000c008 	.word	0x4000c008
10002930:	4000e000 	.word	0x4000e000
10002934:	4000f000 	.word	0x4000f000
10002938:	00003004 	.word	0x00003004

1000293c <watchdog_reboot>:
1000293c:	b510      	push	{r4, lr}
1000293e:	2480      	movs	r4, #128	@ 0x80
10002940:	4b1c      	ldr	r3, [pc, #112]	@ (100029b4 <watchdog_reboot+0x78>)
10002942:	05e4      	lsls	r4, r4, #23
10002944:	601c      	str	r4, [r3, #0]
10002946:	2800      	cmp	r0, #0
10002948:	d01a      	beq.n	10002980 <watchdog_reboot+0x44>
1000294a:	2301      	movs	r3, #1
1000294c:	4c1a      	ldr	r4, [pc, #104]	@ (100029b8 <watchdog_reboot+0x7c>)
1000294e:	4318      	orrs	r0, r3
10002950:	4b1a      	ldr	r3, [pc, #104]	@ (100029bc <watchdog_reboot+0x80>)
10002952:	61dc      	str	r4, [r3, #28]
10002954:	4c1a      	ldr	r4, [pc, #104]	@ (100029c0 <watchdog_reboot+0x84>)
10002956:	4044      	eors	r4, r0
10002958:	621c      	str	r4, [r3, #32]
1000295a:	6259      	str	r1, [r3, #36]	@ 0x24
1000295c:	6298      	str	r0, [r3, #40]	@ 0x28
1000295e:	2180      	movs	r1, #128	@ 0x80
10002960:	4b14      	ldr	r3, [pc, #80]	@ (100029b4 <watchdog_reboot+0x78>)
10002962:	05c9      	lsls	r1, r1, #23
10002964:	6019      	str	r1, [r3, #0]
10002966:	4817      	ldr	r0, [pc, #92]	@ (100029c4 <watchdog_reboot+0x88>)
10002968:	4917      	ldr	r1, [pc, #92]	@ (100029c8 <watchdog_reboot+0x8c>)
1000296a:	6008      	str	r0, [r1, #0]
1000296c:	21e0      	movs	r1, #224	@ 0xe0
1000296e:	04c9      	lsls	r1, r1, #19
10002970:	6019      	str	r1, [r3, #0]
10002972:	2a00      	cmp	r2, #0
10002974:	d107      	bne.n	10002986 <watchdog_reboot+0x4a>
10002976:	2280      	movs	r2, #128	@ 0x80
10002978:	4b14      	ldr	r3, [pc, #80]	@ (100029cc <watchdog_reboot+0x90>)
1000297a:	0612      	lsls	r2, r2, #24
1000297c:	601a      	str	r2, [r3, #0]
1000297e:	bd10      	pop	{r4, pc}
10002980:	4b0e      	ldr	r3, [pc, #56]	@ (100029bc <watchdog_reboot+0x80>)
10002982:	61d8      	str	r0, [r3, #28]
10002984:	e7eb      	b.n	1000295e <watchdog_reboot+0x22>
10002986:	0153      	lsls	r3, r2, #5
10002988:	1a9b      	subs	r3, r3, r2
1000298a:	009b      	lsls	r3, r3, #2
1000298c:	189a      	adds	r2, r3, r2
1000298e:	2380      	movs	r3, #128	@ 0x80
10002990:	0112      	lsls	r2, r2, #4
10002992:	045b      	lsls	r3, r3, #17
10002994:	429a      	cmp	r2, r3
10002996:	d209      	bcs.n	100029ac <watchdog_reboot+0x70>
10002998:	0013      	movs	r3, r2
1000299a:	490d      	ldr	r1, [pc, #52]	@ (100029d0 <watchdog_reboot+0x94>)
1000299c:	600b      	str	r3, [r1, #0]
1000299e:	4b07      	ldr	r3, [pc, #28]	@ (100029bc <watchdog_reboot+0x80>)
100029a0:	605a      	str	r2, [r3, #4]
100029a2:	2280      	movs	r2, #128	@ 0x80
100029a4:	4b09      	ldr	r3, [pc, #36]	@ (100029cc <watchdog_reboot+0x90>)
100029a6:	05d2      	lsls	r2, r2, #23
100029a8:	601a      	str	r2, [r3, #0]
100029aa:	e7e8      	b.n	1000297e <watchdog_reboot+0x42>
100029ac:	4b09      	ldr	r3, [pc, #36]	@ (100029d4 <watchdog_reboot+0x98>)
100029ae:	001a      	movs	r2, r3
100029b0:	e7f3      	b.n	1000299a <watchdog_reboot+0x5e>
100029b2:	46c0      	nop			@ (mov r8, r8)
100029b4:	4005b000 	.word	0x4005b000
100029b8:	b007c0d3 	.word	0xb007c0d3
100029bc:	40058000 	.word	0x40058000
100029c0:	4ff83f2d 	.word	0x4ff83f2d
100029c4:	0001fffc 	.word	0x0001fffc
100029c8:	40012008 	.word	0x40012008
100029cc:	4005a000 	.word	0x4005a000
100029d0:	20001b3c 	.word	0x20001b3c
100029d4:	00ffffff 	.word	0x00ffffff

100029d8 <tick_start>:
100029d8:	2380      	movs	r3, #128	@ 0x80
100029da:	4a02      	ldr	r2, [pc, #8]	@ (100029e4 <tick_start+0xc>)
100029dc:	009b      	lsls	r3, r3, #2
100029de:	430b      	orrs	r3, r1
100029e0:	62d3      	str	r3, [r2, #44]	@ 0x2c
100029e2:	4770      	bx	lr
100029e4:	40058000 	.word	0x40058000

100029e8 <rom_func_lookup>:
100029e8:	2300      	movs	r3, #0
100029ea:	b510      	push	{r4, lr}
100029ec:	0001      	movs	r1, r0
100029ee:	8a98      	ldrh	r0, [r3, #20]
100029f0:	8b1b      	ldrh	r3, [r3, #24]
100029f2:	4798      	blx	r3
100029f4:	bd10      	pop	{r4, pc}
100029f6:	46c0      	nop			@ (mov r8, r8)

100029f8 <rom_data_lookup>:
100029f8:	2316      	movs	r3, #22
100029fa:	b510      	push	{r4, lr}
100029fc:	0001      	movs	r1, r0
100029fe:	8818      	ldrh	r0, [r3, #0]
10002a00:	885b      	ldrh	r3, [r3, #2]
10002a02:	4798      	blx	r3
10002a04:	bd10      	pop	{r4, pc}
10002a06:	46c0      	nop			@ (mov r8, r8)

10002a08 <rom_funcs_lookup>:
10002a08:	b5f8      	push	{r3, r4, r5, r6, r7, lr}
10002a0a:	4647      	mov	r7, r8
10002a0c:	46ce      	mov	lr, r9
10002a0e:	b580      	push	{r7, lr}
10002a10:	1e0f      	subs	r7, r1, #0
10002a12:	d018      	beq.n	10002a46 <rom_funcs_lookup+0x3e>
10002a14:	2314      	movs	r3, #20
10002a16:	4699      	mov	r9, r3
10002a18:	3304      	adds	r3, #4
10002a1a:	0004      	movs	r4, r0
10002a1c:	2500      	movs	r5, #0
10002a1e:	2601      	movs	r6, #1
10002a20:	4698      	mov	r8, r3
10002a22:	464b      	mov	r3, r9
10002a24:	8818      	ldrh	r0, [r3, #0]
10002a26:	4643      	mov	r3, r8
10002a28:	6821      	ldr	r1, [r4, #0]
10002a2a:	881b      	ldrh	r3, [r3, #0]
10002a2c:	4798      	blx	r3
10002a2e:	c401      	stmia	r4!, {r0}
10002a30:	1e43      	subs	r3, r0, #1
10002a32:	4198      	sbcs	r0, r3
10002a34:	3501      	adds	r5, #1
10002a36:	4006      	ands	r6, r0
10002a38:	42af      	cmp	r7, r5
10002a3a:	d1f2      	bne.n	10002a22 <rom_funcs_lookup+0x1a>
10002a3c:	0030      	movs	r0, r6
10002a3e:	bcc0      	pop	{r6, r7}
10002a40:	46b9      	mov	r9, r7
10002a42:	46b0      	mov	r8, r6
10002a44:	bdf8      	pop	{r3, r4, r5, r6, r7, pc}
10002a46:	2601      	movs	r6, #1
10002a48:	e7f8      	b.n	10002a3c <rom_funcs_lookup+0x34>
10002a4a:	46c0      	nop			@ (mov r8, r8)

10002a4c <rom_reset_usb_boot_extra>:
10002a4c:	2300      	movs	r3, #0
10002a4e:	b570      	push	{r4, r5, r6, lr}
10002a50:	0004      	movs	r4, r0
10002a52:	000d      	movs	r5, r1
10002a54:	8a98      	ldrh	r0, [r3, #20]
10002a56:	4905      	ldr	r1, [pc, #20]	@ (10002a6c <rom_reset_usb_boot_extra+0x20>)
10002a58:	8b1b      	ldrh	r3, [r3, #24]
10002a5a:	4798      	blx	r3
10002a5c:	0003      	movs	r3, r0
10002a5e:	2000      	movs	r0, #0
10002a60:	2c00      	cmp	r4, #0
10002a62:	db01      	blt.n	10002a68 <rom_reset_usb_boot_extra+0x1c>
10002a64:	3001      	adds	r0, #1
10002a66:	40a0      	lsls	r0, r4
10002a68:	0029      	movs	r1, r5
10002a6a:	4798      	blx	r3
10002a6c:	00004255 	.word	0x00004255

10002a70 <xosc_init>:
10002a70:	23aa      	movs	r3, #170	@ 0xaa
10002a72:	4a06      	ldr	r2, [pc, #24]	@ (10002a8c <xosc_init+0x1c>)
10002a74:	011b      	lsls	r3, r3, #4
10002a76:	6013      	str	r3, [r2, #0]
10002a78:	238d      	movs	r3, #141	@ 0x8d
10002a7a:	005b      	lsls	r3, r3, #1
10002a7c:	60d3      	str	r3, [r2, #12]
10002a7e:	4904      	ldr	r1, [pc, #16]	@ (10002a90 <xosc_init+0x20>)
10002a80:	4b04      	ldr	r3, [pc, #16]	@ (10002a94 <xosc_init+0x24>)
10002a82:	6019      	str	r1, [r3, #0]
10002a84:	6853      	ldr	r3, [r2, #4]
10002a86:	2b00      	cmp	r3, #0
10002a88:	dafc      	bge.n	10002a84 <xosc_init+0x14>
10002a8a:	4770      	bx	lr
10002a8c:	40024000 	.word	0x40024000
10002a90:	00fab000 	.word	0x00fab000
10002a94:	40026000 	.word	0x40026000

10002a98 <first_per_core_initializer>:
10002a98:	4770      	bx	lr
10002a9a:	46c0      	nop			@ (mov r8, r8)

10002a9c <hard_assertion_failure>:
10002a9c:	b510      	push	{r4, lr}
10002a9e:	4801      	ldr	r0, [pc, #4]	@ (10002aa4 <hard_assertion_failure+0x8>)
10002aa0:	f7fe fe28 	bl	100016f4 <panic>
10002aa4:	10007784 	.word	0x10007784

10002aa8 <runtime_run_initializers>:
10002aa8:	b570      	push	{r4, r5, r6, lr}
10002aaa:	4d07      	ldr	r5, [pc, #28]	@ (10002ac8 <runtime_run_initializers+0x20>)
10002aac:	4e07      	ldr	r6, [pc, #28]	@ (10002acc <runtime_run_initializers+0x24>)
10002aae:	42b5      	cmp	r5, r6
10002ab0:	d209      	bcs.n	10002ac6 <runtime_run_initializers+0x1e>
10002ab2:	2400      	movs	r4, #0
10002ab4:	3e01      	subs	r6, #1
10002ab6:	1b76      	subs	r6, r6, r5
10002ab8:	08b6      	lsrs	r6, r6, #2
10002aba:	3601      	adds	r6, #1
10002abc:	cd08      	ldmia	r5!, {r3}
10002abe:	3401      	adds	r4, #1
10002ac0:	4798      	blx	r3
10002ac2:	42b4      	cmp	r4, r6
10002ac4:	d1fa      	bne.n	10002abc <runtime_run_initializers+0x14>
10002ac6:	bd70      	pop	{r4, r5, r6, pc}
10002ac8:	100075c0 	.word	0x100075c0
10002acc:	100075fc 	.word	0x100075fc

10002ad0 <runtime_init_early_resets>:
10002ad0:	4b05      	ldr	r3, [pc, #20]	@ (10002ae8 <runtime_init_early_resets+0x18>)
10002ad2:	4a06      	ldr	r2, [pc, #24]	@ (10002aec <runtime_init_early_resets+0x1c>)
10002ad4:	4906      	ldr	r1, [pc, #24]	@ (10002af0 <runtime_init_early_resets+0x20>)
10002ad6:	601a      	str	r2, [r3, #0]
10002ad8:	4a06      	ldr	r2, [pc, #24]	@ (10002af4 <runtime_init_early_resets+0x24>)
10002ada:	4b07      	ldr	r3, [pc, #28]	@ (10002af8 <runtime_init_early_resets+0x28>)
10002adc:	601a      	str	r2, [r3, #0]
10002ade:	0010      	movs	r0, r2
10002ae0:	680b      	ldr	r3, [r1, #0]
10002ae2:	4398      	bics	r0, r3
10002ae4:	d1fb      	bne.n	10002ade <runtime_init_early_resets+0xe>
10002ae6:	4770      	bx	lr
10002ae8:	4000e000 	.word	0x4000e000
10002aec:	fefbcdbf 	.word	0xfefbcdbf
10002af0:	4000c008 	.word	0x4000c008
10002af4:	003c7ffe 	.word	0x003c7ffe
10002af8:	4000f000 	.word	0x4000f000

10002afc <runtime_init_usb_power_down>:
10002afc:	4b04      	ldr	r3, [pc, #16]	@ (10002b10 <runtime_init_usb_power_down+0x14>)
10002afe:	6cdb      	ldr	r3, [r3, #76]	@ 0x4c
10002b00:	2b00      	cmp	r3, #0
10002b02:	d103      	bne.n	10002b0c <runtime_init_usb_power_down+0x10>
10002b04:	2280      	movs	r2, #128	@ 0x80
10002b06:	4b03      	ldr	r3, [pc, #12]	@ (10002b14 <runtime_init_usb_power_down+0x18>)
10002b08:	02d2      	lsls	r2, r2, #11
10002b0a:	601a      	str	r2, [r3, #0]
10002b0c:	4770      	bx	lr
10002b0e:	46c0      	nop			@ (mov r8, r8)
10002b10:	50110000 	.word	0x50110000
10002b14:	5011204c 	.word	0x5011204c

10002b18 <runtime_init_post_clock_resets>:
10002b18:	4a04      	ldr	r2, [pc, #16]	@ (10002b2c <runtime_init_post_clock_resets+0x14>)
10002b1a:	4b05      	ldr	r3, [pc, #20]	@ (10002b30 <runtime_init_post_clock_resets+0x18>)
10002b1c:	601a      	str	r2, [r3, #0]
10002b1e:	4a05      	ldr	r2, [pc, #20]	@ (10002b34 <runtime_init_post_clock_resets+0x1c>)
10002b20:	6813      	ldr	r3, [r2, #0]
10002b22:	01db      	lsls	r3, r3, #7
10002b24:	3380      	adds	r3, #128	@ 0x80
10002b26:	d1fb      	bne.n	10002b20 <runtime_init_post_clock_resets+0x8>
10002b28:	4770      	bx	lr
10002b2a:	46c0      	nop			@ (mov r8, r8)
10002b2c:	01ffffff 	.word	0x01ffffff
10002b30:	4000f000 	.word	0x4000f000
10002b34:	4000c008 	.word	0x4000c008

10002b38 <runtime_init_rp2040_gpio_ie_disable>:
10002b38:	2240      	movs	r2, #64	@ 0x40
10002b3a:	4b03      	ldr	r3, [pc, #12]	@ (10002b48 <runtime_init_rp2040_gpio_ie_disable+0x10>)
10002b3c:	679a      	str	r2, [r3, #120]	@ 0x78
10002b3e:	675a      	str	r2, [r3, #116]	@ 0x74
10002b40:	671a      	str	r2, [r3, #112]	@ 0x70
10002b42:	66da      	str	r2, [r3, #108]	@ 0x6c
10002b44:	4770      	bx	lr
10002b46:	46c0      	nop			@ (mov r8, r8)
10002b48:	4001f000 	.word	0x4001f000

10002b4c <runtime_init_spin_locks_reset>:
10002b4c:	b510      	push	{r4, lr}
10002b4e:	f7fe fe71 	bl	10001834 <spin_locks_reset>
10002b52:	bd10      	pop	{r4, pc}

10002b54 <runtime_init_install_ram_vector_table>:
10002b54:	b570      	push	{r4, r5, r6, lr}
10002b56:	4927      	ldr	r1, [pc, #156]	@ (10002bf4 <runtime_init_install_ram_vector_table+0xa0>)
10002b58:	4e27      	ldr	r6, [pc, #156]	@ (10002bf8 <runtime_init_install_ram_vector_table+0xa4>)
10002b5a:	4d28      	ldr	r5, [pc, #160]	@ (10002bfc <runtime_init_install_ram_vector_table+0xa8>)
10002b5c:	1a76      	subs	r6, r6, r1
10002b5e:	08b4      	lsrs	r4, r6, #2
10002b60:	0022      	movs	r2, r4
10002b62:	2c30      	cmp	r4, #48	@ 0x30
10002b64:	d900      	bls.n	10002b68 <runtime_init_install_ram_vector_table+0x14>
10002b66:	2230      	movs	r2, #48	@ 0x30
10002b68:	0028      	movs	r0, r5
10002b6a:	0092      	lsls	r2, r2, #2
10002b6c:	f000 fd4a 	bl	10003604 <__wrap___aeabi_memcpy>
10002b70:	2c2f      	cmp	r4, #47	@ 0x2f
10002b72:	d83b      	bhi.n	10002bec <runtime_init_install_ram_vector_table+0x98>
10002b74:	0023      	movs	r3, r4
10002b76:	3b2a      	subs	r3, #42	@ 0x2a
10002b78:	4a21      	ldr	r2, [pc, #132]	@ (10002c00 <runtime_init_install_ram_vector_table+0xac>)
10002b7a:	2b05      	cmp	r3, #5
10002b7c:	d91b      	bls.n	10002bb6 <runtime_init_install_ram_vector_table+0x62>
10002b7e:	2030      	movs	r0, #48	@ 0x30
10002b80:	19ae      	adds	r6, r5, r6
10002b82:	0771      	lsls	r1, r6, #29
10002b84:	1b00      	subs	r0, r0, r4
10002b86:	0026      	movs	r6, r4
10002b88:	0fcb      	lsrs	r3, r1, #31
10002b8a:	2900      	cmp	r1, #0
10002b8c:	da02      	bge.n	10002b94 <runtime_init_install_ram_vector_table+0x40>
10002b8e:	00a1      	lsls	r1, r4, #2
10002b90:	506a      	str	r2, [r5, r1]
10002b92:	1c66      	adds	r6, r4, #1
10002b94:	1ac0      	subs	r0, r0, r3
10002b96:	18e3      	adds	r3, r4, r3
10002b98:	009b      	lsls	r3, r3, #2
10002b9a:	0841      	lsrs	r1, r0, #1
10002b9c:	18eb      	adds	r3, r5, r3
10002b9e:	00c9      	lsls	r1, r1, #3
10002ba0:	18c9      	adds	r1, r1, r3
10002ba2:	601a      	str	r2, [r3, #0]
10002ba4:	605a      	str	r2, [r3, #4]
10002ba6:	3308      	adds	r3, #8
10002ba8:	428b      	cmp	r3, r1
10002baa:	d1fa      	bne.n	10002ba2 <runtime_init_install_ram_vector_table+0x4e>
10002bac:	2301      	movs	r3, #1
10002bae:	4203      	tst	r3, r0
10002bb0:	d01c      	beq.n	10002bec <runtime_init_install_ram_vector_table+0x98>
10002bb2:	4398      	bics	r0, r3
10002bb4:	1984      	adds	r4, r0, r6
10002bb6:	00a3      	lsls	r3, r4, #2
10002bb8:	50ea      	str	r2, [r5, r3]
10002bba:	1c63      	adds	r3, r4, #1
10002bbc:	2c2f      	cmp	r4, #47	@ 0x2f
10002bbe:	d015      	beq.n	10002bec <runtime_init_install_ram_vector_table+0x98>
10002bc0:	009b      	lsls	r3, r3, #2
10002bc2:	50ea      	str	r2, [r5, r3]
10002bc4:	1ca3      	adds	r3, r4, #2
10002bc6:	2c2e      	cmp	r4, #46	@ 0x2e
10002bc8:	d010      	beq.n	10002bec <runtime_init_install_ram_vector_table+0x98>
10002bca:	009b      	lsls	r3, r3, #2
10002bcc:	50ea      	str	r2, [r5, r3]
10002bce:	1ce3      	adds	r3, r4, #3
10002bd0:	2c2d      	cmp	r4, #45	@ 0x2d
10002bd2:	d00b      	beq.n	10002bec <runtime_init_install_ram_vector_table+0x98>
10002bd4:	009b      	lsls	r3, r3, #2
10002bd6:	50ea      	str	r2, [r5, r3]
10002bd8:	1d23      	adds	r3, r4, #4
10002bda:	2c2c      	cmp	r4, #44	@ 0x2c
10002bdc:	d006      	beq.n	10002bec <runtime_init_install_ram_vector_table+0x98>
10002bde:	009b      	lsls	r3, r3, #2
10002be0:	50ea      	str	r2, [r5, r3]
10002be2:	1d63      	adds	r3, r4, #5
10002be4:	2c2b      	cmp	r4, #43	@ 0x2b
10002be6:	d001      	beq.n	10002bec <runtime_init_install_ram_vector_table+0x98>
10002be8:	009b      	lsls	r3, r3, #2
10002bea:	50ea      	str	r2, [r5, r3]
10002bec:	4b05      	ldr	r3, [pc, #20]	@ (10002c04 <runtime_init_install_ram_vector_table+0xb0>)
10002bee:	609d      	str	r5, [r3, #8]
10002bf0:	bd70      	pop	{r4, r5, r6, pc}
10002bf2:	46c0      	nop			@ (mov r8, r8)
10002bf4:	10000100 	.word	0x10000100
10002bf8:	100001c0 	.word	0x100001c0
10002bfc:	20000000 	.word	0x20000000
10002c00:	100001c1 	.word	0x100001c1
10002c04:	e000ed00 	.word	0xe000ed00

10002c08 <runtime_init_clocks>:
10002c08:	2300      	movs	r3, #0
10002c0a:	b510      	push	{r4, lr}
10002c0c:	4c29      	ldr	r4, [pc, #164]	@ (10002cb4 <runtime_init_clocks+0xac>)
10002c0e:	b082      	sub	sp, #8
10002c10:	67a3      	str	r3, [r4, #120]	@ 0x78
10002c12:	f7ff ff2d 	bl	10002a70 <xosc_init>
10002c16:	2201      	movs	r2, #1
10002c18:	4b27      	ldr	r3, [pc, #156]	@ (10002cb8 <runtime_init_clocks+0xb0>)
10002c1a:	601a      	str	r2, [r3, #0]
10002c1c:	6c63      	ldr	r3, [r4, #68]	@ 0x44
10002c1e:	2b01      	cmp	r3, #1
10002c20:	d1fc      	bne.n	10002c1c <runtime_init_clocks+0x14>
10002c22:	2203      	movs	r2, #3
10002c24:	4b25      	ldr	r3, [pc, #148]	@ (10002cbc <runtime_init_clocks+0xb4>)
10002c26:	601a      	str	r2, [r3, #0]
10002c28:	4a22      	ldr	r2, [pc, #136]	@ (10002cb4 <runtime_init_clocks+0xac>)
10002c2a:	6b93      	ldr	r3, [r2, #56]	@ 0x38
10002c2c:	2b01      	cmp	r3, #1
10002c2e:	d1fc      	bne.n	10002c2a <runtime_init_clocks+0x22>
10002c30:	3301      	adds	r3, #1
10002c32:	9300      	str	r3, [sp, #0]
10002c34:	2101      	movs	r1, #1
10002c36:	4a22      	ldr	r2, [pc, #136]	@ (10002cc0 <runtime_init_clocks+0xb8>)
10002c38:	4822      	ldr	r0, [pc, #136]	@ (10002cc4 <runtime_init_clocks+0xbc>)
10002c3a:	3304      	adds	r3, #4
10002c3c:	f7ff fe26 	bl	1000288c <pll_init>
10002c40:	2305      	movs	r3, #5
10002c42:	2101      	movs	r1, #1
10002c44:	9300      	str	r3, [sp, #0]
10002c46:	4a20      	ldr	r2, [pc, #128]	@ (10002cc8 <runtime_init_clocks+0xc0>)
10002c48:	4820      	ldr	r0, [pc, #128]	@ (10002ccc <runtime_init_clocks+0xc4>)
10002c4a:	f7ff fe1f 	bl	1000288c <pll_init>
10002c4e:	2200      	movs	r2, #0
10002c50:	2102      	movs	r1, #2
10002c52:	2004      	movs	r0, #4
10002c54:	4b1e      	ldr	r3, [pc, #120]	@ (10002cd0 <runtime_init_clocks+0xc8>)
10002c56:	f7ff fda3 	bl	100027a0 <clock_configure_undivided>
10002c5a:	2200      	movs	r2, #0
10002c5c:	2101      	movs	r1, #1
10002c5e:	2005      	movs	r0, #5
10002c60:	4b1c      	ldr	r3, [pc, #112]	@ (10002cd4 <runtime_init_clocks+0xcc>)
10002c62:	f7ff fd9d 	bl	100027a0 <clock_configure_undivided>
10002c66:	2200      	movs	r2, #0
10002c68:	2100      	movs	r1, #0
10002c6a:	2007      	movs	r0, #7
10002c6c:	4b1a      	ldr	r3, [pc, #104]	@ (10002cd8 <runtime_init_clocks+0xd0>)
10002c6e:	f7ff fd97 	bl	100027a0 <clock_configure_undivided>
10002c72:	2200      	movs	r2, #0
10002c74:	2100      	movs	r1, #0
10002c76:	2008      	movs	r0, #8
10002c78:	4b17      	ldr	r3, [pc, #92]	@ (10002cd8 <runtime_init_clocks+0xd0>)
10002c7a:	f7ff fd91 	bl	100027a0 <clock_configure_undivided>
10002c7e:	2380      	movs	r3, #128	@ 0x80
10002c80:	00db      	lsls	r3, r3, #3
10002c82:	9300      	str	r3, [sp, #0]
10002c84:	2200      	movs	r2, #0
10002c86:	2100      	movs	r1, #0
10002c88:	2009      	movs	r0, #9
10002c8a:	4b13      	ldr	r3, [pc, #76]	@ (10002cd8 <runtime_init_clocks+0xd0>)
10002c8c:	f7ff fd12 	bl	100026b4 <clock_configure_int_divider>
10002c90:	2200      	movs	r2, #0
10002c92:	4b10      	ldr	r3, [pc, #64]	@ (10002cd4 <runtime_init_clocks+0xcc>)
10002c94:	2100      	movs	r1, #0
10002c96:	2006      	movs	r0, #6
10002c98:	f7ff fd82 	bl	100027a0 <clock_configure_undivided>
10002c9c:	2004      	movs	r0, #4
10002c9e:	f7ff fdef 	bl	10002880 <clock_get_hz>
10002ca2:	490e      	ldr	r1, [pc, #56]	@ (10002cdc <runtime_init_clocks+0xd4>)
10002ca4:	f000 f84c 	bl	10002d40 <__wrap___aeabi_uidiv>
10002ca8:	0001      	movs	r1, r0
10002caa:	2000      	movs	r0, #0
10002cac:	f7ff fe94 	bl	100029d8 <tick_start>
10002cb0:	b002      	add	sp, #8
10002cb2:	bd10      	pop	{r4, pc}
10002cb4:	40008000 	.word	0x40008000
10002cb8:	4000b03c 	.word	0x4000b03c
10002cbc:	4000b030 	.word	0x4000b030
10002cc0:	59682f00 	.word	0x59682f00
10002cc4:	40028000 	.word	0x40028000
10002cc8:	47868c00 	.word	0x47868c00
10002ccc:	4002c000 	.word	0x4002c000
10002cd0:	00b71b00 	.word	0x00b71b00
10002cd4:	07735940 	.word	0x07735940
10002cd8:	02dc6c00 	.word	0x02dc6c00
10002cdc:	000f4240 	.word	0x000f4240

10002ce0 <__aeabi_bits_init>:
10002ce0:	4801      	ldr	r0, [pc, #4]	@ (10002ce8 <__aeabi_bits_init+0x8>)
10002ce2:	2104      	movs	r1, #4
10002ce4:	4b01      	ldr	r3, [pc, #4]	@ (10002cec <__aeabi_bits_init+0xc>)
10002ce6:	4718      	bx	r3
10002ce8:	20001010 	.word	0x20001010
10002cec:	10002a09 	.word	0x10002a09

10002cf0 <__wrap___aeabi_idiv>:
10002cf0:	4a12      	ldr	r2, [pc, #72]	@ (10002d3c <divmod_s32s32_savestate+0x18>)
10002cf2:	6f93      	ldr	r3, [r2, #120]	@ 0x78
10002cf4:	089b      	lsrs	r3, r3, #2
10002cf6:	d215      	bcs.n	10002d24 <divmod_s32s32_savestate>

10002cf8 <divmod_s32s32_core>:
10002cf8:	6690      	str	r0, [r2, #104]	@ 0x68
10002cfa:	66d1      	str	r1, [r2, #108]	@ 0x6c
10002cfc:	2900      	cmp	r1, #0
10002cfe:	d005      	beq.n	10002d0c <divmod_s32s32_core+0x14>
10002d00:	e7ff      	b.n	10002d02 <divmod_s32s32_core+0xa>
10002d02:	e7ff      	b.n	10002d04 <divmod_s32s32_core+0xc>
10002d04:	e7ff      	b.n	10002d06 <divmod_s32s32_core+0xe>
10002d06:	6f51      	ldr	r1, [r2, #116]	@ 0x74
10002d08:	6f10      	ldr	r0, [r2, #112]	@ 0x70
10002d0a:	4770      	bx	lr
10002d0c:	b504      	push	{r2, lr}
10002d0e:	2180      	movs	r1, #128	@ 0x80
10002d10:	0609      	lsls	r1, r1, #24
10002d12:	17c2      	asrs	r2, r0, #31
10002d14:	4051      	eors	r1, r2
10002d16:	2800      	cmp	r0, #0
10002d18:	d000      	beq.n	10002d1c <divmod_s32s32_core+0x24>
10002d1a:	43c8      	mvns	r0, r1
10002d1c:	f004 fc40 	bl	100075a0 <____aeabi_idiv0_veneer>
10002d20:	2100      	movs	r1, #0
10002d22:	bd04      	pop	{r2, pc}

10002d24 <divmod_s32s32_savestate>:
10002d24:	b5f0      	push	{r4, r5, r6, r7, lr}
10002d26:	6e14      	ldr	r4, [r2, #96]	@ 0x60
10002d28:	6e55      	ldr	r5, [r2, #100]	@ 0x64
10002d2a:	6f57      	ldr	r7, [r2, #116]	@ 0x74
10002d2c:	6f16      	ldr	r6, [r2, #112]	@ 0x70
10002d2e:	f7ff ffe3 	bl	10002cf8 <divmod_s32s32_core>
10002d32:	6614      	str	r4, [r2, #96]	@ 0x60
10002d34:	6655      	str	r5, [r2, #100]	@ 0x64
10002d36:	6757      	str	r7, [r2, #116]	@ 0x74
10002d38:	6716      	str	r6, [r2, #112]	@ 0x70
10002d3a:	bdf0      	pop	{r4, r5, r6, r7, pc}
10002d3c:	d0000000 	.word	0xd0000000

10002d40 <__wrap___aeabi_uidiv>:
10002d40:	4a11      	ldr	r2, [pc, #68]	@ (10002d88 <divmod_u32u32_savestate+0x18>)
10002d42:	6f93      	ldr	r3, [r2, #120]	@ 0x78
10002d44:	089b      	lsrs	r3, r3, #2
10002d46:	d213      	bcs.n	10002d70 <divmod_u32u32_savestate>

10002d48 <divmod_u32u32_core>:
10002d48:	6610      	str	r0, [r2, #96]	@ 0x60
10002d4a:	6651      	str	r1, [r2, #100]	@ 0x64
10002d4c:	2900      	cmp	r1, #0
10002d4e:	d005      	beq.n	10002d5c <divmod_u32u32_core+0x14>
10002d50:	e7ff      	b.n	10002d52 <divmod_u32u32_core+0xa>
10002d52:	e7ff      	b.n	10002d54 <divmod_u32u32_core+0xc>
10002d54:	e7ff      	b.n	10002d56 <divmod_u32u32_core+0xe>
10002d56:	6f51      	ldr	r1, [r2, #116]	@ 0x74
10002d58:	6f10      	ldr	r0, [r2, #112]	@ 0x70
10002d5a:	4770      	bx	lr
10002d5c:	b504      	push	{r2, lr}
10002d5e:	2800      	cmp	r0, #0
10002d60:	d001      	beq.n	10002d66 <divmod_u32u32_core+0x1e>
10002d62:	2000      	movs	r0, #0
10002d64:	43c0      	mvns	r0, r0
10002d66:	f004 fc1b 	bl	100075a0 <____aeabi_idiv0_veneer>
10002d6a:	2100      	movs	r1, #0
10002d6c:	bd04      	pop	{r2, pc}
10002d6e:	46c0      	nop			@ (mov r8, r8)

10002d70 <divmod_u32u32_savestate>:
10002d70:	b5f0      	push	{r4, r5, r6, r7, lr}
10002d72:	6e14      	ldr	r4, [r2, #96]	@ 0x60
10002d74:	6e55      	ldr	r5, [r2, #100]	@ 0x64
10002d76:	6f57      	ldr	r7, [r2, #116]	@ 0x74
10002d78:	6f16      	ldr	r6, [r2, #112]	@ 0x70
10002d7a:	f7ff ffe5 	bl	10002d48 <divmod_u32u32_core>
10002d7e:	6614      	str	r4, [r2, #96]	@ 0x60
10002d80:	6655      	str	r5, [r2, #100]	@ 0x64
10002d82:	6757      	str	r7, [r2, #116]	@ 0x74
10002d84:	6716      	str	r6, [r2, #112]	@ 0x70
10002d86:	bdf0      	pop	{r4, r5, r6, r7, pc}
10002d88:	d0000000 	.word	0xd0000000

10002d8c <__wrap___aeabi_ldivmod>:
10002d8c:	4694      	mov	ip, r2
10002d8e:	4a4a      	ldr	r2, [pc, #296]	@ (10002eb8 <udiv0+0x1a>)
10002d90:	6f92      	ldr	r2, [r2, #120]	@ 0x78
10002d92:	0892      	lsrs	r2, r2, #2
10002d94:	4662      	mov	r2, ip
10002d96:	d201      	bcs.n	10002d9c <divmod_s64s64_savestate>
10002d98:	e028      	b.n	10002dec <divmod_s64s64_unsafe>
10002d9a:	46c0      	nop			@ (mov r8, r8)

10002d9c <divmod_s64s64_savestate>:
10002d9c:	b5f0      	push	{r4, r5, r6, r7, lr}
10002d9e:	4e46      	ldr	r6, [pc, #280]	@ (10002eb8 <udiv0+0x1a>)
10002da0:	6e34      	ldr	r4, [r6, #96]	@ 0x60
10002da2:	6e75      	ldr	r5, [r6, #100]	@ 0x64
10002da4:	6f77      	ldr	r7, [r6, #116]	@ 0x74
10002da6:	6f36      	ldr	r6, [r6, #112]	@ 0x70
10002da8:	f000 f820 	bl	10002dec <divmod_s64s64_unsafe>
10002dac:	4694      	mov	ip, r2
10002dae:	4a42      	ldr	r2, [pc, #264]	@ (10002eb8 <udiv0+0x1a>)
10002db0:	6614      	str	r4, [r2, #96]	@ 0x60
10002db2:	6655      	str	r5, [r2, #100]	@ 0x64
10002db4:	6757      	str	r7, [r2, #116]	@ 0x74
10002db6:	6716      	str	r6, [r2, #112]	@ 0x70
10002db8:	4662      	mov	r2, ip
10002dba:	bdf0      	pop	{r4, r5, r6, r7, pc}

10002dbc <__wrap___aeabi_uldivmod>:
10002dbc:	4694      	mov	ip, r2
10002dbe:	4a3e      	ldr	r2, [pc, #248]	@ (10002eb8 <udiv0+0x1a>)
10002dc0:	6f92      	ldr	r2, [r2, #120]	@ 0x78
10002dc2:	0892      	lsrs	r2, r2, #2
10002dc4:	4662      	mov	r2, ip
10002dc6:	d201      	bcs.n	10002dcc <divmod_u64u64_savestate>
10002dc8:	e054      	b.n	10002e74 <divmod_u64u64_unsafe>
10002dca:	46c0      	nop			@ (mov r8, r8)

10002dcc <divmod_u64u64_savestate>:
10002dcc:	b5f0      	push	{r4, r5, r6, r7, lr}
10002dce:	4e3a      	ldr	r6, [pc, #232]	@ (10002eb8 <udiv0+0x1a>)
10002dd0:	6e34      	ldr	r4, [r6, #96]	@ 0x60
10002dd2:	6e75      	ldr	r5, [r6, #100]	@ 0x64
10002dd4:	6f77      	ldr	r7, [r6, #116]	@ 0x74
10002dd6:	6f36      	ldr	r6, [r6, #112]	@ 0x70
10002dd8:	f000 f84c 	bl	10002e74 <divmod_u64u64_unsafe>
10002ddc:	4694      	mov	ip, r2
10002dde:	4a36      	ldr	r2, [pc, #216]	@ (10002eb8 <udiv0+0x1a>)
10002de0:	6614      	str	r4, [r2, #96]	@ 0x60
10002de2:	6655      	str	r5, [r2, #100]	@ 0x64
10002de4:	6757      	str	r7, [r2, #116]	@ 0x74
10002de6:	6716      	str	r6, [r2, #112]	@ 0x70
10002de8:	4662      	mov	r2, ip
10002dea:	bdf0      	pop	{r4, r5, r6, r7, pc}

10002dec <divmod_s64s64_unsafe>:
10002dec:	2b00      	cmp	r3, #0
10002dee:	db24      	blt.n	10002e3a <l46_1+0x26>
10002df0:	d011      	beq.n	10002e16 <l46_1+0x2>
10002df2:	2900      	cmp	r1, #0
10002df4:	da3e      	bge.n	10002e74 <divmod_u64u64_unsafe>
10002df6:	b500      	push	{lr}
10002df8:	43c9      	mvns	r1, r1
10002dfa:	4240      	negs	r0, r0
10002dfc:	d100      	bne.n	10002e00 <l44_1>
10002dfe:	3101      	adds	r1, #1

10002e00 <l44_1>:
10002e00:	f000 f838 	bl	10002e74 <divmod_u64u64_unsafe>
10002e04:	43c9      	mvns	r1, r1
10002e06:	4240      	negs	r0, r0
10002e08:	d100      	bne.n	10002e0c <l45_1>
10002e0a:	3101      	adds	r1, #1

10002e0c <l45_1>:
10002e0c:	43db      	mvns	r3, r3
10002e0e:	4252      	negs	r2, r2
10002e10:	d100      	bne.n	10002e14 <l46_1>
10002e12:	3301      	adds	r3, #1

10002e14 <l46_1>:
10002e14:	bd00      	pop	{pc}
10002e16:	2a00      	cmp	r2, #0
10002e18:	d1eb      	bne.n	10002df2 <divmod_s64s64_unsafe+0x6>
10002e1a:	2800      	cmp	r0, #0
10002e1c:	d101      	bne.n	10002e22 <l46_1+0xe>
10002e1e:	2900      	cmp	r1, #0
10002e20:	d005      	beq.n	10002e2e <l46_1+0x1a>
10002e22:	2000      	movs	r0, #0
10002e24:	0fc9      	lsrs	r1, r1, #31
10002e26:	07c9      	lsls	r1, r1, #31
10002e28:	d101      	bne.n	10002e2e <l46_1+0x1a>
10002e2a:	43c0      	mvns	r0, r0
10002e2c:	0841      	lsrs	r1, r0, #1
10002e2e:	b500      	push	{lr}
10002e30:	f004 fb8e 	bl	10007550 <____aeabi_ldiv0_veneer>
10002e34:	2200      	movs	r2, #0
10002e36:	2300      	movs	r3, #0
10002e38:	bd00      	pop	{pc}
10002e3a:	b500      	push	{lr}
10002e3c:	2900      	cmp	r1, #0
10002e3e:	db0a      	blt.n	10002e56 <l48_1+0x2>
10002e40:	43db      	mvns	r3, r3
10002e42:	4252      	negs	r2, r2
10002e44:	d100      	bne.n	10002e48 <l47_1>
10002e46:	3301      	adds	r3, #1

10002e48 <l47_1>:
10002e48:	f000 f814 	bl	10002e74 <divmod_u64u64_unsafe>
10002e4c:	43c9      	mvns	r1, r1
10002e4e:	4240      	negs	r0, r0
10002e50:	d100      	bne.n	10002e54 <l48_1>
10002e52:	3101      	adds	r1, #1

10002e54 <l48_1>:
10002e54:	bd00      	pop	{pc}
10002e56:	43c9      	mvns	r1, r1
10002e58:	4240      	negs	r0, r0
10002e5a:	d100      	bne.n	10002e5e <l49_1>
10002e5c:	3101      	adds	r1, #1

10002e5e <l49_1>:
10002e5e:	43db      	mvns	r3, r3
10002e60:	4252      	negs	r2, r2
10002e62:	d100      	bne.n	10002e66 <l50_1>
10002e64:	3301      	adds	r3, #1

10002e66 <l50_1>:
10002e66:	f000 f805 	bl	10002e74 <divmod_u64u64_unsafe>
10002e6a:	43db      	mvns	r3, r3
10002e6c:	4252      	negs	r2, r2
10002e6e:	d100      	bne.n	10002e72 <l51_1>
10002e70:	3301      	adds	r3, #1

10002e72 <l51_1>:
10002e72:	bd00      	pop	{pc}

10002e74 <divmod_u64u64_unsafe>:
10002e74:	2900      	cmp	r1, #0
10002e76:	d123      	bne.n	10002ec0 <y64>
10002e78:	2b00      	cmp	r3, #0
10002e7a:	d118      	bne.n	10002eae <udiv0+0x10>
10002e7c:	2a00      	cmp	r2, #0
10002e7e:	d00c      	beq.n	10002e9a <divmod_u64u64_unsafe+0x26>
10002e80:	46bc      	mov	ip, r7
10002e82:	4f0d      	ldr	r7, [pc, #52]	@ (10002eb8 <udiv0+0x1a>)
10002e84:	6638      	str	r0, [r7, #96]	@ 0x60
10002e86:	667a      	str	r2, [r7, #100]	@ 0x64
10002e88:	2100      	movs	r1, #0
10002e8a:	2300      	movs	r3, #0
10002e8c:	e7ff      	b.n	10002e8e <divmod_u64u64_unsafe+0x1a>
10002e8e:	e7ff      	b.n	10002e90 <divmod_u64u64_unsafe+0x1c>
10002e90:	e7ff      	b.n	10002e92 <divmod_u64u64_unsafe+0x1e>
10002e92:	6f7a      	ldr	r2, [r7, #116]	@ 0x74
10002e94:	6f38      	ldr	r0, [r7, #112]	@ 0x70
10002e96:	4667      	mov	r7, ip
10002e98:	4770      	bx	lr
10002e9a:	2800      	cmp	r0, #0
10002e9c:	d001      	beq.n	10002ea2 <udiv0+0x4>

10002e9e <udiv0>:
10002e9e:	4807      	ldr	r0, [pc, #28]	@ (10002ebc <udiv0+0x1e>)
10002ea0:	0001      	movs	r1, r0
10002ea2:	b500      	push	{lr}
10002ea4:	f004 fb54 	bl	10007550 <____aeabi_ldiv0_veneer>
10002ea8:	2200      	movs	r2, #0
10002eaa:	2300      	movs	r3, #0
10002eac:	bd00      	pop	{pc}
10002eae:	0002      	movs	r2, r0
10002eb0:	000b      	movs	r3, r1
10002eb2:	2000      	movs	r0, #0
10002eb4:	2100      	movs	r1, #0
10002eb6:	4770      	bx	lr
10002eb8:	d0000000 	.word	0xd0000000
10002ebc:	ffffffff 	.word	0xffffffff

10002ec0 <y64>:
10002ec0:	2b00      	cmp	r3, #0
10002ec2:	d000      	beq.n	10002ec6 <y64+0x6>
10002ec4:	e0bf      	b.n	10003046 <y64_x48>
10002ec6:	0c13      	lsrs	r3, r2, #16
10002ec8:	d128      	bne.n	10002f1c <y64_x32>
10002eca:	2a00      	cmp	r2, #0
10002ecc:	d0e7      	beq.n	10002e9e <udiv0>
10002ece:	b480      	push	{r7}
10002ed0:	4f11      	ldr	r7, [pc, #68]	@ (10002f18 <y64+0x58>)
10002ed2:	6639      	str	r1, [r7, #96]	@ 0x60
10002ed4:	667a      	str	r2, [r7, #100]	@ 0x64
10002ed6:	e7ff      	b.n	10002ed8 <y64+0x18>
10002ed8:	e7ff      	b.n	10002eda <y64+0x1a>
10002eda:	b430      	push	{r4, r5}
10002edc:	0c04      	lsrs	r4, r0, #16
10002ede:	6f7b      	ldr	r3, [r7, #116]	@ 0x74
10002ee0:	6f39      	ldr	r1, [r7, #112]	@ 0x70
10002ee2:	041b      	lsls	r3, r3, #16
10002ee4:	4323      	orrs	r3, r4
10002ee6:	663b      	str	r3, [r7, #96]	@ 0x60
10002ee8:	667a      	str	r2, [r7, #100]	@ 0x64
10002eea:	e7ff      	b.n	10002eec <y64+0x2c>
10002eec:	e7ff      	b.n	10002eee <y64+0x2e>
10002eee:	e7ff      	b.n	10002ef0 <y64+0x30>
10002ef0:	46c0      	nop			@ (mov r8, r8)
10002ef2:	b284      	uxth	r4, r0
10002ef4:	6f7b      	ldr	r3, [r7, #116]	@ 0x74
10002ef6:	6f3d      	ldr	r5, [r7, #112]	@ 0x70
10002ef8:	041b      	lsls	r3, r3, #16
10002efa:	4323      	orrs	r3, r4
10002efc:	663b      	str	r3, [r7, #96]	@ 0x60
10002efe:	667a      	str	r2, [r7, #100]	@ 0x64
10002f00:	e7ff      	b.n	10002f02 <y64+0x42>
10002f02:	e7ff      	b.n	10002f04 <y64+0x44>
10002f04:	46c0      	nop			@ (mov r8, r8)
10002f06:	2300      	movs	r3, #0
10002f08:	042c      	lsls	r4, r5, #16
10002f0a:	0c2d      	lsrs	r5, r5, #16
10002f0c:	6f7a      	ldr	r2, [r7, #116]	@ 0x74
10002f0e:	6f38      	ldr	r0, [r7, #112]	@ 0x70
10002f10:	1900      	adds	r0, r0, r4
10002f12:	4169      	adcs	r1, r5
10002f14:	bcb0      	pop	{r4, r5, r7}
10002f16:	4770      	bx	lr
10002f18:	d0000000 	.word	0xd0000000

10002f1c <y64_x32>:
10002f1c:	b5f0      	push	{r4, r5, r6, r7, lr}
10002f1e:	4694      	mov	ip, r2
10002f20:	2500      	movs	r5, #0
10002f22:	0e14      	lsrs	r4, r2, #24
10002f24:	d101      	bne.n	10002f2a <y64_x32+0xe>
10002f26:	0212      	lsls	r2, r2, #8
10002f28:	3508      	adds	r5, #8
10002f2a:	0f14      	lsrs	r4, r2, #28
10002f2c:	d101      	bne.n	10002f32 <y64_x32+0x16>
10002f2e:	0112      	lsls	r2, r2, #4
10002f30:	3504      	adds	r5, #4
10002f32:	0f94      	lsrs	r4, r2, #30
10002f34:	d101      	bne.n	10002f3a <y64_x32+0x1e>
10002f36:	0092      	lsls	r2, r2, #2
10002f38:	3502      	adds	r5, #2
10002f3a:	0fd4      	lsrs	r4, r2, #31
10002f3c:	d101      	bne.n	10002f42 <y64_x32+0x26>
10002f3e:	0052      	lsls	r2, r2, #1
10002f40:	3501      	adds	r5, #1
10002f42:	0bd4      	lsrs	r4, r2, #15
10002f44:	3401      	adds	r4, #1
10002f46:	4f25      	ldr	r7, [pc, #148]	@ (10002fdc <y64_x32+0xc0>)
10002f48:	667c      	str	r4, [r7, #100]	@ 0x64
10002f4a:	4c25      	ldr	r4, [pc, #148]	@ (10002fe0 <y64_x32+0xc4>)
10002f4c:	663c      	str	r4, [r7, #96]	@ 0x60
10002f4e:	0c0e      	lsrs	r6, r1, #16
10002f50:	b293      	uxth	r3, r2
10002f52:	e7ff      	b.n	10002f54 <y64_x32+0x38>
10002f54:	e7ff      	b.n	10002f56 <y64_x32+0x3a>
10002f56:	e7ff      	b.n	10002f58 <y64_x32+0x3c>
10002f58:	6f3c      	ldr	r4, [r7, #112]	@ 0x70
10002f5a:	4366      	muls	r6, r4
10002f5c:	0c36      	lsrs	r6, r6, #16
10002f5e:	0377      	lsls	r7, r6, #13
10002f60:	46be      	mov	lr, r7
10002f62:	4373      	muls	r3, r6
10002f64:	0bdf      	lsrs	r7, r3, #15
10002f66:	045b      	lsls	r3, r3, #17
10002f68:	1ac0      	subs	r0, r0, r3
10002f6a:	41b9      	sbcs	r1, r7
10002f6c:	0c13      	lsrs	r3, r2, #16
10002f6e:	4373      	muls	r3, r6
10002f70:	18db      	adds	r3, r3, r3
10002f72:	1ac9      	subs	r1, r1, r3
10002f74:	08ce      	lsrs	r6, r1, #3
10002f76:	4366      	muls	r6, r4
10002f78:	0c36      	lsrs	r6, r6, #16
10002f7a:	44b6      	add	lr, r6
10002f7c:	b293      	uxth	r3, r2
10002f7e:	4373      	muls	r3, r6
10002f80:	0f1f      	lsrs	r7, r3, #28
10002f82:	011b      	lsls	r3, r3, #4
10002f84:	1ac0      	subs	r0, r0, r3
10002f86:	41b9      	sbcs	r1, r7
10002f88:	0c13      	lsrs	r3, r2, #16
10002f8a:	4373      	muls	r3, r6
10002f8c:	0b1f      	lsrs	r7, r3, #12
10002f8e:	051b      	lsls	r3, r3, #20
10002f90:	1ac0      	subs	r0, r0, r3
10002f92:	41b9      	sbcs	r1, r7
10002f94:	0d86      	lsrs	r6, r0, #22
10002f96:	028f      	lsls	r7, r1, #10
10002f98:	433e      	orrs	r6, r7
10002f9a:	4366      	muls	r6, r4
10002f9c:	0c36      	lsrs	r6, r6, #16
10002f9e:	2d09      	cmp	r5, #9
10002fa0:	db24      	blt.n	10002fec <last0>
10002fa2:	0a52      	lsrs	r2, r2, #9
10002fa4:	4372      	muls	r2, r6
10002fa6:	1a80      	subs	r0, r0, r2
10002fa8:	0377      	lsls	r7, r6, #13
10002faa:	0a46      	lsrs	r6, r0, #9
10002fac:	4366      	muls	r6, r4
10002fae:	0c36      	lsrs	r6, r6, #16
10002fb0:	2316      	movs	r3, #22
10002fb2:	1b5b      	subs	r3, r3, r5
10002fb4:	40de      	lsrs	r6, r3
10002fb6:	40df      	lsrs	r7, r3
10002fb8:	19bf      	adds	r7, r7, r6
10002fba:	4664      	mov	r4, ip
10002fbc:	4366      	muls	r6, r4
10002fbe:	1b82      	subs	r2, r0, r6
10002fc0:	4670      	mov	r0, lr
10002fc2:	3504      	adds	r5, #4
10002fc4:	3306      	adds	r3, #6
10002fc6:	0001      	movs	r1, r0
10002fc8:	40d9      	lsrs	r1, r3
10002fca:	40a8      	lsls	r0, r5
10002fcc:	19c0      	adds	r0, r0, r7
10002fce:	d300      	bcc.n	10002fd2 <y64_x32+0xb6>
10002fd0:	3101      	adds	r1, #1
10002fd2:	42a2      	cmp	r2, r4
10002fd4:	d206      	bcs.n	10002fe4 <y64_x32+0xc8>
10002fd6:	2300      	movs	r3, #0
10002fd8:	bdf0      	pop	{r4, r5, r6, r7, pc}
10002fda:	0000      	.short	0x0000
10002fdc:	d0000000 	.word	0xd0000000
10002fe0:	ffffffff 	.word	0xffffffff
10002fe4:	1b12      	subs	r2, r2, r4
10002fe6:	3001      	adds	r0, #1
10002fe8:	d3f3      	bcc.n	10002fd2 <y64_x32+0xb6>
10002fea:	e7f1      	b.n	10002fd0 <y64_x32+0xb4>

10002fec <last0>:
10002fec:	2709      	movs	r7, #9
10002fee:	1b7f      	subs	r7, r7, r5
10002ff0:	40fe      	lsrs	r6, r7
10002ff2:	4664      	mov	r4, ip
10002ff4:	b2a2      	uxth	r2, r4
10002ff6:	4372      	muls	r2, r6
10002ff8:	1a80      	subs	r0, r0, r2
10002ffa:	d200      	bcs.n	10002ffe <last0+0x12>
10002ffc:	3901      	subs	r1, #1
10002ffe:	0c22      	lsrs	r2, r4, #16
10003000:	4372      	muls	r2, r6
10003002:	0c13      	lsrs	r3, r2, #16
10003004:	0412      	lsls	r2, r2, #16
10003006:	1a82      	subs	r2, r0, r2
10003008:	4199      	sbcs	r1, r3
1000300a:	000b      	movs	r3, r1
1000300c:	4670      	mov	r0, lr
1000300e:	3504      	adds	r5, #4
10003010:	3713      	adds	r7, #19
10003012:	0001      	movs	r1, r0
10003014:	40f9      	lsrs	r1, r7
10003016:	40a8      	lsls	r0, r5
10003018:	1980      	adds	r0, r0, r6
1000301a:	d300      	bcc.n	1000301e <last0+0x32>
1000301c:	3101      	adds	r1, #1
1000301e:	2b00      	cmp	r3, #0
10003020:	d102      	bne.n	10003028 <last0+0x3c>
10003022:	42a2      	cmp	r2, r4
10003024:	d20a      	bcs.n	1000303c <last0+0x50>
10003026:	bdf0      	pop	{r4, r5, r6, r7, pc}
10003028:	3001      	adds	r0, #1
1000302a:	d300      	bcc.n	1000302e <last0+0x42>
1000302c:	3101      	adds	r1, #1
1000302e:	1b12      	subs	r2, r2, r4
10003030:	d2fa      	bcs.n	10003028 <last0+0x3c>
10003032:	3b01      	subs	r3, #1
10003034:	d1f8      	bne.n	10003028 <last0+0x3c>
10003036:	42a2      	cmp	r2, r4
10003038:	d200      	bcs.n	1000303c <last0+0x50>
1000303a:	bdf0      	pop	{r4, r5, r6, r7, pc}
1000303c:	3001      	adds	r0, #1
1000303e:	d300      	bcc.n	10003042 <last0+0x56>
10003040:	3101      	adds	r1, #1
10003042:	1b12      	subs	r2, r2, r4
10003044:	e7f7      	b.n	10003036 <last0+0x4a>

10003046 <y64_x48>:
10003046:	b5f0      	push	{r4, r5, r6, r7, lr}
10003048:	0c1c      	lsrs	r4, r3, #16
1000304a:	d000      	beq.n	1000304e <y64_x48+0x8>
1000304c:	e080      	b.n	10003150 <y64_x64>
1000304e:	b40c      	push	{r2, r3}
10003050:	2500      	movs	r5, #0
10003052:	0a1c      	lsrs	r4, r3, #8
10003054:	d104      	bne.n	10003060 <y64_x48+0x1a>
10003056:	021b      	lsls	r3, r3, #8
10003058:	0e16      	lsrs	r6, r2, #24
1000305a:	4333      	orrs	r3, r6
1000305c:	0212      	lsls	r2, r2, #8
1000305e:	3508      	adds	r5, #8
10003060:	0b1c      	lsrs	r4, r3, #12
10003062:	d104      	bne.n	1000306e <y64_x48+0x28>
10003064:	011b      	lsls	r3, r3, #4
10003066:	0f16      	lsrs	r6, r2, #28
10003068:	4333      	orrs	r3, r6
1000306a:	0112      	lsls	r2, r2, #4
1000306c:	3504      	adds	r5, #4
1000306e:	0b9c      	lsrs	r4, r3, #14
10003070:	d104      	bne.n	1000307c <y64_x48+0x36>
10003072:	009b      	lsls	r3, r3, #2
10003074:	0f96      	lsrs	r6, r2, #30
10003076:	4333      	orrs	r3, r6
10003078:	0092      	lsls	r2, r2, #2
1000307a:	3502      	adds	r5, #2
1000307c:	0bdc      	lsrs	r4, r3, #15
1000307e:	d102      	bne.n	10003086 <y64_x48+0x40>
10003080:	1892      	adds	r2, r2, r2
10003082:	415b      	adcs	r3, r3
10003084:	3501      	adds	r5, #1
10003086:	001c      	movs	r4, r3
10003088:	1897      	adds	r7, r2, r2
1000308a:	4164      	adcs	r4, r4
1000308c:	3401      	adds	r4, #1
1000308e:	4f46      	ldr	r7, [pc, #280]	@ (100031a8 <y64_x64+0x58>)
10003090:	667c      	str	r4, [r7, #100]	@ 0x64
10003092:	4c46      	ldr	r4, [pc, #280]	@ (100031ac <y64_x64+0x5c>)
10003094:	663c      	str	r4, [r7, #96]	@ 0x60
10003096:	0c0e      	lsrs	r6, r1, #16
10003098:	e7ff      	b.n	1000309a <y64_x48+0x54>
1000309a:	e7ff      	b.n	1000309c <y64_x48+0x56>
1000309c:	e7ff      	b.n	1000309e <y64_x48+0x58>
1000309e:	46c0      	nop			@ (mov r8, r8)
100030a0:	6f3c      	ldr	r4, [r7, #112]	@ 0x70
100030a2:	4366      	muls	r6, r4
100030a4:	0c36      	lsrs	r6, r6, #16
100030a6:	0377      	lsls	r7, r6, #13
100030a8:	46be      	mov	lr, r7
100030aa:	b297      	uxth	r7, r2
100030ac:	4377      	muls	r7, r6
100030ae:	1bc0      	subs	r0, r0, r7
100030b0:	d200      	bcs.n	100030b4 <y64_x48+0x6e>
100030b2:	3901      	subs	r1, #1
100030b4:	1bc0      	subs	r0, r0, r7
100030b6:	d200      	bcs.n	100030ba <y64_x48+0x74>
100030b8:	3901      	subs	r1, #1
100030ba:	b29f      	uxth	r7, r3
100030bc:	4377      	muls	r7, r6
100030be:	1bc9      	subs	r1, r1, r7
100030c0:	1bc9      	subs	r1, r1, r7
100030c2:	0c17      	lsrs	r7, r2, #16
100030c4:	4377      	muls	r7, r6
100030c6:	047e      	lsls	r6, r7, #17
100030c8:	0bff      	lsrs	r7, r7, #15
100030ca:	1b80      	subs	r0, r0, r6
100030cc:	41b9      	sbcs	r1, r7
100030ce:	08ce      	lsrs	r6, r1, #3
100030d0:	4366      	muls	r6, r4
100030d2:	0c36      	lsrs	r6, r6, #16
100030d4:	2d0c      	cmp	r5, #12
100030d6:	db33      	blt.n	10003140 <last1>
100030d8:	44b6      	add	lr, r6
100030da:	0b12      	lsrs	r2, r2, #12
100030dc:	051f      	lsls	r7, r3, #20
100030de:	433a      	orrs	r2, r7
100030e0:	0b1b      	lsrs	r3, r3, #12
100030e2:	b297      	uxth	r7, r2
100030e4:	4377      	muls	r7, r6
100030e6:	1bc0      	subs	r0, r0, r7
100030e8:	d200      	bcs.n	100030ec <y64_x48+0xa6>
100030ea:	3901      	subs	r1, #1
100030ec:	b29f      	uxth	r7, r3
100030ee:	4377      	muls	r7, r6
100030f0:	1bc9      	subs	r1, r1, r7
100030f2:	0c17      	lsrs	r7, r2, #16
100030f4:	4377      	muls	r7, r6
100030f6:	043e      	lsls	r6, r7, #16
100030f8:	0c3f      	lsrs	r7, r7, #16
100030fa:	1b80      	subs	r0, r0, r6
100030fc:	41b9      	sbcs	r1, r7
100030fe:	0d86      	lsrs	r6, r0, #22
10003100:	028f      	lsls	r7, r1, #10
10003102:	433e      	orrs	r6, r7
10003104:	4366      	muls	r6, r4
10003106:	2729      	movs	r7, #41	@ 0x29
10003108:	1b7f      	subs	r7, r7, r5
1000310a:	40fe      	lsrs	r6, r7
1000310c:	3d0c      	subs	r5, #12
1000310e:	4677      	mov	r7, lr
10003110:	40af      	lsls	r7, r5
10003112:	19bf      	adds	r7, r7, r6
10003114:	bc30      	pop	{r4, r5}
10003116:	b2a2      	uxth	r2, r4
10003118:	b2ab      	uxth	r3, r5
1000311a:	4372      	muls	r2, r6
1000311c:	4373      	muls	r3, r6
1000311e:	1a80      	subs	r0, r0, r2
10003120:	4199      	sbcs	r1, r3
10003122:	0c22      	lsrs	r2, r4, #16
10003124:	4372      	muls	r2, r6
10003126:	0c13      	lsrs	r3, r2, #16
10003128:	0412      	lsls	r2, r2, #16
1000312a:	1a80      	subs	r0, r0, r2
1000312c:	4199      	sbcs	r1, r3
1000312e:	0002      	movs	r2, r0
10003130:	000b      	movs	r3, r1
10003132:	3701      	adds	r7, #1
10003134:	1b00      	subs	r0, r0, r4
10003136:	41a9      	sbcs	r1, r5
10003138:	d2f9      	bcs.n	1000312e <y64_x48+0xe8>
1000313a:	1e78      	subs	r0, r7, #1
1000313c:	2100      	movs	r1, #0
1000313e:	bdf0      	pop	{r4, r5, r6, r7, pc}

10003140 <last1>:
10003140:	270c      	movs	r7, #12
10003142:	1b7f      	subs	r7, r7, r5
10003144:	40fe      	lsrs	r6, r7
10003146:	4677      	mov	r7, lr
10003148:	0b7f      	lsrs	r7, r7, #13
1000314a:	40af      	lsls	r7, r5
1000314c:	19ff      	adds	r7, r7, r7
1000314e:	e7e0      	b.n	10003112 <y64_x48+0xcc>

10003150 <y64_x64>:
10003150:	2400      	movs	r4, #0
10003152:	1c5d      	adds	r5, r3, #1
10003154:	d007      	beq.n	10003166 <y64_x64+0x16>
10003156:	4f14      	ldr	r7, [pc, #80]	@ (100031a8 <y64_x64+0x58>)
10003158:	667d      	str	r5, [r7, #100]	@ 0x64
1000315a:	6639      	str	r1, [r7, #96]	@ 0x60
1000315c:	e7ff      	b.n	1000315e <y64_x64+0xe>
1000315e:	e7ff      	b.n	10003160 <y64_x64+0x10>
10003160:	e7ff      	b.n	10003162 <y64_x64+0x12>
10003162:	e7ff      	b.n	10003164 <y64_x64+0x14>
10003164:	6f3c      	ldr	r4, [r7, #112]	@ 0x70
10003166:	b295      	uxth	r5, r2
10003168:	b29e      	uxth	r6, r3
1000316a:	4365      	muls	r5, r4
1000316c:	4366      	muls	r6, r4
1000316e:	1b40      	subs	r0, r0, r5
10003170:	41b1      	sbcs	r1, r6
10003172:	0c15      	lsrs	r5, r2, #16
10003174:	0c1e      	lsrs	r6, r3, #16
10003176:	4365      	muls	r5, r4
10003178:	4366      	muls	r6, r4
1000317a:	0436      	lsls	r6, r6, #16
1000317c:	0c2f      	lsrs	r7, r5, #16
1000317e:	433e      	orrs	r6, r7
10003180:	042d      	lsls	r5, r5, #16
10003182:	1b40      	subs	r0, r0, r5
10003184:	41b1      	sbcs	r1, r6
10003186:	4299      	cmp	r1, r3
10003188:	d204      	bcs.n	10003194 <y64_x64+0x44>
1000318a:	0002      	movs	r2, r0
1000318c:	000b      	movs	r3, r1
1000318e:	0020      	movs	r0, r4
10003190:	2100      	movs	r1, #0
10003192:	bdf0      	pop	{r4, r5, r6, r7, pc}
10003194:	d101      	bne.n	1000319a <y64_x64+0x4a>
10003196:	4290      	cmp	r0, r2
10003198:	d3f7      	bcc.n	1000318a <y64_x64+0x3a>
1000319a:	1a80      	subs	r0, r0, r2
1000319c:	4199      	sbcs	r1, r3
1000319e:	3401      	adds	r4, #1
100031a0:	4299      	cmp	r1, r3
100031a2:	d3f2      	bcc.n	1000318a <y64_x64+0x3a>
100031a4:	e7f6      	b.n	10003194 <y64_x64+0x44>
100031a6:	0000      	.short	0x0000
100031a8:	d0000000 	.word	0xd0000000
100031ac:	ffffffff 	.word	0xffffffff

100031b0 <__wrap___aeabi_drsub>:
100031b0:	4048      	eors	r0, r1
100031b2:	4041      	eors	r1, r0
100031b4:	4048      	eors	r0, r1

100031b6 <__wrap___aeabi_dsub>:
100031b6:	b418      	push	{r3, r4}
100031b8:	4b13      	ldr	r3, [pc, #76]	@ (10003208 <__wrap___aeabi_dmul+0xa>)
100031ba:	685b      	ldr	r3, [r3, #4]
100031bc:	9301      	str	r3, [sp, #4]
100031be:	bd08      	pop	{r3, pc}

100031c0 <__wrap___aeabi_dadd>:
100031c0:	b418      	push	{r3, r4}
100031c2:	4b11      	ldr	r3, [pc, #68]	@ (10003208 <__wrap___aeabi_dmul+0xa>)
100031c4:	681b      	ldr	r3, [r3, #0]
100031c6:	9301      	str	r3, [sp, #4]
100031c8:	bd08      	pop	{r3, pc}

100031ca <__wrap___aeabi_ddiv>:
100031ca:	4694      	mov	ip, r2
100031cc:	4a0f      	ldr	r2, [pc, #60]	@ (1000320c <__wrap___aeabi_dmul+0xe>)
100031ce:	6f92      	ldr	r2, [r2, #120]	@ 0x78
100031d0:	0892      	lsrs	r2, r2, #2
100031d2:	d205      	bcs.n	100031e0 <ddiv_save_state>
100031d4:	4662      	mov	r2, ip

100031d6 <ddiv_shim_call>:
100031d6:	b418      	push	{r3, r4}
100031d8:	4b0b      	ldr	r3, [pc, #44]	@ (10003208 <__wrap___aeabi_dmul+0xa>)
100031da:	68db      	ldr	r3, [r3, #12]
100031dc:	9301      	str	r3, [sp, #4]
100031de:	bd08      	pop	{r3, pc}

100031e0 <ddiv_save_state>:
100031e0:	4a0a      	ldr	r2, [pc, #40]	@ (1000320c <__wrap___aeabi_dmul+0xe>)
100031e2:	b5f0      	push	{r4, r5, r6, r7, lr}
100031e4:	6e14      	ldr	r4, [r2, #96]	@ 0x60
100031e6:	6e55      	ldr	r5, [r2, #100]	@ 0x64
100031e8:	6f57      	ldr	r7, [r2, #116]	@ 0x74
100031ea:	6f16      	ldr	r6, [r2, #112]	@ 0x70
100031ec:	4662      	mov	r2, ip
100031ee:	f7ff fff2 	bl	100031d6 <ddiv_shim_call>
100031f2:	4a06      	ldr	r2, [pc, #24]	@ (1000320c <__wrap___aeabi_dmul+0xe>)
100031f4:	6614      	str	r4, [r2, #96]	@ 0x60
100031f6:	6655      	str	r5, [r2, #100]	@ 0x64
100031f8:	6757      	str	r7, [r2, #116]	@ 0x74
100031fa:	6716      	str	r6, [r2, #112]	@ 0x70
100031fc:	bdf0      	pop	{r4, r5, r6, r7, pc}

100031fe <__wrap___aeabi_dmul>:
100031fe:	b418      	push	{r3, r4}
10003200:	4b01      	ldr	r3, [pc, #4]	@ (10003208 <__wrap___aeabi_dmul+0xa>)
10003202:	689b      	ldr	r3, [r3, #8]
10003204:	9301      	str	r3, [sp, #4]
10003206:	bd08      	pop	{r3, pc}
10003208:	200012c0 	.word	0x200012c0
1000320c:	d0000000 	.word	0xd0000000

10003210 <__wrap___aeabi_cdrcmple>:
10003210:	b5ff      	push	{r0, r1, r2, r3, r4, r5, r6, r7, lr}
10003212:	4050      	eors	r0, r2
10003214:	4042      	eors	r2, r0
10003216:	4050      	eors	r0, r2
10003218:	4059      	eors	r1, r3
1000321a:	404b      	eors	r3, r1
1000321c:	4059      	eors	r1, r3
1000321e:	e000      	b.n	10003222 <__aeabi_dfcmple_guts>

10003220 <__wrap___aeabi_cdcmpeq>:
10003220:	b5ff      	push	{r0, r1, r2, r3, r4, r5, r6, r7, lr}

10003222 <__aeabi_dfcmple_guts>:
10003222:	4f15      	ldr	r7, [pc, #84]	@ (10003278 <__aeabi_dfcmple_guts+0x56>)
10003224:	004c      	lsls	r4, r1, #1
10003226:	0d64      	lsrs	r4, r4, #21
10003228:	d003      	beq.n	10003232 <__aeabi_dfcmple_guts+0x10>
1000322a:	42bc      	cmp	r4, r7
1000322c:	d104      	bne.n	10003238 <__aeabi_dfcmple_guts+0x16>
1000322e:	030c      	lsls	r4, r1, #12
10003230:	d814      	bhi.n	1000325c <__aeabi_dfcmple_guts+0x3a>
10003232:	2000      	movs	r0, #0
10003234:	0d09      	lsrs	r1, r1, #20
10003236:	0509      	lsls	r1, r1, #20
10003238:	005c      	lsls	r4, r3, #1
1000323a:	0d64      	lsrs	r4, r4, #21
1000323c:	d003      	beq.n	10003246 <__aeabi_dfcmple_guts+0x24>
1000323e:	42bc      	cmp	r4, r7
10003240:	d104      	bne.n	1000324c <__aeabi_dfcmple_guts+0x2a>
10003242:	031c      	lsls	r4, r3, #12
10003244:	d80a      	bhi.n	1000325c <__aeabi_dfcmple_guts+0x3a>
10003246:	2200      	movs	r2, #0
10003248:	0d1b      	lsrs	r3, r3, #20
1000324a:	051b      	lsls	r3, r3, #20
1000324c:	2601      	movs	r6, #1
1000324e:	404b      	eors	r3, r1
10003250:	d409      	bmi.n	10003266 <__aeabi_dfcmple_guts+0x44>
10003252:	404b      	eors	r3, r1
10003254:	d503      	bpl.n	1000325e <__aeabi_dfcmple_guts+0x3c>
10003256:	428b      	cmp	r3, r1
10003258:	d100      	bne.n	1000325c <__aeabi_dfcmple_guts+0x3a>
1000325a:	4282      	cmp	r2, r0
1000325c:	bdff      	pop	{r0, r1, r2, r3, r4, r5, r6, r7, pc}
1000325e:	4299      	cmp	r1, r3
10003260:	d1fc      	bne.n	1000325c <__aeabi_dfcmple_guts+0x3a>
10003262:	4290      	cmp	r0, r2
10003264:	bdff      	pop	{r0, r1, r2, r3, r4, r5, r6, r7, pc}
10003266:	430b      	orrs	r3, r1
10003268:	18db      	adds	r3, r3, r3
1000326a:	4303      	orrs	r3, r0
1000326c:	4313      	orrs	r3, r2
1000326e:	d0f5      	beq.n	1000325c <__aeabi_dfcmple_guts+0x3a>
10003270:	43c9      	mvns	r1, r1
10003272:	1849      	adds	r1, r1, r1
10003274:	bdff      	pop	{r0, r1, r2, r3, r4, r5, r6, r7, pc}
10003276:	0000      	.short	0x0000
10003278:	000007ff 	.word	0x000007ff

1000327c <__wrap___aeabi_dcmplt>:
1000327c:	b500      	push	{lr}
1000327e:	f7ff ffcf 	bl	10003220 <__wrap___aeabi_cdcmpeq>
10003282:	4180      	sbcs	r0, r0
10003284:	bd00      	pop	{pc}
10003286:	46c0      	nop			@ (mov r8, r8)

10003288 <__wrap___aeabi_dcmple>:
10003288:	b500      	push	{lr}
1000328a:	f7ff ffc9 	bl	10003220 <__wrap___aeabi_cdcmpeq>
1000328e:	d901      	bls.n	10003294 <__wrap___aeabi_dcmple+0xc>
10003290:	2000      	movs	r0, #0
10003292:	bd00      	pop	{pc}
10003294:	2001      	movs	r0, #1
10003296:	bd00      	pop	{pc}

10003298 <__wrap___aeabi_dcmpge>:
10003298:	b500      	push	{lr}
1000329a:	f7ff ffb9 	bl	10003210 <__wrap___aeabi_cdrcmple>
1000329e:	d901      	bls.n	100032a4 <__wrap___aeabi_dcmpge+0xc>
100032a0:	2000      	movs	r0, #0
100032a2:	bd00      	pop	{pc}
100032a4:	2001      	movs	r0, #1
100032a6:	bd00      	pop	{pc}

100032a8 <__wrap___aeabi_dcmpgt>:
100032a8:	b500      	push	{lr}
100032aa:	f7ff ffb1 	bl	10003210 <__wrap___aeabi_cdrcmple>
100032ae:	4180      	sbcs	r0, r0
100032b0:	bd00      	pop	{pc}

100032b2 <__wrap___aeabi_dcmpun>:
100032b2:	2001      	movs	r0, #1
100032b4:	0540      	lsls	r0, r0, #21
100032b6:	004a      	lsls	r2, r1, #1
100032b8:	1812      	adds	r2, r2, r0
100032ba:	d804      	bhi.n	100032c6 <__wrap___aeabi_dcmpun+0x14>
100032bc:	005a      	lsls	r2, r3, #1
100032be:	1812      	adds	r2, r2, r0
100032c0:	d801      	bhi.n	100032c6 <__wrap___aeabi_dcmpun+0x14>
100032c2:	2000      	movs	r0, #0
100032c4:	4770      	bx	lr
100032c6:	2001      	movs	r0, #1
100032c8:	4770      	bx	lr
	...

100032cc <__wrap___aeabi_ui2d>:
100032cc:	2100      	movs	r1, #0
100032ce:	2800      	cmp	r0, #0
100032d0:	d105      	bne.n	100032de <__wrap___aeabi_i2d+0xa>
100032d2:	4770      	bx	lr

100032d4 <__wrap___aeabi_i2d>:
100032d4:	17c1      	asrs	r1, r0, #31
100032d6:	4048      	eors	r0, r1
100032d8:	1a40      	subs	r0, r0, r1
100032da:	d0fa      	beq.n	100032d2 <__wrap___aeabi_ui2d+0x6>
100032dc:	07c9      	lsls	r1, r1, #31
100032de:	b513      	push	{r0, r1, r4, lr}
100032e0:	4b06      	ldr	r3, [pc, #24]	@ (100032fc <__wrap___aeabi_i2d+0x28>)
100032e2:	681b      	ldr	r3, [r3, #0]
100032e4:	4798      	blx	r3
100032e6:	bc0c      	pop	{r2, r3}
100032e8:	1c44      	adds	r4, r0, #1
100032ea:	40a2      	lsls	r2, r4
100032ec:	0510      	lsls	r0, r2, #20
100032ee:	0b12      	lsrs	r2, r2, #12
100032f0:	4903      	ldr	r1, [pc, #12]	@ (10003300 <__wrap___aeabi_i2d+0x2c>)
100032f2:	1b09      	subs	r1, r1, r4
100032f4:	0509      	lsls	r1, r1, #20
100032f6:	4319      	orrs	r1, r3
100032f8:	4311      	orrs	r1, r2
100032fa:	bd10      	pop	{r4, pc}
100032fc:	20001b78 	.word	0x20001b78
10003300:	0000041f 	.word	0x0000041f

10003304 <__wrap___aeabi_d2iz>:
10003304:	b510      	push	{r4, lr}
10003306:	004c      	lsls	r4, r1, #1
10003308:	0d62      	lsrs	r2, r4, #21
1000330a:	2380      	movs	r3, #128	@ 0x80
1000330c:	18d2      	adds	r2, r2, r3
1000330e:	00db      	lsls	r3, r3, #3
10003310:	1ad2      	subs	r2, r2, r3
10003312:	055b      	lsls	r3, r3, #21
10003314:	2a7e      	cmp	r2, #126	@ 0x7e
10003316:	dd10      	ble.n	1000333a <__wrap___aeabi_d2iz+0x36>
10003318:	3a9e      	subs	r2, #158	@ 0x9e
1000331a:	da13      	bge.n	10003344 <__wrap___aeabi_d2iz+0x40>
1000331c:	17cc      	asrs	r4, r1, #31
1000331e:	0309      	lsls	r1, r1, #12
10003320:	0849      	lsrs	r1, r1, #1
10003322:	4319      	orrs	r1, r3
10003324:	4252      	negs	r2, r2
10003326:	40d1      	lsrs	r1, r2
10003328:	0064      	lsls	r4, r4, #1
1000332a:	3401      	adds	r4, #1
1000332c:	3215      	adds	r2, #21
1000332e:	2a20      	cmp	r2, #32
10003330:	da05      	bge.n	1000333e <__wrap___aeabi_d2iz+0x3a>
10003332:	40d0      	lsrs	r0, r2
10003334:	4308      	orrs	r0, r1
10003336:	4360      	muls	r0, r4
10003338:	bd10      	pop	{r4, pc}
1000333a:	2000      	movs	r0, #0
1000333c:	bd10      	pop	{r4, pc}
1000333e:	4608      	mov	r0, r1
10003340:	4360      	muls	r0, r4
10003342:	bd10      	pop	{r4, pc}
10003344:	0fc8      	lsrs	r0, r1, #31
10003346:	18c0      	adds	r0, r0, r3
10003348:	3801      	subs	r0, #1
1000334a:	bd10      	pop	{r4, pc}

1000334c <__wrap___aeabi_d2uiz>:
1000334c:	b418      	push	{r3, r4}
1000334e:	4b02      	ldr	r3, [pc, #8]	@ (10003358 <__wrap___aeabi_d2uiz+0xc>)
10003350:	6a5b      	ldr	r3, [r3, #36]	@ 0x24
10003352:	9301      	str	r3, [sp, #4]
10003354:	bd08      	pop	{r3, pc}
10003356:	0000      	.short	0x0000
10003358:	200012c0 	.word	0x200012c0

1000335c <missing_double_func_shim>:
1000335c:	b510      	push	{r4, lr}
1000335e:	4801      	ldr	r0, [pc, #4]	@ (10003364 <missing_double_func_shim+0x8>)
10003360:	f7fe f9c8 	bl	100016f4 <panic>
10003364:	10007790 	.word	0x10007790

10003368 <__aeabi_double_init>:
10003368:	2313      	movs	r3, #19
1000336a:	b570      	push	{r4, r5, r6, lr}
1000336c:	781d      	ldrb	r5, [r3, #0]
1000336e:	2d01      	cmp	r5, #1
10003370:	d019      	beq.n	100033a6 <__aeabi_double_init+0x3e>
10003372:	dd14      	ble.n	1000339e <__aeabi_double_init+0x36>
10003374:	481d      	ldr	r0, [pc, #116]	@ (100033ec <__aeabi_double_init+0x84>)
10003376:	f7ff fb3f 	bl	100029f8 <rom_data_lookup>
1000337a:	0006      	movs	r6, r0
1000337c:	481c      	ldr	r0, [pc, #112]	@ (100033f0 <__aeabi_double_init+0x88>)
1000337e:	f7ff fb3b 	bl	100029f8 <rom_data_lookup>
10003382:	4c1c      	ldr	r4, [pc, #112]	@ (100033f4 <__aeabi_double_init+0x8c>)
10003384:	2280      	movs	r2, #128	@ 0x80
10003386:	0031      	movs	r1, r6
10003388:	0020      	movs	r0, r4
1000338a:	f000 f93b 	bl	10003604 <__wrap___aeabi_memcpy>
1000338e:	2d02      	cmp	r5, #2
10003390:	d006      	beq.n	100033a0 <__aeabi_double_init+0x38>
10003392:	4819      	ldr	r0, [pc, #100]	@ (100033f8 <__aeabi_double_init+0x90>)
10003394:	f7ff fb28 	bl	100029e8 <rom_func_lookup>
10003398:	4b18      	ldr	r3, [pc, #96]	@ (100033fc <__aeabi_double_init+0x94>)
1000339a:	6018      	str	r0, [r3, #0]
1000339c:	bd70      	pop	{r4, r5, r6, pc}
1000339e:	4c15      	ldr	r4, [pc, #84]	@ (100033f4 <__aeabi_double_init+0x8c>)
100033a0:	4b17      	ldr	r3, [pc, #92]	@ (10003400 <__aeabi_double_init+0x98>)
100033a2:	64a3      	str	r3, [r4, #72]	@ 0x48
100033a4:	e7f5      	b.n	10003392 <__aeabi_double_init+0x2a>
100033a6:	4b17      	ldr	r3, [pc, #92]	@ (10003404 <__aeabi_double_init+0x9c>)
100033a8:	4c12      	ldr	r4, [pc, #72]	@ (100033f4 <__aeabi_double_init+0x8c>)
100033aa:	6023      	str	r3, [r4, #0]
100033ac:	6063      	str	r3, [r4, #4]
100033ae:	60a3      	str	r3, [r4, #8]
100033b0:	60e3      	str	r3, [r4, #12]
100033b2:	6123      	str	r3, [r4, #16]
100033b4:	6163      	str	r3, [r4, #20]
100033b6:	61a3      	str	r3, [r4, #24]
100033b8:	61e3      	str	r3, [r4, #28]
100033ba:	6223      	str	r3, [r4, #32]
100033bc:	6263      	str	r3, [r4, #36]	@ 0x24
100033be:	62a3      	str	r3, [r4, #40]	@ 0x28
100033c0:	62e3      	str	r3, [r4, #44]	@ 0x2c
100033c2:	6323      	str	r3, [r4, #48]	@ 0x30
100033c4:	6363      	str	r3, [r4, #52]	@ 0x34
100033c6:	63a3      	str	r3, [r4, #56]	@ 0x38
100033c8:	63e3      	str	r3, [r4, #60]	@ 0x3c
100033ca:	6423      	str	r3, [r4, #64]	@ 0x40
100033cc:	6463      	str	r3, [r4, #68]	@ 0x44
100033ce:	64a3      	str	r3, [r4, #72]	@ 0x48
100033d0:	64e3      	str	r3, [r4, #76]	@ 0x4c
100033d2:	6523      	str	r3, [r4, #80]	@ 0x50
100033d4:	6563      	str	r3, [r4, #84]	@ 0x54
100033d6:	65a3      	str	r3, [r4, #88]	@ 0x58
100033d8:	65e3      	str	r3, [r4, #92]	@ 0x5c
100033da:	6623      	str	r3, [r4, #96]	@ 0x60
100033dc:	6663      	str	r3, [r4, #100]	@ 0x64
100033de:	66a3      	str	r3, [r4, #104]	@ 0x68
100033e0:	66e3      	str	r3, [r4, #108]	@ 0x6c
100033e2:	6723      	str	r3, [r4, #112]	@ 0x70
100033e4:	6763      	str	r3, [r4, #116]	@ 0x74
100033e6:	67a3      	str	r3, [r4, #120]	@ 0x78
100033e8:	67e3      	str	r3, [r4, #124]	@ 0x7c
100033ea:	e7d9      	b.n	100033a0 <__aeabi_double_init+0x38>
100033ec:	00004453 	.word	0x00004453
100033f0:	00004653 	.word	0x00004653
100033f4:	200012c0 	.word	0x200012c0
100033f8:	0000334c 	.word	0x0000334c
100033fc:	20001b78 	.word	0x20001b78
10003400:	10003409 	.word	0x10003409
10003404:	1000335d 	.word	0x1000335d

10003408 <double_table_shim_on_use_helper>:
10003408:	b507      	push	{r0, r1, r2, lr}
1000340a:	4660      	mov	r0, ip
1000340c:	8801      	ldrh	r1, [r0, #0]
1000340e:	0a0a      	lsrs	r2, r1, #8
10003410:	3002      	adds	r0, #2
10003412:	2adf      	cmp	r2, #223	@ 0xdf
10003414:	d1fa      	bne.n	1000340c <double_table_shim_on_use_helper+0x4>
10003416:	b2c9      	uxtb	r1, r1
10003418:	0882      	lsrs	r2, r0, #2
1000341a:	d304      	bcc.n	10003426 <double_table_shim_on_use_helper+0x1e>
1000341c:	8802      	ldrh	r2, [r0, #0]
1000341e:	8840      	ldrh	r0, [r0, #2]
10003420:	0400      	lsls	r0, r0, #16
10003422:	4310      	orrs	r0, r2
10003424:	e000      	b.n	10003428 <double_table_shim_on_use_helper+0x20>
10003426:	6800      	ldr	r0, [r0, #0]
10003428:	4a01      	ldr	r2, [pc, #4]	@ (10003430 <double_table_shim_on_use_helper+0x28>)
1000342a:	5050      	str	r0, [r2, r1]
1000342c:	9003      	str	r0, [sp, #12]
1000342e:	bd07      	pop	{r0, r1, r2, pc}
10003430:	200012c0 	.word	0x200012c0

10003434 <__wrap___aeabi_lmul>:
10003434:	4351      	muls	r1, r2
10003436:	4343      	muls	r3, r0
10003438:	18c9      	adds	r1, r1, r3
1000343a:	468c      	mov	ip, r1
1000343c:	0c11      	lsrs	r1, r2, #16
1000343e:	b283      	uxth	r3, r0
10003440:	434b      	muls	r3, r1
10003442:	b410      	push	{r4}
10003444:	0c04      	lsrs	r4, r0, #16
10003446:	4361      	muls	r1, r4
10003448:	b292      	uxth	r2, r2
1000344a:	b280      	uxth	r0, r0
1000344c:	4350      	muls	r0, r2
1000344e:	4362      	muls	r2, r4
10003450:	041c      	lsls	r4, r3, #16
10003452:	0c1b      	lsrs	r3, r3, #16
10003454:	1900      	adds	r0, r0, r4
10003456:	bc10      	pop	{r4}
10003458:	4159      	adcs	r1, r3
1000345a:	0413      	lsls	r3, r2, #16
1000345c:	0c12      	lsrs	r2, r2, #16
1000345e:	18c0      	adds	r0, r0, r3
10003460:	4151      	adcs	r1, r2
10003462:	4461      	add	r1, ip
10003464:	4770      	bx	lr
	...

10003468 <__wrap___aeabi_frsub>:
10003468:	4048      	eors	r0, r1
1000346a:	4041      	eors	r1, r0
1000346c:	4048      	eors	r0, r1

1000346e <__wrap___aeabi_fsub>:
1000346e:	4b0e      	ldr	r3, [pc, #56]	@ (100034a8 <__wrap___aeabi_fmul+0x6>)
10003470:	685b      	ldr	r3, [r3, #4]
10003472:	4718      	bx	r3

10003474 <__wrap___aeabi_fadd>:
10003474:	4b0c      	ldr	r3, [pc, #48]	@ (100034a8 <__wrap___aeabi_fmul+0x6>)
10003476:	681b      	ldr	r3, [r3, #0]
10003478:	4718      	bx	r3

1000347a <__wrap___aeabi_fdiv>:
1000347a:	4a0c      	ldr	r2, [pc, #48]	@ (100034ac <__wrap___aeabi_fmul+0xa>)
1000347c:	6f93      	ldr	r3, [r2, #120]	@ 0x78
1000347e:	089b      	lsrs	r3, r3, #2
10003480:	d202      	bcs.n	10003488 <fdiv_save_state>

10003482 <fdiv_shim_call>:
10003482:	4b09      	ldr	r3, [pc, #36]	@ (100034a8 <__wrap___aeabi_fmul+0x6>)
10003484:	68db      	ldr	r3, [r3, #12]
10003486:	4718      	bx	r3

10003488 <fdiv_save_state>:
10003488:	b5f0      	push	{r4, r5, r6, r7, lr}
1000348a:	6e14      	ldr	r4, [r2, #96]	@ 0x60
1000348c:	6e55      	ldr	r5, [r2, #100]	@ 0x64
1000348e:	6f57      	ldr	r7, [r2, #116]	@ 0x74
10003490:	6f16      	ldr	r6, [r2, #112]	@ 0x70
10003492:	f7ff fff6 	bl	10003482 <fdiv_shim_call>
10003496:	4a05      	ldr	r2, [pc, #20]	@ (100034ac <__wrap___aeabi_fmul+0xa>)
10003498:	6614      	str	r4, [r2, #96]	@ 0x60
1000349a:	6655      	str	r5, [r2, #100]	@ 0x64
1000349c:	6757      	str	r7, [r2, #116]	@ 0x74
1000349e:	6716      	str	r6, [r2, #112]	@ 0x70
100034a0:	bdf0      	pop	{r4, r5, r6, r7, pc}

100034a2 <__wrap___aeabi_fmul>:
100034a2:	4b01      	ldr	r3, [pc, #4]	@ (100034a8 <__wrap___aeabi_fmul+0x6>)
100034a4:	689b      	ldr	r3, [r3, #8]
100034a6:	4718      	bx	r3
100034a8:	20001b7c 	.word	0x20001b7c
100034ac:	d0000000 	.word	0xd0000000

100034b0 <__wrap___aeabi_cfrcmple>:
100034b0:	b507      	push	{r0, r1, r2, lr}
100034b2:	4048      	eors	r0, r1
100034b4:	4041      	eors	r1, r0
100034b6:	4048      	eors	r0, r1
100034b8:	e001      	b.n	100034be <__aeabi_cfcmple_guts>
100034ba:	46c0      	nop			@ (mov r8, r8)

100034bc <__wrap___aeabi_cfcmpeq>:
100034bc:	b507      	push	{r0, r1, r2, lr}

100034be <__aeabi_cfcmple_guts>:
100034be:	0042      	lsls	r2, r0, #1
100034c0:	0e12      	lsrs	r2, r2, #24
100034c2:	d003      	beq.n	100034cc <__aeabi_cfcmple_guts+0xe>
100034c4:	2aff      	cmp	r2, #255	@ 0xff
100034c6:	d103      	bne.n	100034d0 <__aeabi_cfcmple_guts+0x12>
100034c8:	0242      	lsls	r2, r0, #9
100034ca:	d818      	bhi.n	100034fe <__aeabi_cfcmple_guts+0x40>
100034cc:	0dc0      	lsrs	r0, r0, #23
100034ce:	05c0      	lsls	r0, r0, #23
100034d0:	004a      	lsls	r2, r1, #1
100034d2:	0e12      	lsrs	r2, r2, #24
100034d4:	d003      	beq.n	100034de <__aeabi_cfcmple_guts+0x20>
100034d6:	2aff      	cmp	r2, #255	@ 0xff
100034d8:	d103      	bne.n	100034e2 <__aeabi_cfcmple_guts+0x24>
100034da:	024a      	lsls	r2, r1, #9
100034dc:	d80f      	bhi.n	100034fe <__aeabi_cfcmple_guts+0x40>
100034de:	0dc9      	lsrs	r1, r1, #23
100034e0:	05c9      	lsls	r1, r1, #23
100034e2:	2201      	movs	r2, #1
100034e4:	4041      	eors	r1, r0
100034e6:	d405      	bmi.n	100034f4 <__aeabi_cfcmple_guts+0x36>
100034e8:	4041      	eors	r1, r0
100034ea:	d501      	bpl.n	100034f0 <__aeabi_cfcmple_guts+0x32>
100034ec:	4281      	cmp	r1, r0
100034ee:	bd07      	pop	{r0, r1, r2, pc}
100034f0:	4288      	cmp	r0, r1
100034f2:	bd07      	pop	{r0, r1, r2, pc}
100034f4:	4301      	orrs	r1, r0
100034f6:	1849      	adds	r1, r1, r1
100034f8:	d001      	beq.n	100034fe <__aeabi_cfcmple_guts+0x40>
100034fa:	43c0      	mvns	r0, r0
100034fc:	1800      	adds	r0, r0, r0
100034fe:	bd07      	pop	{r0, r1, r2, pc}

10003500 <__wrap___aeabi_fcmplt>:
10003500:	b500      	push	{lr}
10003502:	f7ff ffdb 	bl	100034bc <__wrap___aeabi_cfcmpeq>
10003506:	4180      	sbcs	r0, r0
10003508:	bd00      	pop	{pc}
1000350a:	46c0      	nop			@ (mov r8, r8)

1000350c <__wrap___aeabi_fcmpgt>:
1000350c:	b500      	push	{lr}
1000350e:	f7ff ffcf 	bl	100034b0 <__wrap___aeabi_cfrcmple>
10003512:	4180      	sbcs	r0, r0
10003514:	bd00      	pop	{pc}

10003516 <__wrap___aeabi_ui2f>:
10003516:	1a49      	subs	r1, r1, r1
10003518:	2800      	cmp	r0, #0
1000351a:	d107      	bne.n	1000352c <__aeabi_i2f_main>
1000351c:	4608      	mov	r0, r1
1000351e:	4770      	bx	lr

10003520 <__wrap___aeabi_i2f>:
10003520:	0fc1      	lsrs	r1, r0, #31
10003522:	07c9      	lsls	r1, r1, #31
10003524:	d500      	bpl.n	10003528 <__wrap___aeabi_i2f+0x8>
10003526:	4240      	negs	r0, r0
10003528:	2800      	cmp	r0, #0
1000352a:	d017      	beq.n	1000355c <__aeabi_i2f_main+0x30>

1000352c <__aeabi_i2f_main>:
1000352c:	46f4      	mov	ip, lr
1000352e:	b403      	push	{r0, r1}
10003530:	4b0b      	ldr	r3, [pc, #44]	@ (10003560 <__aeabi_i2f_main+0x34>)
10003532:	681b      	ldr	r3, [r3, #0]
10003534:	4798      	blx	r3
10003536:	bc06      	pop	{r1, r2}
10003538:	4081      	lsls	r1, r0
1000353a:	389e      	subs	r0, #158	@ 0x9e
1000353c:	4240      	negs	r0, r0
1000353e:	3180      	adds	r1, #128	@ 0x80
10003540:	d207      	bcs.n	10003552 <__aeabi_i2f_main+0x26>
10003542:	060b      	lsls	r3, r1, #24
10003544:	d007      	beq.n	10003556 <__aeabi_i2f_main+0x2a>
10003546:	0049      	lsls	r1, r1, #1
10003548:	0a49      	lsrs	r1, r1, #9
1000354a:	05c0      	lsls	r0, r0, #23
1000354c:	4310      	orrs	r0, r2
1000354e:	4308      	orrs	r0, r1
10003550:	4760      	bx	ip
10003552:	3001      	adds	r0, #1
10003554:	e7f8      	b.n	10003548 <__aeabi_i2f_main+0x1c>
10003556:	0a49      	lsrs	r1, r1, #9
10003558:	0289      	lsls	r1, r1, #10
1000355a:	e7f5      	b.n	10003548 <__aeabi_i2f_main+0x1c>
1000355c:	4770      	bx	lr
1000355e:	0000      	.short	0x0000
10003560:	20001b78 	.word	0x20001b78

10003564 <__wrap___aeabi_f2uiz>:
10003564:	4b01      	ldr	r3, [pc, #4]	@ (1000356c <__wrap___aeabi_f2uiz+0x8>)
10003566:	6a5b      	ldr	r3, [r3, #36]	@ 0x24
10003568:	4718      	bx	r3
1000356a:	0000      	.short	0x0000
1000356c:	20001b7c 	.word	0x20001b7c

10003570 <__wrap___aeabi_f2d>:
10003570:	4b01      	ldr	r3, [pc, #4]	@ (10003578 <__wrap___aeabi_f2d+0x8>)
10003572:	6fdb      	ldr	r3, [r3, #124]	@ 0x7c
10003574:	4718      	bx	r3
10003576:	0000      	.short	0x0000
10003578:	20001b7c 	.word	0x20001b7c

1000357c <missing_float_func_shim>:
1000357c:	b510      	push	{r4, lr}
1000357e:	4801      	ldr	r0, [pc, #4]	@ (10003584 <missing_float_func_shim+0x8>)
10003580:	f7fe f8b8 	bl	100016f4 <panic>
10003584:	100077ec 	.word	0x100077ec

10003588 <__aeabi_float_init>:
10003588:	2313      	movs	r3, #19
1000358a:	b510      	push	{r4, lr}
1000358c:	781c      	ldrb	r4, [r3, #0]
1000358e:	4811      	ldr	r0, [pc, #68]	@ (100035d4 <__aeabi_float_init+0x4c>)
10003590:	f7ff fa32 	bl	100029f8 <rom_data_lookup>
10003594:	2c01      	cmp	r4, #1
10003596:	d00b      	beq.n	100035b0 <__aeabi_float_init+0x28>
10003598:	dd04      	ble.n	100035a4 <__aeabi_float_init+0x1c>
1000359a:	0001      	movs	r1, r0
1000359c:	2280      	movs	r2, #128	@ 0x80
1000359e:	480e      	ldr	r0, [pc, #56]	@ (100035d8 <__aeabi_float_init+0x50>)
100035a0:	f000 f830 	bl	10003604 <__wrap___aeabi_memcpy>
100035a4:	480d      	ldr	r0, [pc, #52]	@ (100035dc <__aeabi_float_init+0x54>)
100035a6:	f7ff fa1f 	bl	100029e8 <rom_func_lookup>
100035aa:	4b0d      	ldr	r3, [pc, #52]	@ (100035e0 <__aeabi_float_init+0x58>)
100035ac:	6018      	str	r0, [r3, #0]
100035ae:	bd10      	pop	{r4, pc}
100035b0:	4c09      	ldr	r4, [pc, #36]	@ (100035d8 <__aeabi_float_init+0x50>)
100035b2:	0001      	movs	r1, r0
100035b4:	2254      	movs	r2, #84	@ 0x54
100035b6:	0020      	movs	r0, r4
100035b8:	f000 f824 	bl	10003604 <__wrap___aeabi_memcpy>
100035bc:	0022      	movs	r2, r4
100035be:	0020      	movs	r0, r4
100035c0:	4908      	ldr	r1, [pc, #32]	@ (100035e4 <__aeabi_float_init+0x5c>)
100035c2:	3280      	adds	r2, #128	@ 0x80
100035c4:	6803      	ldr	r3, [r0, #0]
100035c6:	2b00      	cmp	r3, #0
100035c8:	d100      	bne.n	100035cc <__aeabi_float_init+0x44>
100035ca:	6001      	str	r1, [r0, #0]
100035cc:	3004      	adds	r0, #4
100035ce:	4290      	cmp	r0, r2
100035d0:	d1f8      	bne.n	100035c4 <__aeabi_float_init+0x3c>
100035d2:	e7e7      	b.n	100035a4 <__aeabi_float_init+0x1c>
100035d4:	00004653 	.word	0x00004653
100035d8:	20001b7c 	.word	0x20001b7c
100035dc:	0000334c 	.word	0x0000334c
100035e0:	20001b78 	.word	0x20001b78
100035e4:	1000357d 	.word	0x1000357d

100035e8 <__aeabi_mem_init>:
100035e8:	4801      	ldr	r0, [pc, #4]	@ (100035f0 <__aeabi_mem_init+0x8>)
100035ea:	2104      	movs	r1, #4
100035ec:	4b01      	ldr	r3, [pc, #4]	@ (100035f4 <__aeabi_mem_init+0xc>)
100035ee:	4718      	bx	r3
100035f0:	20001020 	.word	0x20001020
100035f4:	10002a09 	.word	0x10002a09

100035f8 <__wrap_memset>:
100035f8:	4b01      	ldr	r3, [pc, #4]	@ (10003600 <__wrap_memset+0x8>)
100035fa:	681b      	ldr	r3, [r3, #0]
100035fc:	4718      	bx	r3
100035fe:	0000      	.short	0x0000
10003600:	20001020 	.word	0x20001020

10003604 <__wrap___aeabi_memcpy>:
10003604:	4b01      	ldr	r3, [pc, #4]	@ (1000360c <__wrap___aeabi_memcpy+0x8>)
10003606:	685b      	ldr	r3, [r3, #4]
10003608:	4718      	bx	r3
1000360a:	0000      	.short	0x0000
1000360c:	20001020 	.word	0x20001020

10003610 <_out_null>:
10003610:	4770      	bx	lr
10003612:	46c0      	nop			@ (mov r8, r8)

10003614 <_out_rev>:
10003614:	b5f8      	push	{r3, r4, r5, r6, r7, lr}
10003616:	46de      	mov	lr, fp
10003618:	4657      	mov	r7, sl
1000361a:	464e      	mov	r6, r9
1000361c:	4645      	mov	r5, r8
1000361e:	b5e0      	push	{r5, r6, r7, lr}
10003620:	4699      	mov	r9, r3
10003622:	9b0d      	ldr	r3, [sp, #52]	@ 0x34
10003624:	0007      	movs	r7, r0
10003626:	4688      	mov	r8, r1
10003628:	4693      	mov	fp, r2
1000362a:	079b      	lsls	r3, r3, #30
1000362c:	d028      	beq.n	10003680 <_out_rev+0x6c>
1000362e:	9b0b      	ldr	r3, [sp, #44]	@ 0x2c
10003630:	2b00      	cmp	r3, #0
10003632:	d03c      	beq.n	100036ae <_out_rev+0x9a>
10003634:	0016      	movs	r6, r2
10003636:	9c0b      	ldr	r4, [sp, #44]	@ 0x2c
10003638:	9d0a      	ldr	r5, [sp, #40]	@ 0x28
1000363a:	1936      	adds	r6, r6, r4
1000363c:	1b32      	subs	r2, r6, r4
1000363e:	3c01      	subs	r4, #1
10003640:	464b      	mov	r3, r9
10003642:	4641      	mov	r1, r8
10003644:	5d28      	ldrb	r0, [r5, r4]
10003646:	47b8      	blx	r7
10003648:	2c00      	cmp	r4, #0
1000364a:	d1f7      	bne.n	1000363c <_out_rev+0x28>
1000364c:	0035      	movs	r5, r6
1000364e:	9b0d      	ldr	r3, [sp, #52]	@ 0x34
10003650:	079b      	lsls	r3, r3, #30
10003652:	d50e      	bpl.n	10003672 <_out_rev+0x5e>
10003654:	465b      	mov	r3, fp
10003656:	1aec      	subs	r4, r5, r3
10003658:	9b0c      	ldr	r3, [sp, #48]	@ 0x30
1000365a:	42a3      	cmp	r3, r4
1000365c:	d909      	bls.n	10003672 <_out_rev+0x5e>
1000365e:	001e      	movs	r6, r3
10003660:	002a      	movs	r2, r5
10003662:	464b      	mov	r3, r9
10003664:	4641      	mov	r1, r8
10003666:	2020      	movs	r0, #32
10003668:	3401      	adds	r4, #1
1000366a:	47b8      	blx	r7
1000366c:	3501      	adds	r5, #1
1000366e:	42b4      	cmp	r4, r6
10003670:	d3f6      	bcc.n	10003660 <_out_rev+0x4c>
10003672:	0028      	movs	r0, r5
10003674:	bcf0      	pop	{r4, r5, r6, r7}
10003676:	46bb      	mov	fp, r7
10003678:	46b2      	mov	sl, r6
1000367a:	46a9      	mov	r9, r5
1000367c:	46a0      	mov	r8, r4
1000367e:	bdf8      	pop	{r3, r4, r5, r6, r7, pc}
10003680:	9b0b      	ldr	r3, [sp, #44]	@ 0x2c
10003682:	9a0c      	ldr	r2, [sp, #48]	@ 0x30
10003684:	4293      	cmp	r3, r2
10003686:	d214      	bcs.n	100036b2 <_out_rev+0x9e>
10003688:	0013      	movs	r3, r2
1000368a:	465d      	mov	r5, fp
1000368c:	000c      	movs	r4, r1
1000368e:	9a0b      	ldr	r2, [sp, #44]	@ 0x2c
10003690:	1a9e      	subs	r6, r3, r2
10003692:	1976      	adds	r6, r6, r5
10003694:	002a      	movs	r2, r5
10003696:	464b      	mov	r3, r9
10003698:	3501      	adds	r5, #1
1000369a:	0021      	movs	r1, r4
1000369c:	2020      	movs	r0, #32
1000369e:	47b8      	blx	r7
100036a0:	42b5      	cmp	r5, r6
100036a2:	d1f7      	bne.n	10003694 <_out_rev+0x80>
100036a4:	9b0b      	ldr	r3, [sp, #44]	@ 0x2c
100036a6:	46a0      	mov	r8, r4
100036a8:	2b00      	cmp	r3, #0
100036aa:	d1c4      	bne.n	10003636 <_out_rev+0x22>
100036ac:	e7e1      	b.n	10003672 <_out_rev+0x5e>
100036ae:	0015      	movs	r5, r2
100036b0:	e7cd      	b.n	1000364e <_out_rev+0x3a>
100036b2:	465e      	mov	r6, fp
100036b4:	2b00      	cmp	r3, #0
100036b6:	d1be      	bne.n	10003636 <_out_rev+0x22>
100036b8:	465d      	mov	r5, fp
100036ba:	e7da      	b.n	10003672 <_out_rev+0x5e>

100036bc <_ntoa_format>:
100036bc:	b5f0      	push	{r4, r5, r6, r7, lr}
100036be:	464f      	mov	r7, r9
100036c0:	46d6      	mov	lr, sl
100036c2:	4646      	mov	r6, r8
100036c4:	b5c0      	push	{r6, r7, lr}
100036c6:	b084      	sub	sp, #16
100036c8:	469c      	mov	ip, r3
100036ca:	ab0e      	add	r3, sp, #56	@ 0x38
100036cc:	781f      	ldrb	r7, [r3, #0]
100036ce:	9b12      	ldr	r3, [sp, #72]	@ 0x48
100036d0:	4691      	mov	r9, r2
100036d2:	46ba      	mov	sl, r7
100036d4:	9c0d      	ldr	r4, [sp, #52]	@ 0x34
100036d6:	9e10      	ldr	r6, [sp, #64]	@ 0x40
100036d8:	9d11      	ldr	r5, [sp, #68]	@ 0x44
100036da:	079b      	lsls	r3, r3, #30
100036dc:	d44c      	bmi.n	10003778 <_ntoa_format+0xbc>
100036de:	2d00      	cmp	r5, #0
100036e0:	d141      	bne.n	10003766 <_ntoa_format+0xaa>
100036e2:	42b4      	cmp	r4, r6
100036e4:	d248      	bcs.n	10003778 <_ntoa_format+0xbc>
100036e6:	2301      	movs	r3, #1
100036e8:	9f12      	ldr	r7, [sp, #72]	@ 0x48
100036ea:	401f      	ands	r7, r3
100036ec:	46b8      	mov	r8, r7
100036ee:	9b0c      	ldr	r3, [sp, #48]	@ 0x30
100036f0:	1e5f      	subs	r7, r3, #1
100036f2:	2330      	movs	r3, #48	@ 0x30
100036f4:	e003      	b.n	100036fe <_ntoa_format+0x42>
100036f6:	3401      	adds	r4, #1
100036f8:	553b      	strb	r3, [r7, r4]
100036fa:	42a6      	cmp	r6, r4
100036fc:	d901      	bls.n	10003702 <_ntoa_format+0x46>
100036fe:	2c20      	cmp	r4, #32
10003700:	d1f9      	bne.n	100036f6 <_ntoa_format+0x3a>
10003702:	4643      	mov	r3, r8
10003704:	2b00      	cmp	r3, #0
10003706:	d100      	bne.n	1000370a <_ntoa_format+0x4e>
10003708:	e087      	b.n	1000381a <_ntoa_format+0x15e>
1000370a:	9b0c      	ldr	r3, [sp, #48]	@ 0x30
1000370c:	1e5f      	subs	r7, r3, #1
1000370e:	2330      	movs	r3, #48	@ 0x30
10003710:	42a5      	cmp	r5, r4
10003712:	d804      	bhi.n	1000371e <_ntoa_format+0x62>
10003714:	e030      	b.n	10003778 <_ntoa_format+0xbc>
10003716:	3401      	adds	r4, #1
10003718:	553b      	strb	r3, [r7, r4]
1000371a:	42ac      	cmp	r4, r5
1000371c:	d02c      	beq.n	10003778 <_ntoa_format+0xbc>
1000371e:	2c20      	cmp	r4, #32
10003720:	d1f9      	bne.n	10003716 <_ntoa_format+0x5a>
10003722:	9b12      	ldr	r3, [sp, #72]	@ 0x48
10003724:	06db      	lsls	r3, r3, #27
10003726:	d50d      	bpl.n	10003744 <_ntoa_format+0x88>
10003728:	9b12      	ldr	r3, [sp, #72]	@ 0x48
1000372a:	055b      	lsls	r3, r3, #21
1000372c:	d457      	bmi.n	100037de <_ntoa_format+0x122>
1000372e:	42a6      	cmp	r6, r4
10003730:	d067      	beq.n	10003802 <_ntoa_format+0x146>
10003732:	42a5      	cmp	r5, r4
10003734:	d065      	beq.n	10003802 <_ntoa_format+0x146>
10003736:	9b0f      	ldr	r3, [sp, #60]	@ 0x3c
10003738:	2b10      	cmp	r3, #16
1000373a:	d053      	beq.n	100037e4 <_ntoa_format+0x128>
1000373c:	2b02      	cmp	r3, #2
1000373e:	d05b      	beq.n	100037f8 <_ntoa_format+0x13c>
10003740:	2c20      	cmp	r4, #32
10003742:	d136      	bne.n	100037b2 <_ntoa_format+0xf6>
10003744:	2320      	movs	r3, #32
10003746:	9c12      	ldr	r4, [sp, #72]	@ 0x48
10003748:	9301      	str	r3, [sp, #4]
1000374a:	9b0c      	ldr	r3, [sp, #48]	@ 0x30
1000374c:	464a      	mov	r2, r9
1000374e:	9300      	str	r3, [sp, #0]
10003750:	9403      	str	r4, [sp, #12]
10003752:	4663      	mov	r3, ip
10003754:	9502      	str	r5, [sp, #8]
10003756:	f7ff ff5d 	bl	10003614 <_out_rev>
1000375a:	b004      	add	sp, #16
1000375c:	bce0      	pop	{r5, r6, r7}
1000375e:	46ba      	mov	sl, r7
10003760:	46b1      	mov	r9, r6
10003762:	46a8      	mov	r8, r5
10003764:	bdf0      	pop	{r4, r5, r6, r7, pc}
10003766:	2301      	movs	r3, #1
10003768:	9a12      	ldr	r2, [sp, #72]	@ 0x48
1000376a:	4013      	ands	r3, r2
1000376c:	4698      	mov	r8, r3
1000376e:	2301      	movs	r3, #1
10003770:	4213      	tst	r3, r2
10003772:	d12d      	bne.n	100037d0 <_ntoa_format+0x114>
10003774:	42b4      	cmp	r4, r6
10003776:	d3ba      	bcc.n	100036ee <_ntoa_format+0x32>
10003778:	9b12      	ldr	r3, [sp, #72]	@ 0x48
1000377a:	06db      	lsls	r3, r3, #27
1000377c:	d51e      	bpl.n	100037bc <_ntoa_format+0x100>
1000377e:	9b12      	ldr	r3, [sp, #72]	@ 0x48
10003780:	055b      	lsls	r3, r3, #21
10003782:	d4d8      	bmi.n	10003736 <_ntoa_format+0x7a>
10003784:	2c00      	cmp	r4, #0
10003786:	d1d2      	bne.n	1000372e <_ntoa_format+0x72>
10003788:	9b0f      	ldr	r3, [sp, #60]	@ 0x3c
1000378a:	2b10      	cmp	r3, #16
1000378c:	d060      	beq.n	10003850 <_ntoa_format+0x194>
1000378e:	9b0f      	ldr	r3, [sp, #60]	@ 0x3c
10003790:	2b02      	cmp	r3, #2
10003792:	d071      	beq.n	10003878 <_ntoa_format+0x1bc>
10003794:	2330      	movs	r3, #48	@ 0x30
10003796:	2401      	movs	r4, #1
10003798:	9a0c      	ldr	r2, [sp, #48]	@ 0x30
1000379a:	7013      	strb	r3, [r2, #0]
1000379c:	4653      	mov	r3, sl
1000379e:	2b00      	cmp	r3, #0
100037a0:	d111      	bne.n	100037c6 <_ntoa_format+0x10a>
100037a2:	9b12      	ldr	r3, [sp, #72]	@ 0x48
100037a4:	075b      	lsls	r3, r3, #29
100037a6:	d540      	bpl.n	1000382a <_ntoa_format+0x16e>
100037a8:	262b      	movs	r6, #43	@ 0x2b
100037aa:	9a0c      	ldr	r2, [sp, #48]	@ 0x30
100037ac:	1c63      	adds	r3, r4, #1
100037ae:	5516      	strb	r6, [r2, r4]
100037b0:	e7c9      	b.n	10003746 <_ntoa_format+0x8a>
100037b2:	0023      	movs	r3, r4
100037b4:	3401      	adds	r4, #1
100037b6:	2630      	movs	r6, #48	@ 0x30
100037b8:	9a0c      	ldr	r2, [sp, #48]	@ 0x30
100037ba:	54d6      	strb	r6, [r2, r3]
100037bc:	2c20      	cmp	r4, #32
100037be:	d0c1      	beq.n	10003744 <_ntoa_format+0x88>
100037c0:	4653      	mov	r3, sl
100037c2:	2b00      	cmp	r3, #0
100037c4:	d0ed      	beq.n	100037a2 <_ntoa_format+0xe6>
100037c6:	262d      	movs	r6, #45	@ 0x2d
100037c8:	9a0c      	ldr	r2, [sp, #48]	@ 0x30
100037ca:	1c63      	adds	r3, r4, #1
100037cc:	5516      	strb	r6, [r2, r4]
100037ce:	e7ba      	b.n	10003746 <_ntoa_format+0x8a>
100037d0:	2f00      	cmp	r7, #0
100037d2:	d034      	beq.n	1000383e <_ntoa_format+0x182>
100037d4:	3d01      	subs	r5, #1
100037d6:	42b4      	cmp	r4, r6
100037d8:	d200      	bcs.n	100037dc <_ntoa_format+0x120>
100037da:	e788      	b.n	100036ee <_ntoa_format+0x32>
100037dc:	e795      	b.n	1000370a <_ntoa_format+0x4e>
100037de:	9b0f      	ldr	r3, [sp, #60]	@ 0x3c
100037e0:	2b10      	cmp	r3, #16
100037e2:	d1af      	bne.n	10003744 <_ntoa_format+0x88>
100037e4:	9b12      	ldr	r3, [sp, #72]	@ 0x48
100037e6:	069b      	lsls	r3, r3, #26
100037e8:	d53c      	bpl.n	10003864 <_ntoa_format+0x1a8>
100037ea:	2c20      	cmp	r4, #32
100037ec:	d0aa      	beq.n	10003744 <_ntoa_format+0x88>
100037ee:	2358      	movs	r3, #88	@ 0x58
100037f0:	9a0c      	ldr	r2, [sp, #48]	@ 0x30
100037f2:	5513      	strb	r3, [r2, r4]
100037f4:	3401      	adds	r4, #1
100037f6:	e7a3      	b.n	10003740 <_ntoa_format+0x84>
100037f8:	2c20      	cmp	r4, #32
100037fa:	d0a3      	beq.n	10003744 <_ntoa_format+0x88>
100037fc:	0023      	movs	r3, r4
100037fe:	3401      	adds	r4, #1
10003800:	e007      	b.n	10003812 <_ntoa_format+0x156>
10003802:	1e63      	subs	r3, r4, #1
10003804:	2c01      	cmp	r4, #1
10003806:	d0bf      	beq.n	10003788 <_ntoa_format+0xcc>
10003808:	9a0f      	ldr	r2, [sp, #60]	@ 0x3c
1000380a:	2a10      	cmp	r2, #16
1000380c:	d036      	beq.n	1000387c <_ntoa_format+0x1c0>
1000380e:	2a02      	cmp	r2, #2
10003810:	d1d1      	bne.n	100037b6 <_ntoa_format+0xfa>
10003812:	2662      	movs	r6, #98	@ 0x62
10003814:	9a0c      	ldr	r2, [sp, #48]	@ 0x30
10003816:	54d6      	strb	r6, [r2, r3]
10003818:	e792      	b.n	10003740 <_ntoa_format+0x84>
1000381a:	9b12      	ldr	r3, [sp, #72]	@ 0x48
1000381c:	06db      	lsls	r3, r3, #27
1000381e:	d5cd      	bpl.n	100037bc <_ntoa_format+0x100>
10003820:	9b12      	ldr	r3, [sp, #72]	@ 0x48
10003822:	055b      	lsls	r3, r3, #21
10003824:	d400      	bmi.n	10003828 <_ntoa_format+0x16c>
10003826:	e782      	b.n	1000372e <_ntoa_format+0x72>
10003828:	e785      	b.n	10003736 <_ntoa_format+0x7a>
1000382a:	9a12      	ldr	r2, [sp, #72]	@ 0x48
1000382c:	0023      	movs	r3, r4
1000382e:	0716      	lsls	r6, r2, #28
10003830:	d400      	bmi.n	10003834 <_ntoa_format+0x178>
10003832:	e788      	b.n	10003746 <_ntoa_format+0x8a>
10003834:	2620      	movs	r6, #32
10003836:	9a0c      	ldr	r2, [sp, #48]	@ 0x30
10003838:	3301      	adds	r3, #1
1000383a:	5516      	strb	r6, [r2, r4]
1000383c:	e783      	b.n	10003746 <_ntoa_format+0x8a>
1000383e:	230c      	movs	r3, #12
10003840:	4013      	ands	r3, r2
10003842:	1e5f      	subs	r7, r3, #1
10003844:	41bb      	sbcs	r3, r7
10003846:	1aed      	subs	r5, r5, r3
10003848:	42b4      	cmp	r4, r6
1000384a:	d200      	bcs.n	1000384e <_ntoa_format+0x192>
1000384c:	e74f      	b.n	100036ee <_ntoa_format+0x32>
1000384e:	e75c      	b.n	1000370a <_ntoa_format+0x4e>
10003850:	9b12      	ldr	r3, [sp, #72]	@ 0x48
10003852:	069b      	lsls	r3, r3, #26
10003854:	d40e      	bmi.n	10003874 <_ntoa_format+0x1b8>
10003856:	2378      	movs	r3, #120	@ 0x78
10003858:	9a0c      	ldr	r2, [sp, #48]	@ 0x30
1000385a:	2402      	movs	r4, #2
1000385c:	7013      	strb	r3, [r2, #0]
1000385e:	2330      	movs	r3, #48	@ 0x30
10003860:	7053      	strb	r3, [r2, #1]
10003862:	e79b      	b.n	1000379c <_ntoa_format+0xe0>
10003864:	2c20      	cmp	r4, #32
10003866:	d100      	bne.n	1000386a <_ntoa_format+0x1ae>
10003868:	e76c      	b.n	10003744 <_ntoa_format+0x88>
1000386a:	2378      	movs	r3, #120	@ 0x78
1000386c:	9a0c      	ldr	r2, [sp, #48]	@ 0x30
1000386e:	5513      	strb	r3, [r2, r4]
10003870:	3401      	adds	r4, #1
10003872:	e765      	b.n	10003740 <_ntoa_format+0x84>
10003874:	2358      	movs	r3, #88	@ 0x58
10003876:	e7ef      	b.n	10003858 <_ntoa_format+0x19c>
10003878:	3360      	adds	r3, #96	@ 0x60
1000387a:	e7ed      	b.n	10003858 <_ntoa_format+0x19c>
1000387c:	9a0c      	ldr	r2, [sp, #48]	@ 0x30
1000387e:	1ea6      	subs	r6, r4, #2
10003880:	18b6      	adds	r6, r6, r2
10003882:	9a12      	ldr	r2, [sp, #72]	@ 0x48
10003884:	0692      	lsls	r2, r2, #26
10003886:	d502      	bpl.n	1000388e <_ntoa_format+0x1d2>
10003888:	2258      	movs	r2, #88	@ 0x58
1000388a:	7032      	strb	r2, [r6, #0]
1000388c:	e793      	b.n	100037b6 <_ntoa_format+0xfa>
1000388e:	2278      	movs	r2, #120	@ 0x78
10003890:	7032      	strb	r2, [r6, #0]
10003892:	e790      	b.n	100037b6 <_ntoa_format+0xfa>

10003894 <_out_char>:
10003894:	b510      	push	{r4, lr}
10003896:	2800      	cmp	r0, #0
10003898:	d100      	bne.n	1000389c <_out_char+0x8>
1000389a:	bd10      	pop	{r4, pc}
1000389c:	f001 fba8 	bl	10004ff0 <__wrap_putchar>
100038a0:	e7fb      	b.n	1000389a <_out_char+0x6>
100038a2:	46c0      	nop			@ (mov r8, r8)

100038a4 <_out_fct>:
100038a4:	b510      	push	{r4, lr}
100038a6:	2800      	cmp	r0, #0
100038a8:	d003      	beq.n	100038b2 <_out_fct+0xe>
100038aa:	684a      	ldr	r2, [r1, #4]
100038ac:	680b      	ldr	r3, [r1, #0]
100038ae:	0011      	movs	r1, r2
100038b0:	4798      	blx	r3
100038b2:	bd10      	pop	{r4, pc}

100038b4 <_ftoa>:
100038b4:	b5f0      	push	{r4, r5, r6, r7, lr}
100038b6:	464e      	mov	r6, r9
100038b8:	46de      	mov	lr, fp
100038ba:	4657      	mov	r7, sl
100038bc:	4645      	mov	r5, r8
100038be:	b5e0      	push	{r5, r6, r7, lr}
100038c0:	b095      	sub	sp, #84	@ 0x54
100038c2:	4683      	mov	fp, r0
100038c4:	4689      	mov	r9, r1
100038c6:	4692      	mov	sl, r2
100038c8:	4698      	mov	r8, r3
100038ca:	9a1e      	ldr	r2, [sp, #120]	@ 0x78
100038cc:	9b1f      	ldr	r3, [sp, #124]	@ 0x7c
100038ce:	0010      	movs	r0, r2
100038d0:	0019      	movs	r1, r3
100038d2:	9e20      	ldr	r6, [sp, #128]	@ 0x80
100038d4:	f7ff fced 	bl	100032b2 <__wrap___aeabi_dcmpun>
100038d8:	2800      	cmp	r0, #0
100038da:	d000      	beq.n	100038de <_ftoa+0x2a>
100038dc:	e1d2      	b.n	10003c84 <_ftoa+0x3d0>
100038de:	981e      	ldr	r0, [sp, #120]	@ 0x78
100038e0:	991f      	ldr	r1, [sp, #124]	@ 0x7c
100038e2:	2201      	movs	r2, #1
100038e4:	4bc4      	ldr	r3, [pc, #784]	@ (10003bf8 <_ftoa+0x344>)
100038e6:	4252      	negs	r2, r2
100038e8:	f7ff fcc8 	bl	1000327c <__wrap___aeabi_dcmplt>
100038ec:	2800      	cmp	r0, #0
100038ee:	d000      	beq.n	100038f2 <_ftoa+0x3e>
100038f0:	e101      	b.n	10003af6 <_ftoa+0x242>
100038f2:	981e      	ldr	r0, [sp, #120]	@ 0x78
100038f4:	991f      	ldr	r1, [sp, #124]	@ 0x7c
100038f6:	2201      	movs	r2, #1
100038f8:	4bc0      	ldr	r3, [pc, #768]	@ (10003bfc <_ftoa+0x348>)
100038fa:	4252      	negs	r2, r2
100038fc:	f7ff fcd4 	bl	100032a8 <__wrap___aeabi_dcmpgt>
10003900:	2800      	cmp	r0, #0
10003902:	d000      	beq.n	10003906 <_ftoa+0x52>
10003904:	e0d6      	b.n	10003ab4 <_ftoa+0x200>
10003906:	981e      	ldr	r0, [sp, #120]	@ 0x78
10003908:	991f      	ldr	r1, [sp, #124]	@ 0x7c
1000390a:	2200      	movs	r2, #0
1000390c:	4bbc      	ldr	r3, [pc, #752]	@ (10003c00 <_ftoa+0x34c>)
1000390e:	f7ff fccb 	bl	100032a8 <__wrap___aeabi_dcmpgt>
10003912:	2800      	cmp	r0, #0
10003914:	d000      	beq.n	10003918 <_ftoa+0x64>
10003916:	e0b5      	b.n	10003a84 <_ftoa+0x1d0>
10003918:	981e      	ldr	r0, [sp, #120]	@ 0x78
1000391a:	991f      	ldr	r1, [sp, #124]	@ 0x7c
1000391c:	2200      	movs	r2, #0
1000391e:	4bb9      	ldr	r3, [pc, #740]	@ (10003c04 <_ftoa+0x350>)
10003920:	f7ff fcac 	bl	1000327c <__wrap___aeabi_dcmplt>
10003924:	2800      	cmp	r0, #0
10003926:	d000      	beq.n	1000392a <_ftoa+0x76>
10003928:	e0ac      	b.n	10003a84 <_ftoa+0x1d0>
1000392a:	981e      	ldr	r0, [sp, #120]	@ 0x78
1000392c:	991f      	ldr	r1, [sp, #124]	@ 0x7c
1000392e:	2200      	movs	r2, #0
10003930:	2300      	movs	r3, #0
10003932:	f7ff fca3 	bl	1000327c <__wrap___aeabi_dcmplt>
10003936:	2800      	cmp	r0, #0
10003938:	d000      	beq.n	1000393c <_ftoa+0x88>
1000393a:	e0d1      	b.n	10003ae0 <_ftoa+0x22c>
1000393c:	2300      	movs	r3, #0
1000393e:	930b      	str	r3, [sp, #44]	@ 0x2c
10003940:	9b22      	ldr	r3, [sp, #136]	@ 0x88
10003942:	055b      	lsls	r3, r3, #21
10003944:	d400      	bmi.n	10003948 <_ftoa+0x94>
10003946:	2606      	movs	r6, #6
10003948:	2400      	movs	r4, #0
1000394a:	2330      	movs	r3, #48	@ 0x30
1000394c:	e006      	b.n	1000395c <_ftoa+0xa8>
1000394e:	aa06      	add	r2, sp, #24
10003950:	3401      	adds	r4, #1
10003952:	3217      	adds	r2, #23
10003954:	5513      	strb	r3, [r2, r4]
10003956:	3e01      	subs	r6, #1
10003958:	2c20      	cmp	r4, #32
1000395a:	d001      	beq.n	10003960 <_ftoa+0xac>
1000395c:	2e09      	cmp	r6, #9
1000395e:	d8f6      	bhi.n	1000394e <_ftoa+0x9a>
10003960:	981e      	ldr	r0, [sp, #120]	@ 0x78
10003962:	991f      	ldr	r1, [sp, #124]	@ 0x7c
10003964:	f7ff fcce 	bl	10003304 <__wrap___aeabi_d2iz>
10003968:	4ba7      	ldr	r3, [pc, #668]	@ (10003c08 <_ftoa+0x354>)
1000396a:	00f2      	lsls	r2, r6, #3
1000396c:	189b      	adds	r3, r3, r2
1000396e:	cb0c      	ldmia	r3, {r2, r3}
10003970:	0005      	movs	r5, r0
10003972:	9208      	str	r2, [sp, #32]
10003974:	9309      	str	r3, [sp, #36]	@ 0x24
10003976:	f7ff fcad 	bl	100032d4 <__wrap___aeabi_i2d>
1000397a:	0002      	movs	r2, r0
1000397c:	000b      	movs	r3, r1
1000397e:	981e      	ldr	r0, [sp, #120]	@ 0x78
10003980:	991f      	ldr	r1, [sp, #124]	@ 0x7c
10003982:	f7ff fc18 	bl	100031b6 <__wrap___aeabi_dsub>
10003986:	9a08      	ldr	r2, [sp, #32]
10003988:	9b09      	ldr	r3, [sp, #36]	@ 0x24
1000398a:	f7ff fc38 	bl	100031fe <__wrap___aeabi_dmul>
1000398e:	9006      	str	r0, [sp, #24]
10003990:	9107      	str	r1, [sp, #28]
10003992:	f7ff fcdb 	bl	1000334c <__wrap___aeabi_d2uiz>
10003996:	0007      	movs	r7, r0
10003998:	f7ff fc98 	bl	100032cc <__wrap___aeabi_ui2d>
1000399c:	0002      	movs	r2, r0
1000399e:	000b      	movs	r3, r1
100039a0:	9806      	ldr	r0, [sp, #24]
100039a2:	9907      	ldr	r1, [sp, #28]
100039a4:	f7ff fc07 	bl	100031b6 <__wrap___aeabi_dsub>
100039a8:	2200      	movs	r2, #0
100039aa:	4b98      	ldr	r3, [pc, #608]	@ (10003c0c <_ftoa+0x358>)
100039ac:	9006      	str	r0, [sp, #24]
100039ae:	9107      	str	r1, [sp, #28]
100039b0:	f7ff fc7a 	bl	100032a8 <__wrap___aeabi_dcmpgt>
100039b4:	2800      	cmp	r0, #0
100039b6:	d100      	bne.n	100039ba <_ftoa+0x106>
100039b8:	e0e9      	b.n	10003b8e <_ftoa+0x2da>
100039ba:	3701      	adds	r7, #1
100039bc:	0038      	movs	r0, r7
100039be:	f7ff fc85 	bl	100032cc <__wrap___aeabi_ui2d>
100039c2:	0002      	movs	r2, r0
100039c4:	000b      	movs	r3, r1
100039c6:	9808      	ldr	r0, [sp, #32]
100039c8:	9909      	ldr	r1, [sp, #36]	@ 0x24
100039ca:	f7ff fc5d 	bl	10003288 <__wrap___aeabi_dcmple>
100039ce:	2800      	cmp	r0, #0
100039d0:	d001      	beq.n	100039d6 <_ftoa+0x122>
100039d2:	2700      	movs	r7, #0
100039d4:	3501      	adds	r5, #1
100039d6:	2e00      	cmp	r6, #0
100039d8:	d100      	bne.n	100039dc <_ftoa+0x128>
100039da:	e0b7      	b.n	10003b4c <_ftoa+0x298>
100039dc:	9506      	str	r5, [sp, #24]
100039de:	e013      	b.n	10003a08 <_ftoa+0x154>
100039e0:	2317      	movs	r3, #23
100039e2:	aa06      	add	r2, sp, #24
100039e4:	189b      	adds	r3, r3, r2
100039e6:	210a      	movs	r1, #10
100039e8:	0038      	movs	r0, r7
100039ea:	3401      	adds	r4, #1
100039ec:	191d      	adds	r5, r3, r4
100039ee:	f7ff f9a7 	bl	10002d40 <__wrap___aeabi_uidiv>
100039f2:	3130      	adds	r1, #48	@ 0x30
100039f4:	7029      	strb	r1, [r5, #0]
100039f6:	0038      	movs	r0, r7
100039f8:	210a      	movs	r1, #10
100039fa:	3e01      	subs	r6, #1
100039fc:	f7ff f9a0 	bl	10002d40 <__wrap___aeabi_uidiv>
10003a00:	2f09      	cmp	r7, #9
10003a02:	d800      	bhi.n	10003a06 <_ftoa+0x152>
10003a04:	e0e1      	b.n	10003bca <_ftoa+0x316>
10003a06:	0007      	movs	r7, r0
10003a08:	2c20      	cmp	r4, #32
10003a0a:	d1e9      	bne.n	100039e0 <_ftoa+0x12c>
10003a0c:	9d06      	ldr	r5, [sp, #24]
10003a0e:	2420      	movs	r4, #32
10003a10:	ab0c      	add	r3, sp, #48	@ 0x30
10003a12:	9306      	str	r3, [sp, #24]
10003a14:	2717      	movs	r7, #23
10003a16:	ab06      	add	r3, sp, #24
10003a18:	18ff      	adds	r7, r7, r3
10003a1a:	e00d      	b.n	10003a38 <_ftoa+0x184>
10003a1c:	0028      	movs	r0, r5
10003a1e:	210a      	movs	r1, #10
10003a20:	f7ff f966 	bl	10002cf0 <__wrap___aeabi_idiv>
10003a24:	3401      	adds	r4, #1
10003a26:	3130      	adds	r1, #48	@ 0x30
10003a28:	0028      	movs	r0, r5
10003a2a:	5539      	strb	r1, [r7, r4]
10003a2c:	210a      	movs	r1, #10
10003a2e:	f7ff f95f 	bl	10002cf0 <__wrap___aeabi_idiv>
10003a32:	1e05      	subs	r5, r0, #0
10003a34:	d100      	bne.n	10003a38 <_ftoa+0x184>
10003a36:	e0b7      	b.n	10003ba8 <_ftoa+0x2f4>
10003a38:	2c20      	cmp	r4, #32
10003a3a:	d1ef      	bne.n	10003a1c <_ftoa+0x168>
10003a3c:	2303      	movs	r3, #3
10003a3e:	9a22      	ldr	r2, [sp, #136]	@ 0x88
10003a40:	4013      	ands	r3, r2
10003a42:	2b01      	cmp	r3, #1
10003a44:	d117      	bne.n	10003a76 <_ftoa+0x1c2>
10003a46:	9b21      	ldr	r3, [sp, #132]	@ 0x84
10003a48:	2b00      	cmp	r3, #0
10003a4a:	d014      	beq.n	10003a76 <_ftoa+0x1c2>
10003a4c:	9b0b      	ldr	r3, [sp, #44]	@ 0x2c
10003a4e:	2b00      	cmp	r3, #0
10003a50:	d100      	bne.n	10003a54 <_ftoa+0x1a0>
10003a52:	e0e3      	b.n	10003c1c <_ftoa+0x368>
10003a54:	9b21      	ldr	r3, [sp, #132]	@ 0x84
10003a56:	3b01      	subs	r3, #1
10003a58:	9321      	str	r3, [sp, #132]	@ 0x84
10003a5a:	2b20      	cmp	r3, #32
10003a5c:	d90b      	bls.n	10003a76 <_ftoa+0x1c2>
10003a5e:	2330      	movs	r3, #48	@ 0x30
10003a60:	9a21      	ldr	r2, [sp, #132]	@ 0x84
10003a62:	e006      	b.n	10003a72 <_ftoa+0x1be>
10003a64:	a906      	add	r1, sp, #24
10003a66:	3401      	adds	r4, #1
10003a68:	3117      	adds	r1, #23
10003a6a:	550b      	strb	r3, [r1, r4]
10003a6c:	4294      	cmp	r4, r2
10003a6e:	d300      	bcc.n	10003a72 <_ftoa+0x1be>
10003a70:	e0a0      	b.n	10003bb4 <_ftoa+0x300>
10003a72:	2c20      	cmp	r4, #32
10003a74:	d1f6      	bne.n	10003a64 <_ftoa+0x1b0>
10003a76:	9b22      	ldr	r3, [sp, #136]	@ 0x88
10003a78:	9401      	str	r4, [sp, #4]
10003a7a:	9303      	str	r3, [sp, #12]
10003a7c:	9b21      	ldr	r3, [sp, #132]	@ 0x84
10003a7e:	9302      	str	r3, [sp, #8]
10003a80:	9b06      	ldr	r3, [sp, #24]
10003a82:	e021      	b.n	10003ac8 <_ftoa+0x214>
10003a84:	9b22      	ldr	r3, [sp, #136]	@ 0x88
10003a86:	4652      	mov	r2, sl
10003a88:	9304      	str	r3, [sp, #16]
10003a8a:	9b21      	ldr	r3, [sp, #132]	@ 0x84
10003a8c:	4649      	mov	r1, r9
10003a8e:	9303      	str	r3, [sp, #12]
10003a90:	4658      	mov	r0, fp
10003a92:	9b1e      	ldr	r3, [sp, #120]	@ 0x78
10003a94:	9c1f      	ldr	r4, [sp, #124]	@ 0x7c
10003a96:	9602      	str	r6, [sp, #8]
10003a98:	9300      	str	r3, [sp, #0]
10003a9a:	9401      	str	r4, [sp, #4]
10003a9c:	4643      	mov	r3, r8
10003a9e:	f000 f943 	bl	10003d28 <_etoa>
10003aa2:	0004      	movs	r4, r0
10003aa4:	0020      	movs	r0, r4
10003aa6:	b015      	add	sp, #84	@ 0x54
10003aa8:	bcf0      	pop	{r4, r5, r6, r7}
10003aaa:	46bb      	mov	fp, r7
10003aac:	46b2      	mov	sl, r6
10003aae:	46a9      	mov	r9, r5
10003ab0:	46a0      	mov	r8, r4
10003ab2:	bdf0      	pop	{r4, r5, r6, r7, pc}
10003ab4:	9b22      	ldr	r3, [sp, #136]	@ 0x88
10003ab6:	075b      	lsls	r3, r3, #29
10003ab8:	d40f      	bmi.n	10003ada <_ftoa+0x226>
10003aba:	2203      	movs	r2, #3
10003abc:	4b54      	ldr	r3, [pc, #336]	@ (10003c10 <_ftoa+0x35c>)
10003abe:	9922      	ldr	r1, [sp, #136]	@ 0x88
10003ac0:	9201      	str	r2, [sp, #4]
10003ac2:	9103      	str	r1, [sp, #12]
10003ac4:	9921      	ldr	r1, [sp, #132]	@ 0x84
10003ac6:	9102      	str	r1, [sp, #8]
10003ac8:	9300      	str	r3, [sp, #0]
10003aca:	4652      	mov	r2, sl
10003acc:	4643      	mov	r3, r8
10003ace:	4649      	mov	r1, r9
10003ad0:	4658      	mov	r0, fp
10003ad2:	f7ff fd9f 	bl	10003614 <_out_rev>
10003ad6:	0004      	movs	r4, r0
10003ad8:	e7e4      	b.n	10003aa4 <_ftoa+0x1f0>
10003ada:	2204      	movs	r2, #4
10003adc:	4b4d      	ldr	r3, [pc, #308]	@ (10003c14 <_ftoa+0x360>)
10003ade:	e7ee      	b.n	10003abe <_ftoa+0x20a>
10003ae0:	9a1e      	ldr	r2, [sp, #120]	@ 0x78
10003ae2:	9b1f      	ldr	r3, [sp, #124]	@ 0x7c
10003ae4:	2000      	movs	r0, #0
10003ae6:	2100      	movs	r1, #0
10003ae8:	f7ff fb65 	bl	100031b6 <__wrap___aeabi_dsub>
10003aec:	2301      	movs	r3, #1
10003aee:	901e      	str	r0, [sp, #120]	@ 0x78
10003af0:	911f      	str	r1, [sp, #124]	@ 0x7c
10003af2:	930b      	str	r3, [sp, #44]	@ 0x2c
10003af4:	e724      	b.n	10003940 <_ftoa+0x8c>
10003af6:	2302      	movs	r3, #2
10003af8:	9a22      	ldr	r2, [sp, #136]	@ 0x88
10003afa:	4654      	mov	r4, sl
10003afc:	401a      	ands	r2, r3
10003afe:	9b22      	ldr	r3, [sp, #136]	@ 0x88
10003b00:	9206      	str	r2, [sp, #24]
10003b02:	079b      	lsls	r3, r3, #30
10003b04:	d100      	bne.n	10003b08 <_ftoa+0x254>
10003b06:	e0ac      	b.n	10003c62 <_ftoa+0x3ae>
10003b08:	0026      	movs	r6, r4
10003b0a:	4d43      	ldr	r5, [pc, #268]	@ (10003c18 <_ftoa+0x364>)
10003b0c:	9408      	str	r4, [sp, #32]
10003b0e:	1f2f      	subs	r7, r5, #4
10003b10:	0032      	movs	r2, r6
10003b12:	78e8      	ldrb	r0, [r5, #3]
10003b14:	4643      	mov	r3, r8
10003b16:	4649      	mov	r1, r9
10003b18:	3d01      	subs	r5, #1
10003b1a:	47d8      	blx	fp
10003b1c:	3601      	adds	r6, #1
10003b1e:	42bd      	cmp	r5, r7
10003b20:	d1f6      	bne.n	10003b10 <_ftoa+0x25c>
10003b22:	9c08      	ldr	r4, [sp, #32]
10003b24:	9b06      	ldr	r3, [sp, #24]
10003b26:	3404      	adds	r4, #4
10003b28:	2b00      	cmp	r3, #0
10003b2a:	d0bb      	beq.n	10003aa4 <_ftoa+0x1f0>
10003b2c:	4657      	mov	r7, sl
10003b2e:	9a21      	ldr	r2, [sp, #132]	@ 0x84
10003b30:	1be3      	subs	r3, r4, r7
10003b32:	429a      	cmp	r2, r3
10003b34:	d9b6      	bls.n	10003aa4 <_ftoa+0x1f0>
10003b36:	0015      	movs	r5, r2
10003b38:	0022      	movs	r2, r4
10003b3a:	4643      	mov	r3, r8
10003b3c:	4649      	mov	r1, r9
10003b3e:	2020      	movs	r0, #32
10003b40:	3401      	adds	r4, #1
10003b42:	47d8      	blx	fp
10003b44:	1be3      	subs	r3, r4, r7
10003b46:	42ab      	cmp	r3, r5
10003b48:	d3f6      	bcc.n	10003b38 <_ftoa+0x284>
10003b4a:	e7ab      	b.n	10003aa4 <_ftoa+0x1f0>
10003b4c:	0028      	movs	r0, r5
10003b4e:	f7ff fbc1 	bl	100032d4 <__wrap___aeabi_i2d>
10003b52:	0002      	movs	r2, r0
10003b54:	000b      	movs	r3, r1
10003b56:	981e      	ldr	r0, [sp, #120]	@ 0x78
10003b58:	991f      	ldr	r1, [sp, #124]	@ 0x7c
10003b5a:	f7ff fb2c 	bl	100031b6 <__wrap___aeabi_dsub>
10003b5e:	4b2b      	ldr	r3, [pc, #172]	@ (10003c0c <_ftoa+0x358>)
10003b60:	2200      	movs	r2, #0
10003b62:	0006      	movs	r6, r0
10003b64:	000f      	movs	r7, r1
10003b66:	f7ff fb89 	bl	1000327c <__wrap___aeabi_dcmplt>
10003b6a:	ab0c      	add	r3, sp, #48	@ 0x30
10003b6c:	9306      	str	r3, [sp, #24]
10003b6e:	2800      	cmp	r0, #0
10003b70:	d000      	beq.n	10003b74 <_ftoa+0x2c0>
10003b72:	e74f      	b.n	10003a14 <_ftoa+0x160>
10003b74:	2200      	movs	r2, #0
10003b76:	0030      	movs	r0, r6
10003b78:	0039      	movs	r1, r7
10003b7a:	4b24      	ldr	r3, [pc, #144]	@ (10003c0c <_ftoa+0x358>)
10003b7c:	f7ff fb94 	bl	100032a8 <__wrap___aeabi_dcmpgt>
10003b80:	2800      	cmp	r0, #0
10003b82:	d000      	beq.n	10003b86 <_ftoa+0x2d2>
10003b84:	e746      	b.n	10003a14 <_ftoa+0x160>
10003b86:	2301      	movs	r3, #1
10003b88:	3501      	adds	r5, #1
10003b8a:	439d      	bics	r5, r3
10003b8c:	e742      	b.n	10003a14 <_ftoa+0x160>
10003b8e:	2200      	movs	r2, #0
10003b90:	9806      	ldr	r0, [sp, #24]
10003b92:	9907      	ldr	r1, [sp, #28]
10003b94:	4b1d      	ldr	r3, [pc, #116]	@ (10003c0c <_ftoa+0x358>)
10003b96:	f7ff fb71 	bl	1000327c <__wrap___aeabi_dcmplt>
10003b9a:	2800      	cmp	r0, #0
10003b9c:	d000      	beq.n	10003ba0 <_ftoa+0x2ec>
10003b9e:	e71a      	b.n	100039d6 <_ftoa+0x122>
10003ba0:	2f00      	cmp	r7, #0
10003ba2:	d159      	bne.n	10003c58 <_ftoa+0x3a4>
10003ba4:	3701      	adds	r7, #1
10003ba6:	e716      	b.n	100039d6 <_ftoa+0x122>
10003ba8:	2303      	movs	r3, #3
10003baa:	9a22      	ldr	r2, [sp, #136]	@ 0x88
10003bac:	4013      	ands	r3, r2
10003bae:	2b01      	cmp	r3, #1
10003bb0:	d100      	bne.n	10003bb4 <_ftoa+0x300>
10003bb2:	e0a6      	b.n	10003d02 <_ftoa+0x44e>
10003bb4:	2c20      	cmp	r4, #32
10003bb6:	d100      	bne.n	10003bba <_ftoa+0x306>
10003bb8:	e75d      	b.n	10003a76 <_ftoa+0x1c2>
10003bba:	9b0b      	ldr	r3, [sp, #44]	@ 0x2c
10003bbc:	2b00      	cmp	r3, #0
10003bbe:	d03a      	beq.n	10003c36 <_ftoa+0x382>
10003bc0:	232d      	movs	r3, #45	@ 0x2d
10003bc2:	9a06      	ldr	r2, [sp, #24]
10003bc4:	5513      	strb	r3, [r2, r4]
10003bc6:	3401      	adds	r4, #1
10003bc8:	e755      	b.n	10003a76 <_ftoa+0x1c2>
10003bca:	9d06      	ldr	r5, [sp, #24]
10003bcc:	2c20      	cmp	r4, #32
10003bce:	d100      	bne.n	10003bd2 <_ftoa+0x31e>
10003bd0:	e71d      	b.n	10003a0e <_ftoa+0x15a>
10003bd2:	2330      	movs	r3, #48	@ 0x30
10003bd4:	1936      	adds	r6, r6, r4
10003bd6:	e006      	b.n	10003be6 <_ftoa+0x332>
10003bd8:	aa06      	add	r2, sp, #24
10003bda:	3401      	adds	r4, #1
10003bdc:	3217      	adds	r2, #23
10003bde:	5513      	strb	r3, [r2, r4]
10003be0:	2c20      	cmp	r4, #32
10003be2:	d100      	bne.n	10003be6 <_ftoa+0x332>
10003be4:	e713      	b.n	10003a0e <_ftoa+0x15a>
10003be6:	42a6      	cmp	r6, r4
10003be8:	d1f6      	bne.n	10003bd8 <_ftoa+0x324>
10003bea:	232e      	movs	r3, #46	@ 0x2e
10003bec:	aa0c      	add	r2, sp, #48	@ 0x30
10003bee:	3401      	adds	r4, #1
10003bf0:	9206      	str	r2, [sp, #24]
10003bf2:	5593      	strb	r3, [r2, r6]
10003bf4:	e70e      	b.n	10003a14 <_ftoa+0x160>
10003bf6:	46c0      	nop			@ (mov r8, r8)
10003bf8:	ffefffff 	.word	0xffefffff
10003bfc:	7fefffff 	.word	0x7fefffff
10003c00:	41cdcd65 	.word	0x41cdcd65
10003c04:	c1cdcd65 	.word	0xc1cdcd65
10003c08:	10007a88 	.word	0x10007a88
10003c0c:	3fe00000 	.word	0x3fe00000
10003c10:	100077f0 	.word	0x100077f0
10003c14:	100077e8 	.word	0x100077e8
10003c18:	100077f8 	.word	0x100077f8
10003c1c:	230c      	movs	r3, #12
10003c1e:	9a22      	ldr	r2, [sp, #136]	@ 0x88
10003c20:	4213      	tst	r3, r2
10003c22:	d057      	beq.n	10003cd4 <_ftoa+0x420>
10003c24:	9b21      	ldr	r3, [sp, #132]	@ 0x84
10003c26:	3b01      	subs	r3, #1
10003c28:	9321      	str	r3, [sp, #132]	@ 0x84
10003c2a:	42a3      	cmp	r3, r4
10003c2c:	d900      	bls.n	10003c30 <_ftoa+0x37c>
10003c2e:	e716      	b.n	10003a5e <_ftoa+0x1aa>
10003c30:	2c20      	cmp	r4, #32
10003c32:	d100      	bne.n	10003c36 <_ftoa+0x382>
10003c34:	e71f      	b.n	10003a76 <_ftoa+0x1c2>
10003c36:	9b22      	ldr	r3, [sp, #136]	@ 0x88
10003c38:	075b      	lsls	r3, r3, #29
10003c3a:	d504      	bpl.n	10003c46 <_ftoa+0x392>
10003c3c:	232b      	movs	r3, #43	@ 0x2b
10003c3e:	9a06      	ldr	r2, [sp, #24]
10003c40:	5513      	strb	r3, [r2, r4]
10003c42:	3401      	adds	r4, #1
10003c44:	e717      	b.n	10003a76 <_ftoa+0x1c2>
10003c46:	9b22      	ldr	r3, [sp, #136]	@ 0x88
10003c48:	071b      	lsls	r3, r3, #28
10003c4a:	d400      	bmi.n	10003c4e <_ftoa+0x39a>
10003c4c:	e713      	b.n	10003a76 <_ftoa+0x1c2>
10003c4e:	2320      	movs	r3, #32
10003c50:	9a06      	ldr	r2, [sp, #24]
10003c52:	5513      	strb	r3, [r2, r4]
10003c54:	3401      	adds	r4, #1
10003c56:	e70e      	b.n	10003a76 <_ftoa+0x1c2>
10003c58:	07fb      	lsls	r3, r7, #31
10003c5a:	d400      	bmi.n	10003c5e <_ftoa+0x3aa>
10003c5c:	e6bb      	b.n	100039d6 <_ftoa+0x122>
10003c5e:	3701      	adds	r7, #1
10003c60:	e6b9      	b.n	100039d6 <_ftoa+0x122>
10003c62:	9b21      	ldr	r3, [sp, #132]	@ 0x84
10003c64:	2b04      	cmp	r3, #4
10003c66:	d800      	bhi.n	10003c6a <_ftoa+0x3b6>
10003c68:	e74e      	b.n	10003b08 <_ftoa+0x254>
10003c6a:	4655      	mov	r5, sl
10003c6c:	464f      	mov	r7, r9
10003c6e:	3c04      	subs	r4, #4
10003c70:	18e4      	adds	r4, r4, r3
10003c72:	002a      	movs	r2, r5
10003c74:	4643      	mov	r3, r8
10003c76:	3501      	adds	r5, #1
10003c78:	0039      	movs	r1, r7
10003c7a:	2020      	movs	r0, #32
10003c7c:	47d8      	blx	fp
10003c7e:	42ac      	cmp	r4, r5
10003c80:	d1f7      	bne.n	10003c72 <_ftoa+0x3be>
10003c82:	e741      	b.n	10003b08 <_ftoa+0x254>
10003c84:	2702      	movs	r7, #2
10003c86:	9b22      	ldr	r3, [sp, #136]	@ 0x88
10003c88:	4655      	mov	r5, sl
10003c8a:	401f      	ands	r7, r3
10003c8c:	079b      	lsls	r3, r3, #30
10003c8e:	d026      	beq.n	10003cde <_ftoa+0x42a>
10003c90:	9706      	str	r7, [sp, #24]
10003c92:	465f      	mov	r7, fp
10003c94:	4e23      	ldr	r6, [pc, #140]	@ (10003d24 <_ftoa+0x470>)
10003c96:	1cec      	adds	r4, r5, #3
10003c98:	002a      	movs	r2, r5
10003c9a:	78b0      	ldrb	r0, [r6, #2]
10003c9c:	4643      	mov	r3, r8
10003c9e:	4649      	mov	r1, r9
10003ca0:	3501      	adds	r5, #1
10003ca2:	47b8      	blx	r7
10003ca4:	3e01      	subs	r6, #1
10003ca6:	42ac      	cmp	r4, r5
10003ca8:	d1f6      	bne.n	10003c98 <_ftoa+0x3e4>
10003caa:	9f06      	ldr	r7, [sp, #24]
10003cac:	2f00      	cmp	r7, #0
10003cae:	d100      	bne.n	10003cb2 <_ftoa+0x3fe>
10003cb0:	e6f8      	b.n	10003aa4 <_ftoa+0x1f0>
10003cb2:	4657      	mov	r7, sl
10003cb4:	9a21      	ldr	r2, [sp, #132]	@ 0x84
10003cb6:	1be3      	subs	r3, r4, r7
10003cb8:	429a      	cmp	r2, r3
10003cba:	d800      	bhi.n	10003cbe <_ftoa+0x40a>
10003cbc:	e6f2      	b.n	10003aa4 <_ftoa+0x1f0>
10003cbe:	0015      	movs	r5, r2
10003cc0:	0022      	movs	r2, r4
10003cc2:	4643      	mov	r3, r8
10003cc4:	4649      	mov	r1, r9
10003cc6:	2020      	movs	r0, #32
10003cc8:	3401      	adds	r4, #1
10003cca:	47d8      	blx	fp
10003ccc:	1be3      	subs	r3, r4, r7
10003cce:	42ab      	cmp	r3, r5
10003cd0:	d3f6      	bcc.n	10003cc0 <_ftoa+0x40c>
10003cd2:	e6e7      	b.n	10003aa4 <_ftoa+0x1f0>
10003cd4:	9b21      	ldr	r3, [sp, #132]	@ 0x84
10003cd6:	42a3      	cmp	r3, r4
10003cd8:	d900      	bls.n	10003cdc <_ftoa+0x428>
10003cda:	e6c0      	b.n	10003a5e <_ftoa+0x1aa>
10003cdc:	e6cb      	b.n	10003a76 <_ftoa+0x1c2>
10003cde:	9b21      	ldr	r3, [sp, #132]	@ 0x84
10003ce0:	2b03      	cmp	r3, #3
10003ce2:	d9d5      	bls.n	10003c90 <_ftoa+0x3dc>
10003ce4:	9706      	str	r7, [sp, #24]
10003ce6:	4654      	mov	r4, sl
10003ce8:	464f      	mov	r7, r9
10003cea:	3d03      	subs	r5, #3
10003cec:	18ed      	adds	r5, r5, r3
10003cee:	0022      	movs	r2, r4
10003cf0:	4643      	mov	r3, r8
10003cf2:	3401      	adds	r4, #1
10003cf4:	0039      	movs	r1, r7
10003cf6:	2020      	movs	r0, #32
10003cf8:	47d8      	blx	fp
10003cfa:	42a5      	cmp	r5, r4
10003cfc:	d1f7      	bne.n	10003cee <_ftoa+0x43a>
10003cfe:	9f06      	ldr	r7, [sp, #24]
10003d00:	e7c6      	b.n	10003c90 <_ftoa+0x3dc>
10003d02:	9b21      	ldr	r3, [sp, #132]	@ 0x84
10003d04:	2b00      	cmp	r3, #0
10003d06:	d100      	bne.n	10003d0a <_ftoa+0x456>
10003d08:	e754      	b.n	10003bb4 <_ftoa+0x300>
10003d0a:	9b0b      	ldr	r3, [sp, #44]	@ 0x2c
10003d0c:	2b00      	cmp	r3, #0
10003d0e:	d085      	beq.n	10003c1c <_ftoa+0x368>
10003d10:	9b21      	ldr	r3, [sp, #132]	@ 0x84
10003d12:	3b01      	subs	r3, #1
10003d14:	9321      	str	r3, [sp, #132]	@ 0x84
10003d16:	429c      	cmp	r4, r3
10003d18:	d200      	bcs.n	10003d1c <_ftoa+0x468>
10003d1a:	e6a0      	b.n	10003a5e <_ftoa+0x1aa>
10003d1c:	2c20      	cmp	r4, #32
10003d1e:	d000      	beq.n	10003d22 <_ftoa+0x46e>
10003d20:	e74e      	b.n	10003bc0 <_ftoa+0x30c>
10003d22:	e6a8      	b.n	10003a76 <_ftoa+0x1c2>
10003d24:	100077f4 	.word	0x100077f4

10003d28 <_etoa>:
10003d28:	b5f0      	push	{r4, r5, r6, r7, lr}
10003d2a:	4645      	mov	r5, r8
10003d2c:	46de      	mov	lr, fp
10003d2e:	4657      	mov	r7, sl
10003d30:	464e      	mov	r6, r9
10003d32:	b5e0      	push	{r5, r6, r7, lr}
10003d34:	b09b      	sub	sp, #108	@ 0x6c
10003d36:	9c24      	ldr	r4, [sp, #144]	@ 0x90
10003d38:	9d25      	ldr	r5, [sp, #148]	@ 0x94
10003d3a:	4682      	mov	sl, r0
10003d3c:	4688      	mov	r8, r1
10003d3e:	4693      	mov	fp, r2
10003d40:	4699      	mov	r9, r3
10003d42:	0022      	movs	r2, r4
10003d44:	002b      	movs	r3, r5
10003d46:	0020      	movs	r0, r4
10003d48:	0029      	movs	r1, r5
10003d4a:	f7ff fab2 	bl	100032b2 <__wrap___aeabi_dcmpun>
10003d4e:	2800      	cmp	r0, #0
10003d50:	d000      	beq.n	10003d54 <_etoa+0x2c>
10003d52:	e0c1      	b.n	10003ed8 <_etoa+0x1b0>
10003d54:	2201      	movs	r2, #1
10003d56:	0020      	movs	r0, r4
10003d58:	0029      	movs	r1, r5
10003d5a:	4b7c      	ldr	r3, [pc, #496]	@ (10003f4c <_etoa+0x224>)
10003d5c:	4252      	negs	r2, r2
10003d5e:	f7ff faa3 	bl	100032a8 <__wrap___aeabi_dcmpgt>
10003d62:	2800      	cmp	r0, #0
10003d64:	d000      	beq.n	10003d68 <_etoa+0x40>
10003d66:	e0b7      	b.n	10003ed8 <_etoa+0x1b0>
10003d68:	2201      	movs	r2, #1
10003d6a:	0020      	movs	r0, r4
10003d6c:	0029      	movs	r1, r5
10003d6e:	4b78      	ldr	r3, [pc, #480]	@ (10003f50 <_etoa+0x228>)
10003d70:	4252      	negs	r2, r2
10003d72:	f7ff fa83 	bl	1000327c <__wrap___aeabi_dcmplt>
10003d76:	2800      	cmp	r0, #0
10003d78:	d000      	beq.n	10003d7c <_etoa+0x54>
10003d7a:	e0ad      	b.n	10003ed8 <_etoa+0x1b0>
10003d7c:	2200      	movs	r2, #0
10003d7e:	2300      	movs	r3, #0
10003d80:	0020      	movs	r0, r4
10003d82:	0029      	movs	r1, r5
10003d84:	f7ff fa7a 	bl	1000327c <__wrap___aeabi_dcmplt>
10003d88:	2800      	cmp	r0, #0
10003d8a:	d000      	beq.n	10003d8e <_etoa+0x66>
10003d8c:	e1bb      	b.n	10004106 <_etoa+0x3de>
10003d8e:	9408      	str	r4, [sp, #32]
10003d90:	9509      	str	r5, [sp, #36]	@ 0x24
10003d92:	9808      	ldr	r0, [sp, #32]
10003d94:	9909      	ldr	r1, [sp, #36]	@ 0x24
10003d96:	2380      	movs	r3, #128	@ 0x80
10003d98:	9a28      	ldr	r2, [sp, #160]	@ 0xa0
10003d9a:	00db      	lsls	r3, r3, #3
10003d9c:	401a      	ands	r2, r3
10003d9e:	920f      	str	r2, [sp, #60]	@ 0x3c
10003da0:	2280      	movs	r2, #128	@ 0x80
10003da2:	9e28      	ldr	r6, [sp, #160]	@ 0xa0
10003da4:	0112      	lsls	r2, r2, #4
10003da6:	4016      	ands	r6, r2
10003da8:	0032      	movs	r2, r6
10003daa:	960e      	str	r6, [sp, #56]	@ 0x38
10003dac:	9e28      	ldr	r6, [sp, #160]	@ 0xa0
10003dae:	000f      	movs	r7, r1
10003db0:	900a      	str	r0, [sp, #40]	@ 0x28
10003db2:	421e      	tst	r6, r3
10003db4:	d000      	beq.n	10003db8 <_etoa+0x90>
10003db6:	e0a4      	b.n	10003f02 <_etoa+0x1da>
10003db8:	000b      	movs	r3, r1
10003dba:	4303      	orrs	r3, r0
10003dbc:	d000      	beq.n	10003dc0 <_etoa+0x98>
10003dbe:	e0cb      	b.n	10003f58 <_etoa+0x230>
10003dc0:	2a00      	cmp	r2, #0
10003dc2:	d000      	beq.n	10003dc6 <_etoa+0x9e>
10003dc4:	e212      	b.n	100041ec <_etoa+0x4c4>
10003dc6:	0032      	movs	r2, r6
10003dc8:	3306      	adds	r3, #6
10003dca:	9326      	str	r3, [sp, #152]	@ 0x98
10003dcc:	2302      	movs	r3, #2
10003dce:	4013      	ands	r3, r2
10003dd0:	930c      	str	r3, [sp, #48]	@ 0x30
10003dd2:	2302      	movs	r3, #2
10003dd4:	4213      	tst	r3, r2
10003dd6:	d000      	beq.n	10003dda <_etoa+0xb2>
10003dd8:	e20a      	b.n	100041f0 <_etoa+0x4c8>
10003dda:	9b27      	ldr	r3, [sp, #156]	@ 0x9c
10003ddc:	2b04      	cmp	r3, #4
10003dde:	d200      	bcs.n	10003de2 <_etoa+0xba>
10003de0:	e215      	b.n	1000420e <_etoa+0x4e6>
10003de2:	2700      	movs	r7, #0
10003de4:	2604      	movs	r6, #4
10003de6:	3b04      	subs	r3, #4
10003de8:	930e      	str	r3, [sp, #56]	@ 0x38
10003dea:	2200      	movs	r2, #0
10003dec:	2300      	movs	r3, #0
10003dee:	0020      	movs	r0, r4
10003df0:	0029      	movs	r1, r5
10003df2:	f7ff fa43 	bl	1000327c <__wrap___aeabi_dcmplt>
10003df6:	2800      	cmp	r0, #0
10003df8:	d000      	beq.n	10003dfc <_etoa+0xd4>
10003dfa:	e1c8      	b.n	1000418e <_etoa+0x466>
10003dfc:	4b55      	ldr	r3, [pc, #340]	@ (10003f54 <_etoa+0x22c>)
10003dfe:	9a28      	ldr	r2, [sp, #160]	@ 0xa0
10003e00:	4013      	ands	r3, r2
10003e02:	9304      	str	r3, [sp, #16]
10003e04:	9b0e      	ldr	r3, [sp, #56]	@ 0x38
10003e06:	9303      	str	r3, [sp, #12]
10003e08:	9b26      	ldr	r3, [sp, #152]	@ 0x98
10003e0a:	9302      	str	r3, [sp, #8]
10003e0c:	9b08      	ldr	r3, [sp, #32]
10003e0e:	9c09      	ldr	r4, [sp, #36]	@ 0x24
10003e10:	9300      	str	r3, [sp, #0]
10003e12:	9401      	str	r4, [sp, #4]
10003e14:	4641      	mov	r1, r8
10003e16:	464b      	mov	r3, r9
10003e18:	465a      	mov	r2, fp
10003e1a:	4650      	mov	r0, sl
10003e1c:	f7ff fd4a 	bl	100038b4 <_ftoa>
10003e20:	0002      	movs	r2, r0
10003e22:	2020      	movs	r0, #32
10003e24:	9b28      	ldr	r3, [sp, #160]	@ 0xa0
10003e26:	2500      	movs	r5, #0
10003e28:	4003      	ands	r3, r0
10003e2a:	4259      	negs	r1, r3
10003e2c:	414b      	adcs	r3, r1
10003e2e:	425b      	negs	r3, r3
10003e30:	4018      	ands	r0, r3
10003e32:	1c53      	adds	r3, r2, #1
10003e34:	9308      	str	r3, [sp, #32]
10003e36:	4641      	mov	r1, r8
10003e38:	464b      	mov	r3, r9
10003e3a:	3045      	adds	r0, #69	@ 0x45
10003e3c:	47d0      	blx	sl
10003e3e:	17fb      	asrs	r3, r7, #31
10003e40:	18fc      	adds	r4, r7, r3
10003e42:	405c      	eors	r4, r3
10003e44:	0ffb      	lsrs	r3, r7, #31
10003e46:	271f      	movs	r7, #31
10003e48:	930a      	str	r3, [sp, #40]	@ 0x28
10003e4a:	1e73      	subs	r3, r6, #1
10003e4c:	930e      	str	r3, [sp, #56]	@ 0x38
10003e4e:	ab0a      	add	r3, sp, #40	@ 0x28
10003e50:	18ff      	adds	r7, r7, r3
10003e52:	e006      	b.n	10003e62 <_etoa+0x13a>
10003e54:	0020      	movs	r0, r4
10003e56:	210a      	movs	r1, #10
10003e58:	f7fe ff72 	bl	10002d40 <__wrap___aeabi_uidiv>
10003e5c:	0004      	movs	r4, r0
10003e5e:	2d20      	cmp	r5, #32
10003e60:	d008      	beq.n	10003e74 <_etoa+0x14c>
10003e62:	210a      	movs	r1, #10
10003e64:	0020      	movs	r0, r4
10003e66:	f7fe ff6b 	bl	10002d40 <__wrap___aeabi_uidiv>
10003e6a:	3501      	adds	r5, #1
10003e6c:	3130      	adds	r1, #48	@ 0x30
10003e6e:	5579      	strb	r1, [r7, r5]
10003e70:	2c09      	cmp	r4, #9
10003e72:	d8ef      	bhi.n	10003e54 <_etoa+0x12c>
10003e74:	2305      	movs	r3, #5
10003e76:	9306      	str	r3, [sp, #24]
10003e78:	9b0e      	ldr	r3, [sp, #56]	@ 0x38
10003e7a:	4656      	mov	r6, sl
10003e7c:	9305      	str	r3, [sp, #20]
10003e7e:	2300      	movs	r3, #0
10003e80:	9304      	str	r3, [sp, #16]
10003e82:	330a      	adds	r3, #10
10003e84:	9303      	str	r3, [sp, #12]
10003e86:	9b0a      	ldr	r3, [sp, #40]	@ 0x28
10003e88:	4641      	mov	r1, r8
10003e8a:	9302      	str	r3, [sp, #8]
10003e8c:	ab12      	add	r3, sp, #72	@ 0x48
10003e8e:	9300      	str	r3, [sp, #0]
10003e90:	0030      	movs	r0, r6
10003e92:	464b      	mov	r3, r9
10003e94:	9a08      	ldr	r2, [sp, #32]
10003e96:	9501      	str	r5, [sp, #4]
10003e98:	f7ff fc10 	bl	100036bc <_ntoa_format>
10003e9c:	9b0c      	ldr	r3, [sp, #48]	@ 0x30
10003e9e:	2b00      	cmp	r3, #0
10003ea0:	d028      	beq.n	10003ef4 <_etoa+0x1cc>
10003ea2:	465f      	mov	r7, fp
10003ea4:	9b27      	ldr	r3, [sp, #156]	@ 0x9c
10003ea6:	1bc4      	subs	r4, r0, r7
10003ea8:	42a3      	cmp	r3, r4
10003eaa:	d923      	bls.n	10003ef4 <_etoa+0x1cc>
10003eac:	4682      	mov	sl, r0
10003eae:	001d      	movs	r5, r3
10003eb0:	193a      	adds	r2, r7, r4
10003eb2:	464b      	mov	r3, r9
10003eb4:	4641      	mov	r1, r8
10003eb6:	2020      	movs	r0, #32
10003eb8:	3401      	adds	r4, #1
10003eba:	47b0      	blx	r6
10003ebc:	42a5      	cmp	r5, r4
10003ebe:	d8f7      	bhi.n	10003eb0 <_etoa+0x188>
10003ec0:	4650      	mov	r0, sl
10003ec2:	4659      	mov	r1, fp
10003ec4:	9c27      	ldr	r4, [sp, #156]	@ 0x9c
10003ec6:	1a42      	subs	r2, r0, r1
10003ec8:	3201      	adds	r2, #1
10003eca:	2300      	movs	r3, #0
10003ecc:	4294      	cmp	r4, r2
10003ece:	d300      	bcc.n	10003ed2 <_etoa+0x1aa>
10003ed0:	e195      	b.n	100041fe <_etoa+0x4d6>
10003ed2:	3001      	adds	r0, #1
10003ed4:	1818      	adds	r0, r3, r0
10003ed6:	e00d      	b.n	10003ef4 <_etoa+0x1cc>
10003ed8:	9b28      	ldr	r3, [sp, #160]	@ 0xa0
10003eda:	9400      	str	r4, [sp, #0]
10003edc:	9501      	str	r5, [sp, #4]
10003ede:	9304      	str	r3, [sp, #16]
10003ee0:	9b27      	ldr	r3, [sp, #156]	@ 0x9c
10003ee2:	9303      	str	r3, [sp, #12]
10003ee4:	9b26      	ldr	r3, [sp, #152]	@ 0x98
10003ee6:	9302      	str	r3, [sp, #8]
10003ee8:	464b      	mov	r3, r9
10003eea:	465a      	mov	r2, fp
10003eec:	4641      	mov	r1, r8
10003eee:	4650      	mov	r0, sl
10003ef0:	f7ff fce0 	bl	100038b4 <_ftoa>
10003ef4:	b01b      	add	sp, #108	@ 0x6c
10003ef6:	bcf0      	pop	{r4, r5, r6, r7}
10003ef8:	46bb      	mov	fp, r7
10003efa:	46b2      	mov	sl, r6
10003efc:	46a9      	mov	r9, r5
10003efe:	46a0      	mov	r8, r4
10003f00:	bdf0      	pop	{r4, r5, r6, r7, pc}
10003f02:	4301      	orrs	r1, r0
10003f04:	d12a      	bne.n	10003f5c <_etoa+0x234>
10003f06:	9b0e      	ldr	r3, [sp, #56]	@ 0x38
10003f08:	0032      	movs	r2, r6
10003f0a:	2b00      	cmp	r3, #0
10003f0c:	d100      	bne.n	10003f10 <_etoa+0x1e8>
10003f0e:	e75d      	b.n	10003dcc <_etoa+0xa4>
10003f10:	2700      	movs	r7, #0
10003f12:	9b26      	ldr	r3, [sp, #152]	@ 0x98
10003f14:	2600      	movs	r6, #0
10003f16:	42bb      	cmp	r3, r7
10003f18:	dd00      	ble.n	10003f1c <_etoa+0x1f4>
10003f1a:	e182      	b.n	10004222 <_etoa+0x4fa>
10003f1c:	2200      	movs	r2, #0
10003f1e:	2300      	movs	r3, #0
10003f20:	0020      	movs	r0, r4
10003f22:	0029      	movs	r1, r5
10003f24:	f7ff f9aa 	bl	1000327c <__wrap___aeabi_dcmplt>
10003f28:	2800      	cmp	r0, #0
10003f2a:	d000      	beq.n	10003f2e <_etoa+0x206>
10003f2c:	e14b      	b.n	100041c6 <_etoa+0x49e>
10003f2e:	9b28      	ldr	r3, [sp, #160]	@ 0xa0
10003f30:	4a08      	ldr	r2, [pc, #32]	@ (10003f54 <_etoa+0x22c>)
10003f32:	9602      	str	r6, [sp, #8]
10003f34:	401a      	ands	r2, r3
10003f36:	2380      	movs	r3, #128	@ 0x80
10003f38:	00db      	lsls	r3, r3, #3
10003f3a:	4313      	orrs	r3, r2
10003f3c:	9304      	str	r3, [sp, #16]
10003f3e:	9b27      	ldr	r3, [sp, #156]	@ 0x9c
10003f40:	9303      	str	r3, [sp, #12]
10003f42:	9b08      	ldr	r3, [sp, #32]
10003f44:	9c09      	ldr	r4, [sp, #36]	@ 0x24
10003f46:	9300      	str	r3, [sp, #0]
10003f48:	9401      	str	r4, [sp, #4]
10003f4a:	e7cd      	b.n	10003ee8 <_etoa+0x1c0>
10003f4c:	7fefffff 	.word	0x7fefffff
10003f50:	ffefffff 	.word	0xffefffff
10003f54:	fffff7ff 	.word	0xfffff7ff
10003f58:	2306      	movs	r3, #6
10003f5a:	9326      	str	r3, [sp, #152]	@ 0x98
10003f5c:	4bb2      	ldr	r3, [pc, #712]	@ (10004228 <_etoa+0x500>)
10003f5e:	0078      	lsls	r0, r7, #1
10003f60:	0d40      	lsrs	r0, r0, #21
10003f62:	18c0      	adds	r0, r0, r3
10003f64:	f7ff f9b6 	bl	100032d4 <__wrap___aeabi_i2d>
10003f68:	4ab0      	ldr	r2, [pc, #704]	@ (1000422c <_etoa+0x504>)
10003f6a:	4bb1      	ldr	r3, [pc, #708]	@ (10004230 <_etoa+0x508>)
10003f6c:	f7ff f947 	bl	100031fe <__wrap___aeabi_dmul>
10003f70:	4ab0      	ldr	r2, [pc, #704]	@ (10004234 <_etoa+0x50c>)
10003f72:	4bb1      	ldr	r3, [pc, #708]	@ (10004238 <_etoa+0x510>)
10003f74:	f7ff f924 	bl	100031c0 <__wrap___aeabi_dadd>
10003f78:	033f      	lsls	r7, r7, #12
10003f7a:	4bb0      	ldr	r3, [pc, #704]	@ (1000423c <_etoa+0x514>)
10003f7c:	0b3f      	lsrs	r7, r7, #12
10003f7e:	433b      	orrs	r3, r7
10003f80:	900c      	str	r0, [sp, #48]	@ 0x30
10003f82:	910d      	str	r1, [sp, #52]	@ 0x34
10003f84:	2200      	movs	r2, #0
10003f86:	980a      	ldr	r0, [sp, #40]	@ 0x28
10003f88:	0019      	movs	r1, r3
10003f8a:	4bad      	ldr	r3, [pc, #692]	@ (10004240 <_etoa+0x518>)
10003f8c:	f7ff f913 	bl	100031b6 <__wrap___aeabi_dsub>
10003f90:	4aac      	ldr	r2, [pc, #688]	@ (10004244 <_etoa+0x51c>)
10003f92:	4bad      	ldr	r3, [pc, #692]	@ (10004248 <_etoa+0x520>)
10003f94:	f7ff f933 	bl	100031fe <__wrap___aeabi_dmul>
10003f98:	0002      	movs	r2, r0
10003f9a:	000b      	movs	r3, r1
10003f9c:	980c      	ldr	r0, [sp, #48]	@ 0x30
10003f9e:	990d      	ldr	r1, [sp, #52]	@ 0x34
10003fa0:	f7ff f90e 	bl	100031c0 <__wrap___aeabi_dadd>
10003fa4:	f7ff f9ae 	bl	10003304 <__wrap___aeabi_d2iz>
10003fa8:	0007      	movs	r7, r0
10003faa:	f7ff f993 	bl	100032d4 <__wrap___aeabi_i2d>
10003fae:	4aa7      	ldr	r2, [pc, #668]	@ (1000424c <_etoa+0x524>)
10003fb0:	4ba7      	ldr	r3, [pc, #668]	@ (10004250 <_etoa+0x528>)
10003fb2:	900a      	str	r0, [sp, #40]	@ 0x28
10003fb4:	910b      	str	r1, [sp, #44]	@ 0x2c
10003fb6:	f7ff f922 	bl	100031fe <__wrap___aeabi_dmul>
10003fba:	2200      	movs	r2, #0
10003fbc:	4ba5      	ldr	r3, [pc, #660]	@ (10004254 <_etoa+0x52c>)
10003fbe:	f7ff f8ff 	bl	100031c0 <__wrap___aeabi_dadd>
10003fc2:	f7ff f99f 	bl	10003304 <__wrap___aeabi_d2iz>
10003fc6:	4aa4      	ldr	r2, [pc, #656]	@ (10004258 <_etoa+0x530>)
10003fc8:	0006      	movs	r6, r0
10003fca:	980a      	ldr	r0, [sp, #40]	@ 0x28
10003fcc:	990b      	ldr	r1, [sp, #44]	@ 0x2c
10003fce:	4ba3      	ldr	r3, [pc, #652]	@ (1000425c <_etoa+0x534>)
10003fd0:	f7ff f915 	bl	100031fe <__wrap___aeabi_dmul>
10003fd4:	900a      	str	r0, [sp, #40]	@ 0x28
10003fd6:	910b      	str	r1, [sp, #44]	@ 0x2c
10003fd8:	0030      	movs	r0, r6
10003fda:	f7ff f97b 	bl	100032d4 <__wrap___aeabi_i2d>
10003fde:	4aa0      	ldr	r2, [pc, #640]	@ (10004260 <_etoa+0x538>)
10003fe0:	4ba0      	ldr	r3, [pc, #640]	@ (10004264 <_etoa+0x53c>)
10003fe2:	f7ff f90c 	bl	100031fe <__wrap___aeabi_dmul>
10003fe6:	0002      	movs	r2, r0
10003fe8:	000b      	movs	r3, r1
10003fea:	980a      	ldr	r0, [sp, #40]	@ 0x28
10003fec:	990b      	ldr	r1, [sp, #44]	@ 0x2c
10003fee:	f7ff f8e2 	bl	100031b6 <__wrap___aeabi_dsub>
10003ff2:	0002      	movs	r2, r0
10003ff4:	000b      	movs	r3, r1
10003ff6:	900a      	str	r0, [sp, #40]	@ 0x28
10003ff8:	910b      	str	r1, [sp, #44]	@ 0x2c
10003ffa:	f7ff f900 	bl	100031fe <__wrap___aeabi_dmul>
10003ffe:	900c      	str	r0, [sp, #48]	@ 0x30
10004000:	910d      	str	r1, [sp, #52]	@ 0x34
10004002:	980a      	ldr	r0, [sp, #40]	@ 0x28
10004004:	990b      	ldr	r1, [sp, #44]	@ 0x2c
10004006:	0002      	movs	r2, r0
10004008:	000b      	movs	r3, r1
1000400a:	f7ff f8d9 	bl	100031c0 <__wrap___aeabi_dadd>
1000400e:	2200      	movs	r2, #0
10004010:	9010      	str	r0, [sp, #64]	@ 0x40
10004012:	9111      	str	r1, [sp, #68]	@ 0x44
10004014:	980c      	ldr	r0, [sp, #48]	@ 0x30
10004016:	990d      	ldr	r1, [sp, #52]	@ 0x34
10004018:	4b93      	ldr	r3, [pc, #588]	@ (10004268 <_etoa+0x540>)
1000401a:	f7ff f8d6 	bl	100031ca <__wrap___aeabi_ddiv>
1000401e:	2200      	movs	r2, #0
10004020:	4b92      	ldr	r3, [pc, #584]	@ (1000426c <_etoa+0x544>)
10004022:	f7ff f8cd 	bl	100031c0 <__wrap___aeabi_dadd>
10004026:	0002      	movs	r2, r0
10004028:	000b      	movs	r3, r1
1000402a:	980c      	ldr	r0, [sp, #48]	@ 0x30
1000402c:	990d      	ldr	r1, [sp, #52]	@ 0x34
1000402e:	f7ff f8cc 	bl	100031ca <__wrap___aeabi_ddiv>
10004032:	2200      	movs	r2, #0
10004034:	4b8e      	ldr	r3, [pc, #568]	@ (10004270 <_etoa+0x548>)
10004036:	f7ff f8c3 	bl	100031c0 <__wrap___aeabi_dadd>
1000403a:	0002      	movs	r2, r0
1000403c:	000b      	movs	r3, r1
1000403e:	980c      	ldr	r0, [sp, #48]	@ 0x30
10004040:	990d      	ldr	r1, [sp, #52]	@ 0x34
10004042:	f7ff f8c2 	bl	100031ca <__wrap___aeabi_ddiv>
10004046:	9a0a      	ldr	r2, [sp, #40]	@ 0x28
10004048:	9b0b      	ldr	r3, [sp, #44]	@ 0x2c
1000404a:	900c      	str	r0, [sp, #48]	@ 0x30
1000404c:	910d      	str	r1, [sp, #52]	@ 0x34
1000404e:	2180      	movs	r1, #128	@ 0x80
10004050:	2000      	movs	r0, #0
10004052:	05c9      	lsls	r1, r1, #23
10004054:	f7ff f8af 	bl	100031b6 <__wrap___aeabi_dsub>
10004058:	0002      	movs	r2, r0
1000405a:	000b      	movs	r3, r1
1000405c:	980c      	ldr	r0, [sp, #48]	@ 0x30
1000405e:	990d      	ldr	r1, [sp, #52]	@ 0x34
10004060:	f7ff f8ae 	bl	100031c0 <__wrap___aeabi_dadd>
10004064:	0002      	movs	r2, r0
10004066:	000b      	movs	r3, r1
10004068:	9810      	ldr	r0, [sp, #64]	@ 0x40
1000406a:	9911      	ldr	r1, [sp, #68]	@ 0x44
1000406c:	f7ff f8ad 	bl	100031ca <__wrap___aeabi_ddiv>
10004070:	2200      	movs	r2, #0
10004072:	4b72      	ldr	r3, [pc, #456]	@ (1000423c <_etoa+0x514>)
10004074:	f7ff f8a4 	bl	100031c0 <__wrap___aeabi_dadd>
10004078:	4b7e      	ldr	r3, [pc, #504]	@ (10004274 <_etoa+0x54c>)
1000407a:	2200      	movs	r2, #0
1000407c:	18f6      	adds	r6, r6, r3
1000407e:	0533      	lsls	r3, r6, #20
10004080:	f7ff f8bd 	bl	100031fe <__wrap___aeabi_dmul>
10004084:	0002      	movs	r2, r0
10004086:	000b      	movs	r3, r1
10004088:	900a      	str	r0, [sp, #40]	@ 0x28
1000408a:	910b      	str	r1, [sp, #44]	@ 0x2c
1000408c:	9808      	ldr	r0, [sp, #32]
1000408e:	9909      	ldr	r1, [sp, #36]	@ 0x24
10004090:	f7ff f8f4 	bl	1000327c <__wrap___aeabi_dcmplt>
10004094:	2800      	cmp	r0, #0
10004096:	d008      	beq.n	100040aa <_etoa+0x382>
10004098:	980a      	ldr	r0, [sp, #40]	@ 0x28
1000409a:	990b      	ldr	r1, [sp, #44]	@ 0x2c
1000409c:	2200      	movs	r2, #0
1000409e:	4b73      	ldr	r3, [pc, #460]	@ (1000426c <_etoa+0x544>)
100040a0:	f7ff f893 	bl	100031ca <__wrap___aeabi_ddiv>
100040a4:	900a      	str	r0, [sp, #40]	@ 0x28
100040a6:	910b      	str	r1, [sp, #44]	@ 0x2c
100040a8:	3f01      	subs	r7, #1
100040aa:	990a      	ldr	r1, [sp, #40]	@ 0x28
100040ac:	9a0b      	ldr	r2, [sp, #44]	@ 0x2c
100040ae:	000b      	movs	r3, r1
100040b0:	0011      	movs	r1, r2
100040b2:	003a      	movs	r2, r7
100040b4:	3263      	adds	r2, #99	@ 0x63
100040b6:	2ac6      	cmp	r2, #198	@ 0xc6
100040b8:	d812      	bhi.n	100040e0 <_etoa+0x3b8>
100040ba:	2202      	movs	r2, #2
100040bc:	9828      	ldr	r0, [sp, #160]	@ 0xa0
100040be:	2604      	movs	r6, #4
100040c0:	4010      	ands	r0, r2
100040c2:	9a0e      	ldr	r2, [sp, #56]	@ 0x38
100040c4:	900c      	str	r0, [sp, #48]	@ 0x30
100040c6:	2a00      	cmp	r2, #0
100040c8:	d126      	bne.n	10004118 <_etoa+0x3f0>
100040ca:	9b27      	ldr	r3, [sp, #156]	@ 0x9c
100040cc:	2b04      	cmp	r3, #4
100040ce:	d905      	bls.n	100040dc <_etoa+0x3b4>
100040d0:	2800      	cmp	r0, #0
100040d2:	d000      	beq.n	100040d6 <_etoa+0x3ae>
100040d4:	e0a1      	b.n	1000421a <_etoa+0x4f2>
100040d6:	9b27      	ldr	r3, [sp, #156]	@ 0x9c
100040d8:	3b04      	subs	r3, #4
100040da:	930e      	str	r3, [sp, #56]	@ 0x38
100040dc:	2604      	movs	r6, #4
100040de:	e042      	b.n	10004166 <_etoa+0x43e>
100040e0:	2202      	movs	r2, #2
100040e2:	9828      	ldr	r0, [sp, #160]	@ 0xa0
100040e4:	4010      	ands	r0, r2
100040e6:	9a0e      	ldr	r2, [sp, #56]	@ 0x38
100040e8:	900c      	str	r0, [sp, #48]	@ 0x30
100040ea:	2a00      	cmp	r2, #0
100040ec:	d113      	bne.n	10004116 <_etoa+0x3ee>
100040ee:	9b27      	ldr	r3, [sp, #156]	@ 0x9c
100040f0:	2b05      	cmp	r3, #5
100040f2:	d800      	bhi.n	100040f6 <_etoa+0x3ce>
100040f4:	e089      	b.n	1000420a <_etoa+0x4e2>
100040f6:	2800      	cmp	r0, #0
100040f8:	d000      	beq.n	100040fc <_etoa+0x3d4>
100040fa:	e084      	b.n	10004206 <_etoa+0x4de>
100040fc:	9b27      	ldr	r3, [sp, #156]	@ 0x9c
100040fe:	2605      	movs	r6, #5
10004100:	3b05      	subs	r3, #5
10004102:	930e      	str	r3, [sp, #56]	@ 0x38
10004104:	e032      	b.n	1000416c <_etoa+0x444>
10004106:	2380      	movs	r3, #128	@ 0x80
10004108:	061b      	lsls	r3, r3, #24
1000410a:	469c      	mov	ip, r3
1000410c:	44ac      	add	ip, r5
1000410e:	4663      	mov	r3, ip
10004110:	9408      	str	r4, [sp, #32]
10004112:	9309      	str	r3, [sp, #36]	@ 0x24
10004114:	e63d      	b.n	10003d92 <_etoa+0x6a>
10004116:	2605      	movs	r6, #5
10004118:	430b      	orrs	r3, r1
1000411a:	d100      	bne.n	1000411e <_etoa+0x3f6>
1000411c:	e6f9      	b.n	10003f12 <_etoa+0x1ea>
1000411e:	9808      	ldr	r0, [sp, #32]
10004120:	9909      	ldr	r1, [sp, #36]	@ 0x24
10004122:	4a55      	ldr	r2, [pc, #340]	@ (10004278 <_etoa+0x550>)
10004124:	4b55      	ldr	r3, [pc, #340]	@ (1000427c <_etoa+0x554>)
10004126:	f7ff f8b7 	bl	10003298 <__wrap___aeabi_dcmpge>
1000412a:	2800      	cmp	r0, #0
1000412c:	d008      	beq.n	10004140 <_etoa+0x418>
1000412e:	9808      	ldr	r0, [sp, #32]
10004130:	9909      	ldr	r1, [sp, #36]	@ 0x24
10004132:	2200      	movs	r2, #0
10004134:	4b52      	ldr	r3, [pc, #328]	@ (10004280 <_etoa+0x558>)
10004136:	f7ff f8a1 	bl	1000327c <__wrap___aeabi_dcmplt>
1000413a:	2800      	cmp	r0, #0
1000413c:	d000      	beq.n	10004140 <_etoa+0x418>
1000413e:	e6e8      	b.n	10003f12 <_etoa+0x1ea>
10004140:	9b26      	ldr	r3, [sp, #152]	@ 0x98
10004142:	2b00      	cmp	r3, #0
10004144:	d034      	beq.n	100041b0 <_etoa+0x488>
10004146:	9b0f      	ldr	r3, [sp, #60]	@ 0x3c
10004148:	2b00      	cmp	r3, #0
1000414a:	d031      	beq.n	100041b0 <_etoa+0x488>
1000414c:	9b26      	ldr	r3, [sp, #152]	@ 0x98
1000414e:	3b01      	subs	r3, #1
10004150:	9326      	str	r3, [sp, #152]	@ 0x98
10004152:	9b27      	ldr	r3, [sp, #156]	@ 0x9c
10004154:	42b3      	cmp	r3, r6
10004156:	d904      	bls.n	10004162 <_etoa+0x43a>
10004158:	9b0c      	ldr	r3, [sp, #48]	@ 0x30
1000415a:	2b00      	cmp	r3, #0
1000415c:	d059      	beq.n	10004212 <_etoa+0x4ea>
1000415e:	2302      	movs	r3, #2
10004160:	930c      	str	r3, [sp, #48]	@ 0x30
10004162:	2300      	movs	r3, #0
10004164:	930e      	str	r3, [sp, #56]	@ 0x38
10004166:	2f00      	cmp	r7, #0
10004168:	d100      	bne.n	1000416c <_etoa+0x444>
1000416a:	e63e      	b.n	10003dea <_etoa+0xc2>
1000416c:	9a0a      	ldr	r2, [sp, #40]	@ 0x28
1000416e:	9b0b      	ldr	r3, [sp, #44]	@ 0x2c
10004170:	9808      	ldr	r0, [sp, #32]
10004172:	9909      	ldr	r1, [sp, #36]	@ 0x24
10004174:	f7ff f829 	bl	100031ca <__wrap___aeabi_ddiv>
10004178:	2200      	movs	r2, #0
1000417a:	9008      	str	r0, [sp, #32]
1000417c:	9109      	str	r1, [sp, #36]	@ 0x24
1000417e:	2300      	movs	r3, #0
10004180:	0020      	movs	r0, r4
10004182:	0029      	movs	r1, r5
10004184:	f7ff f87a 	bl	1000327c <__wrap___aeabi_dcmplt>
10004188:	2800      	cmp	r0, #0
1000418a:	d100      	bne.n	1000418e <_etoa+0x466>
1000418c:	e636      	b.n	10003dfc <_etoa+0xd4>
1000418e:	9c08      	ldr	r4, [sp, #32]
10004190:	9d09      	ldr	r5, [sp, #36]	@ 0x24
10004192:	9a28      	ldr	r2, [sp, #160]	@ 0xa0
10004194:	2080      	movs	r0, #128	@ 0x80
10004196:	4b3b      	ldr	r3, [pc, #236]	@ (10004284 <_etoa+0x55c>)
10004198:	0600      	lsls	r0, r0, #24
1000419a:	4013      	ands	r3, r2
1000419c:	0022      	movs	r2, r4
1000419e:	9304      	str	r3, [sp, #16]
100041a0:	9b0e      	ldr	r3, [sp, #56]	@ 0x38
100041a2:	9303      	str	r3, [sp, #12]
100041a4:	9b26      	ldr	r3, [sp, #152]	@ 0x98
100041a6:	9302      	str	r3, [sp, #8]
100041a8:	182b      	adds	r3, r5, r0
100041aa:	9200      	str	r2, [sp, #0]
100041ac:	9301      	str	r3, [sp, #4]
100041ae:	e631      	b.n	10003e14 <_etoa+0xec>
100041b0:	9b27      	ldr	r3, [sp, #156]	@ 0x9c
100041b2:	42b3      	cmp	r3, r6
100041b4:	d9d5      	bls.n	10004162 <_etoa+0x43a>
100041b6:	9b0c      	ldr	r3, [sp, #48]	@ 0x30
100041b8:	2b00      	cmp	r3, #0
100041ba:	d02a      	beq.n	10004212 <_etoa+0x4ea>
100041bc:	2300      	movs	r3, #0
100041be:	930e      	str	r3, [sp, #56]	@ 0x38
100041c0:	3302      	adds	r3, #2
100041c2:	930c      	str	r3, [sp, #48]	@ 0x30
100041c4:	e7cf      	b.n	10004166 <_etoa+0x43e>
100041c6:	9b28      	ldr	r3, [sp, #160]	@ 0xa0
100041c8:	4a2e      	ldr	r2, [pc, #184]	@ (10004284 <_etoa+0x55c>)
100041ca:	2080      	movs	r0, #128	@ 0x80
100041cc:	9c08      	ldr	r4, [sp, #32]
100041ce:	9d09      	ldr	r5, [sp, #36]	@ 0x24
100041d0:	401a      	ands	r2, r3
100041d2:	2380      	movs	r3, #128	@ 0x80
100041d4:	00db      	lsls	r3, r3, #3
100041d6:	4313      	orrs	r3, r2
100041d8:	0022      	movs	r2, r4
100041da:	9304      	str	r3, [sp, #16]
100041dc:	9b27      	ldr	r3, [sp, #156]	@ 0x9c
100041de:	0600      	lsls	r0, r0, #24
100041e0:	9303      	str	r3, [sp, #12]
100041e2:	182b      	adds	r3, r5, r0
100041e4:	9200      	str	r2, [sp, #0]
100041e6:	9301      	str	r3, [sp, #4]
100041e8:	9602      	str	r6, [sp, #8]
100041ea:	e67d      	b.n	10003ee8 <_etoa+0x1c0>
100041ec:	2605      	movs	r6, #5
100041ee:	e695      	b.n	10003f1c <_etoa+0x1f4>
100041f0:	2300      	movs	r3, #0
100041f2:	930e      	str	r3, [sp, #56]	@ 0x38
100041f4:	3302      	adds	r3, #2
100041f6:	2700      	movs	r7, #0
100041f8:	2604      	movs	r6, #4
100041fa:	930c      	str	r3, [sp, #48]	@ 0x30
100041fc:	e5f5      	b.n	10003dea <_etoa+0xc2>
100041fe:	1e4b      	subs	r3, r1, #1
10004200:	191b      	adds	r3, r3, r4
10004202:	1a1b      	subs	r3, r3, r0
10004204:	e665      	b.n	10003ed2 <_etoa+0x1aa>
10004206:	2302      	movs	r3, #2
10004208:	930c      	str	r3, [sp, #48]	@ 0x30
1000420a:	2605      	movs	r6, #5
1000420c:	e7ae      	b.n	1000416c <_etoa+0x444>
1000420e:	2304      	movs	r3, #4
10004210:	e5e7      	b.n	10003de2 <_etoa+0xba>
10004212:	9b27      	ldr	r3, [sp, #156]	@ 0x9c
10004214:	1b9b      	subs	r3, r3, r6
10004216:	930e      	str	r3, [sp, #56]	@ 0x38
10004218:	e7a5      	b.n	10004166 <_etoa+0x43e>
1000421a:	2302      	movs	r3, #2
1000421c:	2604      	movs	r6, #4
1000421e:	930c      	str	r3, [sp, #48]	@ 0x30
10004220:	e7a1      	b.n	10004166 <_etoa+0x43e>
10004222:	1bdb      	subs	r3, r3, r7
10004224:	1e5e      	subs	r6, r3, #1
10004226:	e679      	b.n	10003f1c <_etoa+0x1f4>
10004228:	fffffc01 	.word	0xfffffc01
1000422c:	509f79fb 	.word	0x509f79fb
10004230:	3fd34413 	.word	0x3fd34413
10004234:	8b60c8b3 	.word	0x8b60c8b3
10004238:	3fc68a28 	.word	0x3fc68a28
1000423c:	3ff00000 	.word	0x3ff00000
10004240:	3ff80000 	.word	0x3ff80000
10004244:	636f4361 	.word	0x636f4361
10004248:	3fd287a7 	.word	0x3fd287a7
1000424c:	0979a371 	.word	0x0979a371
10004250:	400a934f 	.word	0x400a934f
10004254:	3fe00000 	.word	0x3fe00000
10004258:	bbb55516 	.word	0xbbb55516
1000425c:	40026bb1 	.word	0x40026bb1
10004260:	fefa39ef 	.word	0xfefa39ef
10004264:	3fe62e42 	.word	0x3fe62e42
10004268:	402c0000 	.word	0x402c0000
1000426c:	40240000 	.word	0x40240000
10004270:	40180000 	.word	0x40180000
10004274:	000003ff 	.word	0x000003ff
10004278:	eb1c432d 	.word	0xeb1c432d
1000427c:	3f1a36e2 	.word	0x3f1a36e2
10004280:	412e8480 	.word	0x412e8480
10004284:	fffff7ff 	.word	0xfffff7ff

10004288 <_vsnprintf>:
10004288:	b5f0      	push	{r4, r5, r6, r7, lr}
1000428a:	4657      	mov	r7, sl
1000428c:	46de      	mov	lr, fp
1000428e:	464e      	mov	r6, r9
10004290:	4645      	mov	r5, r8
10004292:	b5e0      	push	{r5, r6, r7, lr}
10004294:	b0a3      	sub	sp, #140	@ 0x8c
10004296:	001f      	movs	r7, r3
10004298:	9b2c      	ldr	r3, [sp, #176]	@ 0xb0
1000429a:	4692      	mov	sl, r2
1000429c:	930c      	str	r3, [sp, #48]	@ 0x30
1000429e:	4ac9      	ldr	r2, [pc, #804]	@ (100045c4 <_vsnprintf+0x33c>)
100042a0:	4bc9      	ldr	r3, [pc, #804]	@ (100045c8 <_vsnprintf+0x340>)
100042a2:	468b      	mov	fp, r1
100042a4:	900b      	str	r0, [sp, #44]	@ 0x2c
100042a6:	601a      	str	r2, [r3, #0]
100042a8:	2900      	cmp	r1, #0
100042aa:	d100      	bne.n	100042ae <_vsnprintf+0x26>
100042ac:	e1bf      	b.n	1000462e <_vsnprintf+0x3a6>
100042ae:	2300      	movs	r3, #0
100042b0:	7838      	ldrb	r0, [r7, #0]
100042b2:	4699      	mov	r9, r3
100042b4:	2800      	cmp	r0, #0
100042b6:	d100      	bne.n	100042ba <_vsnprintf+0x32>
100042b8:	e1c1      	b.n	1000463e <_vsnprintf+0x3b6>
100042ba:	4bc4      	ldr	r3, [pc, #784]	@ (100045cc <_vsnprintf+0x344>)
100042bc:	464c      	mov	r4, r9
100042be:	9309      	str	r3, [sp, #36]	@ 0x24
100042c0:	4bc3      	ldr	r3, [pc, #780]	@ (100045d0 <_vsnprintf+0x348>)
100042c2:	930e      	str	r3, [sp, #56]	@ 0x38
100042c4:	465b      	mov	r3, fp
100042c6:	930a      	str	r3, [sp, #40]	@ 0x28
100042c8:	e008      	b.n	100042dc <_vsnprintf+0x54>
100042ca:	0022      	movs	r2, r4
100042cc:	4653      	mov	r3, sl
100042ce:	990a      	ldr	r1, [sp, #40]	@ 0x28
100042d0:	9d0b      	ldr	r5, [sp, #44]	@ 0x2c
100042d2:	47a8      	blx	r5
100042d4:	3401      	adds	r4, #1
100042d6:	7838      	ldrb	r0, [r7, #0]
100042d8:	2800      	cmp	r0, #0
100042da:	d076      	beq.n	100043ca <_vsnprintf+0x142>
100042dc:	3701      	adds	r7, #1
100042de:	2825      	cmp	r0, #37	@ 0x25
100042e0:	d1f3      	bne.n	100042ca <_vsnprintf+0x42>
100042e2:	2310      	movs	r3, #16
100042e4:	469b      	mov	fp, r3
100042e6:	3b08      	subs	r3, #8
100042e8:	4699      	mov	r9, r3
100042ea:	3b04      	subs	r3, #4
100042ec:	4698      	mov	r8, r3
100042ee:	3b03      	subs	r3, #3
100042f0:	2600      	movs	r6, #0
100042f2:	2502      	movs	r5, #2
100042f4:	469c      	mov	ip, r3
100042f6:	7838      	ldrb	r0, [r7, #0]
100042f8:	1c79      	adds	r1, r7, #1
100042fa:	0003      	movs	r3, r0
100042fc:	3b20      	subs	r3, #32
100042fe:	b2db      	uxtb	r3, r3
10004300:	2b10      	cmp	r3, #16
10004302:	d803      	bhi.n	1000430c <_vsnprintf+0x84>
10004304:	9a09      	ldr	r2, [sp, #36]	@ 0x24
10004306:	009b      	lsls	r3, r3, #2
10004308:	58d3      	ldr	r3, [r2, r3]
1000430a:	469f      	mov	pc, r3
1000430c:	0003      	movs	r3, r0
1000430e:	3b30      	subs	r3, #48	@ 0x30
10004310:	2b09      	cmp	r3, #9
10004312:	d936      	bls.n	10004382 <_vsnprintf+0xfa>
10004314:	2500      	movs	r5, #0
10004316:	282a      	cmp	r0, #42	@ 0x2a
10004318:	d100      	bne.n	1000431c <_vsnprintf+0x94>
1000431a:	e0a7      	b.n	1000446c <_vsnprintf+0x1e4>
1000431c:	2300      	movs	r3, #0
1000431e:	930d      	str	r3, [sp, #52]	@ 0x34
10004320:	282e      	cmp	r0, #46	@ 0x2e
10004322:	d03f      	beq.n	100043a4 <_vsnprintf+0x11c>
10004324:	0003      	movs	r3, r0
10004326:	3b68      	subs	r3, #104	@ 0x68
10004328:	b2db      	uxtb	r3, r3
1000432a:	2b12      	cmp	r3, #18
1000432c:	d81b      	bhi.n	10004366 <_vsnprintf+0xde>
1000432e:	9a0e      	ldr	r2, [sp, #56]	@ 0x38
10004330:	009b      	lsls	r3, r3, #2
10004332:	58d3      	ldr	r3, [r2, r3]
10004334:	469f      	mov	pc, r3
10004336:	4663      	mov	r3, ip
10004338:	000f      	movs	r7, r1
1000433a:	431e      	orrs	r6, r3
1000433c:	e7db      	b.n	100042f6 <_vsnprintf+0x6e>
1000433e:	000f      	movs	r7, r1
10004340:	432e      	orrs	r6, r5
10004342:	e7d8      	b.n	100042f6 <_vsnprintf+0x6e>
10004344:	4643      	mov	r3, r8
10004346:	000f      	movs	r7, r1
10004348:	431e      	orrs	r6, r3
1000434a:	e7d4      	b.n	100042f6 <_vsnprintf+0x6e>
1000434c:	465b      	mov	r3, fp
1000434e:	000f      	movs	r7, r1
10004350:	431e      	orrs	r6, r3
10004352:	e7d0      	b.n	100042f6 <_vsnprintf+0x6e>
10004354:	464b      	mov	r3, r9
10004356:	000f      	movs	r7, r1
10004358:	431e      	orrs	r6, r3
1000435a:	e7cc      	b.n	100042f6 <_vsnprintf+0x6e>
1000435c:	2380      	movs	r3, #128	@ 0x80
1000435e:	7878      	ldrb	r0, [r7, #1]
10004360:	005b      	lsls	r3, r3, #1
10004362:	431e      	orrs	r6, r3
10004364:	3101      	adds	r1, #1
10004366:	000f      	movs	r7, r1
10004368:	2867      	cmp	r0, #103	@ 0x67
1000436a:	d845      	bhi.n	100043f8 <_vsnprintf+0x170>
1000436c:	2824      	cmp	r0, #36	@ 0x24
1000436e:	d9ac      	bls.n	100042ca <_vsnprintf+0x42>
10004370:	0003      	movs	r3, r0
10004372:	3b25      	subs	r3, #37	@ 0x25
10004374:	b2db      	uxtb	r3, r3
10004376:	2b42      	cmp	r3, #66	@ 0x42
10004378:	d8a7      	bhi.n	100042ca <_vsnprintf+0x42>
1000437a:	4996      	ldr	r1, [pc, #600]	@ (100045d4 <_vsnprintf+0x34c>)
1000437c:	009b      	lsls	r3, r3, #2
1000437e:	58cb      	ldr	r3, [r1, r3]
10004380:	469f      	mov	pc, r3
10004382:	2500      	movs	r5, #0
10004384:	00ab      	lsls	r3, r5, #2
10004386:	195d      	adds	r5, r3, r5
10004388:	006d      	lsls	r5, r5, #1
1000438a:	182d      	adds	r5, r5, r0
1000438c:	7808      	ldrb	r0, [r1, #0]
1000438e:	000f      	movs	r7, r1
10004390:	0003      	movs	r3, r0
10004392:	3b30      	subs	r3, #48	@ 0x30
10004394:	3d30      	subs	r5, #48	@ 0x30
10004396:	3101      	adds	r1, #1
10004398:	2b09      	cmp	r3, #9
1000439a:	d9f3      	bls.n	10004384 <_vsnprintf+0xfc>
1000439c:	2300      	movs	r3, #0
1000439e:	930d      	str	r3, [sp, #52]	@ 0x34
100043a0:	282e      	cmp	r0, #46	@ 0x2e
100043a2:	d1bf      	bne.n	10004324 <_vsnprintf+0x9c>
100043a4:	2230      	movs	r2, #48	@ 0x30
100043a6:	2080      	movs	r0, #128	@ 0x80
100043a8:	4252      	negs	r2, r2
100043aa:	4690      	mov	r8, r2
100043ac:	00c0      	lsls	r0, r0, #3
100043ae:	4306      	orrs	r6, r0
100043b0:	7878      	ldrb	r0, [r7, #1]
100043b2:	000b      	movs	r3, r1
100043b4:	4480      	add	r8, r0
100043b6:	4642      	mov	r2, r8
100043b8:	2a09      	cmp	r2, #9
100043ba:	d800      	bhi.n	100043be <_vsnprintf+0x136>
100043bc:	e151      	b.n	10004662 <_vsnprintf+0x3da>
100043be:	282a      	cmp	r0, #42	@ 0x2a
100043c0:	d100      	bne.n	100043c4 <_vsnprintf+0x13c>
100043c2:	e15e      	b.n	10004682 <_vsnprintf+0x3fa>
100043c4:	000f      	movs	r7, r1
100043c6:	3101      	adds	r1, #1
100043c8:	e7ac      	b.n	10004324 <_vsnprintf+0x9c>
100043ca:	9b0a      	ldr	r3, [sp, #40]	@ 0x28
100043cc:	46a1      	mov	r9, r4
100043ce:	469b      	mov	fp, r3
100043d0:	45ca      	cmp	sl, r9
100043d2:	d803      	bhi.n	100043dc <_vsnprintf+0x154>
100043d4:	2301      	movs	r3, #1
100043d6:	425b      	negs	r3, r3
100043d8:	4453      	add	r3, sl
100043da:	4699      	mov	r9, r3
100043dc:	4653      	mov	r3, sl
100043de:	464a      	mov	r2, r9
100043e0:	4659      	mov	r1, fp
100043e2:	2000      	movs	r0, #0
100043e4:	9d0b      	ldr	r5, [sp, #44]	@ 0x2c
100043e6:	47a8      	blx	r5
100043e8:	0020      	movs	r0, r4
100043ea:	b023      	add	sp, #140	@ 0x8c
100043ec:	bcf0      	pop	{r4, r5, r6, r7}
100043ee:	46bb      	mov	fp, r7
100043f0:	46b2      	mov	sl, r6
100043f2:	46a9      	mov	r9, r5
100043f4:	46a0      	mov	r8, r4
100043f6:	bdf0      	pop	{r4, r5, r6, r7, pc}
100043f8:	0003      	movs	r3, r0
100043fa:	3b69      	subs	r3, #105	@ 0x69
100043fc:	b2db      	uxtb	r3, r3
100043fe:	2b0f      	cmp	r3, #15
10004400:	d900      	bls.n	10004404 <_vsnprintf+0x17c>
10004402:	e762      	b.n	100042ca <_vsnprintf+0x42>
10004404:	2101      	movs	r1, #1
10004406:	4099      	lsls	r1, r3
10004408:	4688      	mov	r8, r1
1000440a:	4a73      	ldr	r2, [pc, #460]	@ (100045d8 <_vsnprintf+0x350>)
1000440c:	4011      	ands	r1, r2
1000440e:	468b      	mov	fp, r1
10004410:	0011      	movs	r1, r2
10004412:	4642      	mov	r2, r8
10004414:	420a      	tst	r2, r1
10004416:	d000      	beq.n	1000441a <_vsnprintf+0x192>
10004418:	e113      	b.n	10004642 <_vsnprintf+0x3ba>
1000441a:	2b0a      	cmp	r3, #10
1000441c:	d02f      	beq.n	1000447e <_vsnprintf+0x1f6>
1000441e:	2b07      	cmp	r3, #7
10004420:	d000      	beq.n	10004424 <_vsnprintf+0x19c>
10004422:	e752      	b.n	100042ca <_vsnprintf+0x42>
10004424:	9d0c      	ldr	r5, [sp, #48]	@ 0x30
10004426:	cd01      	ldmia	r5!, {r0}
10004428:	2800      	cmp	r0, #0
1000442a:	d100      	bne.n	1000442e <_vsnprintf+0x1a6>
1000442c:	e134      	b.n	10004698 <_vsnprintf+0x410>
1000442e:	2321      	movs	r3, #33	@ 0x21
10004430:	431e      	orrs	r6, r3
10004432:	46b0      	mov	r8, r6
10004434:	261f      	movs	r6, #31
10004436:	9a0d      	ldr	r2, [sp, #52]	@ 0x34
10004438:	ab12      	add	r3, sp, #72	@ 0x48
1000443a:	18f6      	adds	r6, r6, r3
1000443c:	46a1      	mov	r9, r4
1000443e:	4694      	mov	ip, r2
10004440:	4659      	mov	r1, fp
10004442:	0034      	movs	r4, r6
10004444:	e002      	b.n	1000444c <_vsnprintf+0x1c4>
10004446:	0900      	lsrs	r0, r0, #4
10004448:	2920      	cmp	r1, #32
1000444a:	d00a      	beq.n	10004462 <_vsnprintf+0x1da>
1000444c:	260f      	movs	r6, #15
1000444e:	4006      	ands	r6, r0
10004450:	0032      	movs	r2, r6
10004452:	3237      	adds	r2, #55	@ 0x37
10004454:	2e09      	cmp	r6, #9
10004456:	d800      	bhi.n	1000445a <_vsnprintf+0x1d2>
10004458:	3a07      	subs	r2, #7
1000445a:	3101      	adds	r1, #1
1000445c:	5462      	strb	r2, [r4, r1]
1000445e:	280f      	cmp	r0, #15
10004460:	d8f1      	bhi.n	10004446 <_vsnprintf+0x1be>
10004462:	4663      	mov	r3, ip
10004464:	464c      	mov	r4, r9
10004466:	468b      	mov	fp, r1
10004468:	930d      	str	r3, [sp, #52]	@ 0x34
1000446a:	e122      	b.n	100046b2 <_vsnprintf+0x42a>
1000446c:	9b0c      	ldr	r3, [sp, #48]	@ 0x30
1000446e:	cb20      	ldmia	r3!, {r5}
10004470:	2d00      	cmp	r5, #0
10004472:	db52      	blt.n	1000451a <_vsnprintf+0x292>
10004474:	7878      	ldrb	r0, [r7, #1]
10004476:	930c      	str	r3, [sp, #48]	@ 0x30
10004478:	000f      	movs	r7, r1
1000447a:	3101      	adds	r1, #1
1000447c:	e74e      	b.n	1000431c <_vsnprintf+0x94>
1000447e:	9b0c      	ldr	r3, [sp, #48]	@ 0x30
10004480:	990d      	ldr	r1, [sp, #52]	@ 0x34
10004482:	cb04      	ldmia	r3!, {r2}
10004484:	4690      	mov	r8, r2
10004486:	469b      	mov	fp, r3
10004488:	2900      	cmp	r1, #0
1000448a:	d100      	bne.n	1000448e <_vsnprintf+0x206>
1000448c:	e128      	b.n	100046e0 <_vsnprintf+0x458>
1000448e:	4643      	mov	r3, r8
10004490:	7818      	ldrb	r0, [r3, #0]
10004492:	4441      	add	r1, r8
10004494:	2800      	cmp	r0, #0
10004496:	d101      	bne.n	1000449c <_vsnprintf+0x214>
10004498:	f000 fc29 	bl	10004cee <_vsnprintf+0xa66>
1000449c:	9a0d      	ldr	r2, [sp, #52]	@ 0x34
1000449e:	4694      	mov	ip, r2
100044a0:	000a      	movs	r2, r1
100044a2:	e004      	b.n	100044ae <_vsnprintf+0x226>
100044a4:	7859      	ldrb	r1, [r3, #1]
100044a6:	3301      	adds	r3, #1
100044a8:	2900      	cmp	r1, #0
100044aa:	d100      	bne.n	100044ae <_vsnprintf+0x226>
100044ac:	e195      	b.n	100047da <_vsnprintf+0x552>
100044ae:	429a      	cmp	r2, r3
100044b0:	d1f8      	bne.n	100044a4 <_vsnprintf+0x21c>
100044b2:	4663      	mov	r3, ip
100044b4:	930d      	str	r3, [sp, #52]	@ 0x34
100044b6:	4643      	mov	r3, r8
100044b8:	1ad3      	subs	r3, r2, r3
100044ba:	930f      	str	r3, [sp, #60]	@ 0x3c
100044bc:	0573      	lsls	r3, r6, #21
100044be:	d400      	bmi.n	100044c2 <_vsnprintf+0x23a>
100044c0:	e16c      	b.n	1000479c <_vsnprintf+0x514>
100044c2:	9b0f      	ldr	r3, [sp, #60]	@ 0x3c
100044c4:	9a0d      	ldr	r2, [sp, #52]	@ 0x34
100044c6:	4293      	cmp	r3, r2
100044c8:	d900      	bls.n	100044cc <_vsnprintf+0x244>
100044ca:	920f      	str	r2, [sp, #60]	@ 0x3c
100044cc:	2302      	movs	r3, #2
100044ce:	001a      	movs	r2, r3
100044d0:	4032      	ands	r2, r6
100044d2:	920c      	str	r2, [sp, #48]	@ 0x30
100044d4:	4233      	tst	r3, r6
100044d6:	d100      	bne.n	100044da <_vsnprintf+0x252>
100044d8:	e291      	b.n	100049fe <_vsnprintf+0x776>
100044da:	930c      	str	r3, [sp, #48]	@ 0x30
100044dc:	9b0d      	ldr	r3, [sp, #52]	@ 0x34
100044de:	46b9      	mov	r9, r7
100044e0:	191e      	adds	r6, r3, r4
100044e2:	4643      	mov	r3, r8
100044e4:	1b1b      	subs	r3, r3, r4
100044e6:	46a8      	mov	r8, r5
100044e8:	0022      	movs	r2, r4
100044ea:	001f      	movs	r7, r3
100044ec:	9d0b      	ldr	r5, [sp, #44]	@ 0x2c
100044ee:	e008      	b.n	10004502 <_vsnprintf+0x27a>
100044f0:	1c54      	adds	r4, r2, #1
100044f2:	4653      	mov	r3, sl
100044f4:	990a      	ldr	r1, [sp, #40]	@ 0x28
100044f6:	47a8      	blx	r5
100044f8:	5d38      	ldrb	r0, [r7, r4]
100044fa:	2800      	cmp	r0, #0
100044fc:	d100      	bne.n	10004500 <_vsnprintf+0x278>
100044fe:	e163      	b.n	100047c8 <_vsnprintf+0x540>
10004500:	0022      	movs	r2, r4
10004502:	4296      	cmp	r6, r2
10004504:	d1f4      	bne.n	100044f0 <_vsnprintf+0x268>
10004506:	4645      	mov	r5, r8
10004508:	464f      	mov	r7, r9
1000450a:	0034      	movs	r4, r6
1000450c:	9b0c      	ldr	r3, [sp, #48]	@ 0x30
1000450e:	2b00      	cmp	r3, #0
10004510:	d000      	beq.n	10004514 <_vsnprintf+0x28c>
10004512:	e197      	b.n	10004844 <_vsnprintf+0x5bc>
10004514:	465b      	mov	r3, fp
10004516:	930c      	str	r3, [sp, #48]	@ 0x30
10004518:	e6dd      	b.n	100042d6 <_vsnprintf+0x4e>
1000451a:	2202      	movs	r2, #2
1000451c:	7878      	ldrb	r0, [r7, #1]
1000451e:	4316      	orrs	r6, r2
10004520:	000f      	movs	r7, r1
10004522:	426d      	negs	r5, r5
10004524:	930c      	str	r3, [sp, #48]	@ 0x30
10004526:	3101      	adds	r1, #1
10004528:	e6f8      	b.n	1000431c <_vsnprintf+0x94>
1000452a:	7878      	ldrb	r0, [r7, #1]
1000452c:	286c      	cmp	r0, #108	@ 0x6c
1000452e:	d100      	bne.n	10004532 <_vsnprintf+0x2aa>
10004530:	e159      	b.n	100047e6 <_vsnprintf+0x55e>
10004532:	2380      	movs	r3, #128	@ 0x80
10004534:	005b      	lsls	r3, r3, #1
10004536:	431e      	orrs	r6, r3
10004538:	3101      	adds	r1, #1
1000453a:	e714      	b.n	10004366 <_vsnprintf+0xde>
1000453c:	2380      	movs	r3, #128	@ 0x80
1000453e:	009b      	lsls	r3, r3, #2
10004540:	7878      	ldrb	r0, [r7, #1]
10004542:	431e      	orrs	r6, r3
10004544:	3101      	adds	r1, #1
10004546:	e70e      	b.n	10004366 <_vsnprintf+0xde>
10004548:	7878      	ldrb	r0, [r7, #1]
1000454a:	2868      	cmp	r0, #104	@ 0x68
1000454c:	d100      	bne.n	10004550 <_vsnprintf+0x2c8>
1000454e:	e150      	b.n	100047f2 <_vsnprintf+0x56a>
10004550:	2380      	movs	r3, #128	@ 0x80
10004552:	3101      	adds	r1, #1
10004554:	431e      	orrs	r6, r3
10004556:	e706      	b.n	10004366 <_vsnprintf+0xde>
10004558:	2867      	cmp	r0, #103	@ 0x67
1000455a:	d100      	bne.n	1000455e <_vsnprintf+0x2d6>
1000455c:	e0c2      	b.n	100046e4 <_vsnprintf+0x45c>
1000455e:	2847      	cmp	r0, #71	@ 0x47
10004560:	d100      	bne.n	10004564 <_vsnprintf+0x2dc>
10004562:	e134      	b.n	100047ce <_vsnprintf+0x546>
10004564:	2845      	cmp	r0, #69	@ 0x45
10004566:	d100      	bne.n	1000456a <_vsnprintf+0x2e2>
10004568:	e134      	b.n	100047d4 <_vsnprintf+0x54c>
1000456a:	2107      	movs	r1, #7
1000456c:	9b0c      	ldr	r3, [sp, #48]	@ 0x30
1000456e:	9a0d      	ldr	r2, [sp, #52]	@ 0x34
10004570:	3307      	adds	r3, #7
10004572:	438b      	bics	r3, r1
10004574:	0019      	movs	r1, r3
10004576:	9604      	str	r6, [sp, #16]
10004578:	9503      	str	r5, [sp, #12]
1000457a:	9202      	str	r2, [sp, #8]
1000457c:	c90c      	ldmia	r1!, {r2, r3}
1000457e:	980b      	ldr	r0, [sp, #44]	@ 0x2c
10004580:	9200      	str	r2, [sp, #0]
10004582:	9301      	str	r3, [sp, #4]
10004584:	910c      	str	r1, [sp, #48]	@ 0x30
10004586:	0022      	movs	r2, r4
10004588:	4653      	mov	r3, sl
1000458a:	990a      	ldr	r1, [sp, #40]	@ 0x28
1000458c:	f7ff fbcc 	bl	10003d28 <_etoa>
10004590:	0004      	movs	r4, r0
10004592:	e6a0      	b.n	100042d6 <_vsnprintf+0x4e>
10004594:	2846      	cmp	r0, #70	@ 0x46
10004596:	d100      	bne.n	1000459a <_vsnprintf+0x312>
10004598:	e0a8      	b.n	100046ec <_vsnprintf+0x464>
1000459a:	2107      	movs	r1, #7
1000459c:	9b0c      	ldr	r3, [sp, #48]	@ 0x30
1000459e:	9a0d      	ldr	r2, [sp, #52]	@ 0x34
100045a0:	3307      	adds	r3, #7
100045a2:	438b      	bics	r3, r1
100045a4:	0019      	movs	r1, r3
100045a6:	9604      	str	r6, [sp, #16]
100045a8:	9503      	str	r5, [sp, #12]
100045aa:	9202      	str	r2, [sp, #8]
100045ac:	c90c      	ldmia	r1!, {r2, r3}
100045ae:	980b      	ldr	r0, [sp, #44]	@ 0x2c
100045b0:	9200      	str	r2, [sp, #0]
100045b2:	9301      	str	r3, [sp, #4]
100045b4:	910c      	str	r1, [sp, #48]	@ 0x30
100045b6:	0022      	movs	r2, r4
100045b8:	4653      	mov	r3, sl
100045ba:	990a      	ldr	r1, [sp, #40]	@ 0x28
100045bc:	f7ff f97a 	bl	100038b4 <_ftoa>
100045c0:	0004      	movs	r4, r0
100045c2:	e688      	b.n	100042d6 <_vsnprintf+0x4e>
100045c4:	10004289 	.word	0x10004289
100045c8:	20001b38 	.word	0x20001b38
100045cc:	100078e8 	.word	0x100078e8
100045d0:	1000792c 	.word	0x1000792c
100045d4:	10007978 	.word	0x10007978
100045d8:	00009041 	.word	0x00009041
100045dc:	0022      	movs	r2, r4
100045de:	4653      	mov	r3, sl
100045e0:	2025      	movs	r0, #37	@ 0x25
100045e2:	990a      	ldr	r1, [sp, #40]	@ 0x28
100045e4:	9d0b      	ldr	r5, [sp, #44]	@ 0x2c
100045e6:	47a8      	blx	r5
100045e8:	3401      	adds	r4, #1
100045ea:	e674      	b.n	100042d6 <_vsnprintf+0x4e>
100045ec:	9b0c      	ldr	r3, [sp, #48]	@ 0x30
100045ee:	3304      	adds	r3, #4
100045f0:	469b      	mov	fp, r3
100045f2:	1c63      	adds	r3, r4, #1
100045f4:	4698      	mov	r8, r3
100045f6:	07b6      	lsls	r6, r6, #30
100045f8:	d400      	bmi.n	100045fc <_vsnprintf+0x374>
100045fa:	e0ff      	b.n	100047fc <_vsnprintf+0x574>
100045fc:	9b0c      	ldr	r3, [sp, #48]	@ 0x30
100045fe:	0022      	movs	r2, r4
10004600:	7818      	ldrb	r0, [r3, #0]
10004602:	990a      	ldr	r1, [sp, #40]	@ 0x28
10004604:	4653      	mov	r3, sl
10004606:	9e0b      	ldr	r6, [sp, #44]	@ 0x2c
10004608:	47b0      	blx	r6
1000460a:	1964      	adds	r4, r4, r5
1000460c:	2d01      	cmp	r5, #1
1000460e:	d800      	bhi.n	10004612 <_vsnprintf+0x38a>
10004610:	e249      	b.n	10004aa6 <_vsnprintf+0x81e>
10004612:	4645      	mov	r5, r8
10004614:	9e0b      	ldr	r6, [sp, #44]	@ 0x2c
10004616:	46b8      	mov	r8, r7
10004618:	9f0a      	ldr	r7, [sp, #40]	@ 0x28
1000461a:	002a      	movs	r2, r5
1000461c:	4653      	mov	r3, sl
1000461e:	3501      	adds	r5, #1
10004620:	0039      	movs	r1, r7
10004622:	2020      	movs	r0, #32
10004624:	47b0      	blx	r6
10004626:	42a5      	cmp	r5, r4
10004628:	d1f7      	bne.n	1000461a <_vsnprintf+0x392>
1000462a:	4647      	mov	r7, r8
1000462c:	e772      	b.n	10004514 <_vsnprintf+0x28c>
1000462e:	4bdb      	ldr	r3, [pc, #876]	@ (1000499c <_vsnprintf+0x714>)
10004630:	7838      	ldrb	r0, [r7, #0]
10004632:	930b      	str	r3, [sp, #44]	@ 0x2c
10004634:	2300      	movs	r3, #0
10004636:	4699      	mov	r9, r3
10004638:	2800      	cmp	r0, #0
1000463a:	d000      	beq.n	1000463e <_vsnprintf+0x3b6>
1000463c:	e63d      	b.n	100042ba <_vsnprintf+0x32>
1000463e:	2400      	movs	r4, #0
10004640:	e6c6      	b.n	100043d0 <_vsnprintf+0x148>
10004642:	286f      	cmp	r0, #111	@ 0x6f
10004644:	d055      	beq.n	100046f2 <_vsnprintf+0x46a>
10004646:	d800      	bhi.n	1000464a <_vsnprintf+0x3c2>
10004648:	e2bc      	b.n	10004bc4 <_vsnprintf+0x93c>
1000464a:	2310      	movs	r3, #16
1000464c:	2878      	cmp	r0, #120	@ 0x78
1000464e:	d100      	bne.n	10004652 <_vsnprintf+0x3ca>
10004650:	e09e      	b.n	10004790 <_vsnprintf+0x508>
10004652:	439e      	bics	r6, r3
10004654:	230a      	movs	r3, #10
10004656:	469c      	mov	ip, r3
10004658:	2300      	movs	r3, #0
1000465a:	930f      	str	r3, [sp, #60]	@ 0x3c
1000465c:	330a      	adds	r3, #10
1000465e:	469b      	mov	fp, r3
10004660:	e04d      	b.n	100046fe <_vsnprintf+0x476>
10004662:	2100      	movs	r1, #0
10004664:	008a      	lsls	r2, r1, #2
10004666:	1852      	adds	r2, r2, r1
10004668:	0052      	lsls	r2, r2, #1
1000466a:	3301      	adds	r3, #1
1000466c:	1811      	adds	r1, r2, r0
1000466e:	7818      	ldrb	r0, [r3, #0]
10004670:	3930      	subs	r1, #48	@ 0x30
10004672:	0002      	movs	r2, r0
10004674:	3a30      	subs	r2, #48	@ 0x30
10004676:	2a09      	cmp	r2, #9
10004678:	d9f4      	bls.n	10004664 <_vsnprintf+0x3dc>
1000467a:	910d      	str	r1, [sp, #52]	@ 0x34
1000467c:	001f      	movs	r7, r3
1000467e:	1c59      	adds	r1, r3, #1
10004680:	e650      	b.n	10004324 <_vsnprintf+0x9c>
10004682:	9b0c      	ldr	r3, [sp, #48]	@ 0x30
10004684:	78b8      	ldrb	r0, [r7, #2]
10004686:	cb04      	ldmia	r3!, {r2}
10004688:	3702      	adds	r7, #2
1000468a:	43d1      	mvns	r1, r2
1000468c:	17c9      	asrs	r1, r1, #31
1000468e:	400a      	ands	r2, r1
10004690:	920d      	str	r2, [sp, #52]	@ 0x34
10004692:	930c      	str	r3, [sp, #48]	@ 0x30
10004694:	1c79      	adds	r1, r7, #1
10004696:	e645      	b.n	10004324 <_vsnprintf+0x9c>
10004698:	2310      	movs	r3, #16
1000469a:	0030      	movs	r0, r6
1000469c:	4398      	bics	r0, r3
1000469e:	3311      	adds	r3, #17
100046a0:	4318      	orrs	r0, r3
100046a2:	2380      	movs	r3, #128	@ 0x80
100046a4:	4680      	mov	r8, r0
100046a6:	0030      	movs	r0, r6
100046a8:	00db      	lsls	r3, r3, #3
100046aa:	4018      	ands	r0, r3
100046ac:	421e      	tst	r6, r3
100046ae:	d100      	bne.n	100046b2 <_vsnprintf+0x42a>
100046b0:	e6c0      	b.n	10004434 <_vsnprintf+0x1ac>
100046b2:	4643      	mov	r3, r8
100046b4:	9306      	str	r3, [sp, #24]
100046b6:	2308      	movs	r3, #8
100046b8:	9305      	str	r3, [sp, #20]
100046ba:	9b0d      	ldr	r3, [sp, #52]	@ 0x34
100046bc:	0022      	movs	r2, r4
100046be:	9304      	str	r3, [sp, #16]
100046c0:	2310      	movs	r3, #16
100046c2:	9303      	str	r3, [sp, #12]
100046c4:	2300      	movs	r3, #0
100046c6:	9302      	str	r3, [sp, #8]
100046c8:	465b      	mov	r3, fp
100046ca:	9301      	str	r3, [sp, #4]
100046cc:	ab1a      	add	r3, sp, #104	@ 0x68
100046ce:	9300      	str	r3, [sp, #0]
100046d0:	990a      	ldr	r1, [sp, #40]	@ 0x28
100046d2:	4653      	mov	r3, sl
100046d4:	980b      	ldr	r0, [sp, #44]	@ 0x2c
100046d6:	f7fe fff1 	bl	100036bc <_ntoa_format>
100046da:	950c      	str	r5, [sp, #48]	@ 0x30
100046dc:	0004      	movs	r4, r0
100046de:	e5fa      	b.n	100042d6 <_vsnprintf+0x4e>
100046e0:	3901      	subs	r1, #1
100046e2:	e6d4      	b.n	1000448e <_vsnprintf+0x206>
100046e4:	2380      	movs	r3, #128	@ 0x80
100046e6:	011b      	lsls	r3, r3, #4
100046e8:	431e      	orrs	r6, r3
100046ea:	e73e      	b.n	1000456a <_vsnprintf+0x2e2>
100046ec:	2320      	movs	r3, #32
100046ee:	431e      	orrs	r6, r3
100046f0:	e753      	b.n	1000459a <_vsnprintf+0x312>
100046f2:	2308      	movs	r3, #8
100046f4:	469c      	mov	ip, r3
100046f6:	2300      	movs	r3, #0
100046f8:	930f      	str	r3, [sp, #60]	@ 0x3c
100046fa:	3308      	adds	r3, #8
100046fc:	469b      	mov	fp, r3
100046fe:	2380      	movs	r3, #128	@ 0x80
10004700:	0030      	movs	r0, r6
10004702:	00db      	lsls	r3, r3, #3
10004704:	4018      	ands	r0, r3
10004706:	421e      	tst	r6, r3
10004708:	d100      	bne.n	1000470c <_vsnprintf+0x484>
1000470a:	e11a      	b.n	10004942 <_vsnprintf+0x6ba>
1000470c:	230d      	movs	r3, #13
1000470e:	0031      	movs	r1, r6
10004710:	4399      	bics	r1, r3
10004712:	2380      	movs	r3, #128	@ 0x80
10004714:	000a      	movs	r2, r1
10004716:	009b      	lsls	r3, r3, #2
10004718:	401a      	ands	r2, r3
1000471a:	4691      	mov	r9, r2
1000471c:	4219      	tst	r1, r3
1000471e:	d000      	beq.n	10004722 <_vsnprintf+0x49a>
10004720:	e1c3      	b.n	10004aaa <_vsnprintf+0x822>
10004722:	2380      	movs	r3, #128	@ 0x80
10004724:	000a      	movs	r2, r1
10004726:	005b      	lsls	r3, r3, #1
10004728:	401a      	ands	r2, r3
1000472a:	4690      	mov	r8, r2
1000472c:	9a0c      	ldr	r2, [sp, #48]	@ 0x30
1000472e:	3204      	adds	r2, #4
10004730:	920f      	str	r2, [sp, #60]	@ 0x3c
10004732:	4219      	tst	r1, r3
10004734:	d000      	beq.n	10004738 <_vsnprintf+0x4b0>
10004736:	e28f      	b.n	10004c58 <_vsnprintf+0x9d0>
10004738:	064b      	lsls	r3, r1, #25
1000473a:	d500      	bpl.n	1000473e <_vsnprintf+0x4b6>
1000473c:	e197      	b.n	10004a6e <_vsnprintf+0x7e6>
1000473e:	060b      	lsls	r3, r1, #24
10004740:	d400      	bmi.n	10004744 <_vsnprintf+0x4bc>
10004742:	e2e5      	b.n	10004d10 <_vsnprintf+0xa88>
10004744:	9b0c      	ldr	r3, [sp, #48]	@ 0x30
10004746:	881b      	ldrh	r3, [r3, #0]
10004748:	4699      	mov	r9, r3
1000474a:	464b      	mov	r3, r9
1000474c:	2b00      	cmp	r3, #0
1000474e:	d000      	beq.n	10004752 <_vsnprintf+0x4ca>
10004750:	e205      	b.n	10004b5e <_vsnprintf+0x8d6>
10004752:	3310      	adds	r3, #16
10004754:	4399      	bics	r1, r3
10004756:	2800      	cmp	r0, #0
10004758:	d100      	bne.n	1000475c <_vsnprintf+0x4d4>
1000475a:	e200      	b.n	10004b5e <_vsnprintf+0x8d6>
1000475c:	2300      	movs	r3, #0
1000475e:	4698      	mov	r8, r3
10004760:	9b0d      	ldr	r3, [sp, #52]	@ 0x34
10004762:	9106      	str	r1, [sp, #24]
10004764:	9304      	str	r3, [sp, #16]
10004766:	465b      	mov	r3, fp
10004768:	9303      	str	r3, [sp, #12]
1000476a:	2300      	movs	r3, #0
1000476c:	9505      	str	r5, [sp, #20]
1000476e:	9302      	str	r3, [sp, #8]
10004770:	4643      	mov	r3, r8
10004772:	e0d9      	b.n	10004928 <_vsnprintf+0x6a0>
10004774:	2858      	cmp	r0, #88	@ 0x58
10004776:	d008      	beq.n	1000478a <_vsnprintf+0x502>
10004778:	2862      	cmp	r0, #98	@ 0x62
1000477a:	d178      	bne.n	1000486e <_vsnprintf+0x5e6>
1000477c:	2302      	movs	r3, #2
1000477e:	469c      	mov	ip, r3
10004780:	2300      	movs	r3, #0
10004782:	930f      	str	r3, [sp, #60]	@ 0x3c
10004784:	3302      	adds	r3, #2
10004786:	469b      	mov	fp, r3
10004788:	e7b9      	b.n	100046fe <_vsnprintf+0x476>
1000478a:	2320      	movs	r3, #32
1000478c:	431e      	orrs	r6, r3
1000478e:	3b10      	subs	r3, #16
10004790:	469c      	mov	ip, r3
10004792:	2300      	movs	r3, #0
10004794:	930f      	str	r3, [sp, #60]	@ 0x3c
10004796:	3310      	adds	r3, #16
10004798:	469b      	mov	fp, r3
1000479a:	e7b0      	b.n	100046fe <_vsnprintf+0x476>
1000479c:	2302      	movs	r3, #2
1000479e:	001a      	movs	r2, r3
100047a0:	4032      	ands	r2, r6
100047a2:	920c      	str	r2, [sp, #48]	@ 0x30
100047a4:	4233      	tst	r3, r6
100047a6:	d100      	bne.n	100047aa <_vsnprintf+0x522>
100047a8:	e205      	b.n	10004bb6 <_vsnprintf+0x92e>
100047aa:	930c      	str	r3, [sp, #48]	@ 0x30
100047ac:	4643      	mov	r3, r8
100047ae:	46b9      	mov	r9, r7
100047b0:	9e0b      	ldr	r6, [sp, #44]	@ 0x2c
100047b2:	9f0a      	ldr	r7, [sp, #40]	@ 0x28
100047b4:	46a8      	mov	r8, r5
100047b6:	1b1d      	subs	r5, r3, r4
100047b8:	0022      	movs	r2, r4
100047ba:	4653      	mov	r3, sl
100047bc:	0039      	movs	r1, r7
100047be:	3401      	adds	r4, #1
100047c0:	47b0      	blx	r6
100047c2:	5d28      	ldrb	r0, [r5, r4]
100047c4:	2800      	cmp	r0, #0
100047c6:	d1f7      	bne.n	100047b8 <_vsnprintf+0x530>
100047c8:	4645      	mov	r5, r8
100047ca:	464f      	mov	r7, r9
100047cc:	e69e      	b.n	1000450c <_vsnprintf+0x284>
100047ce:	2380      	movs	r3, #128	@ 0x80
100047d0:	011b      	lsls	r3, r3, #4
100047d2:	431e      	orrs	r6, r3
100047d4:	2320      	movs	r3, #32
100047d6:	431e      	orrs	r6, r3
100047d8:	e6c7      	b.n	1000456a <_vsnprintf+0x2e2>
100047da:	4662      	mov	r2, ip
100047dc:	920d      	str	r2, [sp, #52]	@ 0x34
100047de:	4642      	mov	r2, r8
100047e0:	1a9b      	subs	r3, r3, r2
100047e2:	930f      	str	r3, [sp, #60]	@ 0x3c
100047e4:	e66a      	b.n	100044bc <_vsnprintf+0x234>
100047e6:	23c0      	movs	r3, #192	@ 0xc0
100047e8:	009b      	lsls	r3, r3, #2
100047ea:	78b8      	ldrb	r0, [r7, #2]
100047ec:	431e      	orrs	r6, r3
100047ee:	1cf9      	adds	r1, r7, #3
100047f0:	e5b9      	b.n	10004366 <_vsnprintf+0xde>
100047f2:	23c0      	movs	r3, #192	@ 0xc0
100047f4:	78b8      	ldrb	r0, [r7, #2]
100047f6:	431e      	orrs	r6, r3
100047f8:	1cf9      	adds	r1, r7, #3
100047fa:	e5b4      	b.n	10004366 <_vsnprintf+0xde>
100047fc:	2d01      	cmp	r5, #1
100047fe:	d800      	bhi.n	10004802 <_vsnprintf+0x57a>
10004800:	e14a      	b.n	10004a98 <_vsnprintf+0x810>
10004802:	1e63      	subs	r3, r4, #1
10004804:	4699      	mov	r9, r3
10004806:	44a9      	add	r9, r5
10004808:	464b      	mov	r3, r9
1000480a:	4652      	mov	r2, sl
1000480c:	0026      	movs	r6, r4
1000480e:	46a1      	mov	r9, r4
10004810:	46ba      	mov	sl, r7
10004812:	001c      	movs	r4, r3
10004814:	0017      	movs	r7, r2
10004816:	46a8      	mov	r8, r5
10004818:	9d0b      	ldr	r5, [sp, #44]	@ 0x2c
1000481a:	0032      	movs	r2, r6
1000481c:	003b      	movs	r3, r7
1000481e:	3601      	adds	r6, #1
10004820:	2020      	movs	r0, #32
10004822:	990a      	ldr	r1, [sp, #40]	@ 0x28
10004824:	47a8      	blx	r5
10004826:	42a6      	cmp	r6, r4
10004828:	d1f7      	bne.n	1000481a <_vsnprintf+0x592>
1000482a:	003b      	movs	r3, r7
1000482c:	4657      	mov	r7, sl
1000482e:	469a      	mov	sl, r3
10004830:	464c      	mov	r4, r9
10004832:	9b0c      	ldr	r3, [sp, #48]	@ 0x30
10004834:	0032      	movs	r2, r6
10004836:	7818      	ldrb	r0, [r3, #0]
10004838:	990a      	ldr	r1, [sp, #40]	@ 0x28
1000483a:	4653      	mov	r3, sl
1000483c:	9d0b      	ldr	r5, [sp, #44]	@ 0x2c
1000483e:	4444      	add	r4, r8
10004840:	47a8      	blx	r5
10004842:	e667      	b.n	10004514 <_vsnprintf+0x28c>
10004844:	46a0      	mov	r8, r4
10004846:	9b0f      	ldr	r3, [sp, #60]	@ 0x3c
10004848:	429d      	cmp	r5, r3
1000484a:	d800      	bhi.n	1000484e <_vsnprintf+0x5c6>
1000484c:	e662      	b.n	10004514 <_vsnprintf+0x28c>
1000484e:	192c      	adds	r4, r5, r4
10004850:	9e0b      	ldr	r6, [sp, #44]	@ 0x2c
10004852:	4645      	mov	r5, r8
10004854:	46b8      	mov	r8, r7
10004856:	9f0a      	ldr	r7, [sp, #40]	@ 0x28
10004858:	1ae4      	subs	r4, r4, r3
1000485a:	002a      	movs	r2, r5
1000485c:	4653      	mov	r3, sl
1000485e:	3501      	adds	r5, #1
10004860:	0039      	movs	r1, r7
10004862:	2020      	movs	r0, #32
10004864:	47b0      	blx	r6
10004866:	42a5      	cmp	r5, r4
10004868:	d1f7      	bne.n	1000485a <_vsnprintf+0x5d2>
1000486a:	4647      	mov	r7, r8
1000486c:	e652      	b.n	10004514 <_vsnprintf+0x28c>
1000486e:	2380      	movs	r3, #128	@ 0x80
10004870:	0032      	movs	r2, r6
10004872:	00db      	lsls	r3, r3, #3
10004874:	401a      	ands	r2, r3
10004876:	4690      	mov	r8, r2
10004878:	421e      	tst	r6, r3
1000487a:	d100      	bne.n	1000487e <_vsnprintf+0x5f6>
1000487c:	e0f3      	b.n	10004a66 <_vsnprintf+0x7de>
1000487e:	2111      	movs	r1, #17
10004880:	438e      	bics	r6, r1
10004882:	46b4      	mov	ip, r6
10004884:	4698      	mov	r8, r3
10004886:	2380      	movs	r3, #128	@ 0x80
10004888:	4662      	mov	r2, ip
1000488a:	009b      	lsls	r3, r3, #2
1000488c:	401a      	ands	r2, r3
1000488e:	4693      	mov	fp, r2
10004890:	4662      	mov	r2, ip
10004892:	421a      	tst	r2, r3
10004894:	d159      	bne.n	1000494a <_vsnprintf+0x6c2>
10004896:	2380      	movs	r3, #128	@ 0x80
10004898:	005b      	lsls	r3, r3, #1
1000489a:	401a      	ands	r2, r3
1000489c:	4691      	mov	r9, r2
1000489e:	9a0c      	ldr	r2, [sp, #48]	@ 0x30
100048a0:	3204      	adds	r2, #4
100048a2:	920f      	str	r2, [sp, #60]	@ 0x3c
100048a4:	4662      	mov	r2, ip
100048a6:	421a      	tst	r2, r3
100048a8:	d000      	beq.n	100048ac <_vsnprintf+0x624>
100048aa:	e1a0      	b.n	10004bee <_vsnprintf+0x966>
100048ac:	4663      	mov	r3, ip
100048ae:	065b      	lsls	r3, r3, #25
100048b0:	d500      	bpl.n	100048b4 <_vsnprintf+0x62c>
100048b2:	e0d4      	b.n	10004a5e <_vsnprintf+0x7d6>
100048b4:	4663      	mov	r3, ip
100048b6:	061b      	lsls	r3, r3, #24
100048b8:	d400      	bmi.n	100048bc <_vsnprintf+0x634>
100048ba:	e212      	b.n	10004ce2 <_vsnprintf+0xa5a>
100048bc:	9b0c      	ldr	r3, [sp, #48]	@ 0x30
100048be:	2200      	movs	r2, #0
100048c0:	5e9b      	ldrsh	r3, [r3, r2]
100048c2:	17d8      	asrs	r0, r3, #31
100048c4:	1819      	adds	r1, r3, r0
100048c6:	4041      	eors	r1, r0
100048c8:	b289      	uxth	r1, r1
100048ca:	0fda      	lsrs	r2, r3, #31
100048cc:	920c      	str	r2, [sp, #48]	@ 0x30
100048ce:	2b00      	cmp	r3, #0
100048d0:	d100      	bne.n	100048d4 <_vsnprintf+0x64c>
100048d2:	e187      	b.n	10004be4 <_vsnprintf+0x95c>
100048d4:	4688      	mov	r8, r1
100048d6:	261f      	movs	r6, #31
100048d8:	ab12      	add	r3, sp, #72	@ 0x48
100048da:	46bb      	mov	fp, r7
100048dc:	9514      	str	r5, [sp, #80]	@ 0x50
100048de:	18f7      	adds	r7, r6, r3
100048e0:	4645      	mov	r5, r8
100048e2:	464e      	mov	r6, r9
100048e4:	46e0      	mov	r8, ip
100048e6:	46a1      	mov	r9, r4
100048e8:	e006      	b.n	100048f8 <_vsnprintf+0x670>
100048ea:	0028      	movs	r0, r5
100048ec:	210a      	movs	r1, #10
100048ee:	f7fe fa27 	bl	10002d40 <__wrap___aeabi_uidiv>
100048f2:	0005      	movs	r5, r0
100048f4:	2e20      	cmp	r6, #32
100048f6:	d008      	beq.n	1000490a <_vsnprintf+0x682>
100048f8:	210a      	movs	r1, #10
100048fa:	0028      	movs	r0, r5
100048fc:	f7fe fa20 	bl	10002d40 <__wrap___aeabi_uidiv>
10004900:	3601      	adds	r6, #1
10004902:	3130      	adds	r1, #48	@ 0x30
10004904:	55b9      	strb	r1, [r7, r6]
10004906:	2d09      	cmp	r5, #9
10004908:	d8ef      	bhi.n	100048ea <_vsnprintf+0x662>
1000490a:	464c      	mov	r4, r9
1000490c:	46c4      	mov	ip, r8
1000490e:	46b1      	mov	r9, r6
10004910:	465f      	mov	r7, fp
10004912:	9d14      	ldr	r5, [sp, #80]	@ 0x50
10004914:	4663      	mov	r3, ip
10004916:	9306      	str	r3, [sp, #24]
10004918:	9b0d      	ldr	r3, [sp, #52]	@ 0x34
1000491a:	9505      	str	r5, [sp, #20]
1000491c:	9304      	str	r3, [sp, #16]
1000491e:	230a      	movs	r3, #10
10004920:	9303      	str	r3, [sp, #12]
10004922:	9b0c      	ldr	r3, [sp, #48]	@ 0x30
10004924:	9302      	str	r3, [sp, #8]
10004926:	464b      	mov	r3, r9
10004928:	9301      	str	r3, [sp, #4]
1000492a:	ab1a      	add	r3, sp, #104	@ 0x68
1000492c:	0022      	movs	r2, r4
1000492e:	9300      	str	r3, [sp, #0]
10004930:	990a      	ldr	r1, [sp, #40]	@ 0x28
10004932:	4653      	mov	r3, sl
10004934:	980b      	ldr	r0, [sp, #44]	@ 0x2c
10004936:	f7fe fec1 	bl	100036bc <_ntoa_format>
1000493a:	9b0f      	ldr	r3, [sp, #60]	@ 0x3c
1000493c:	0004      	movs	r4, r0
1000493e:	930c      	str	r3, [sp, #48]	@ 0x30
10004940:	e4c9      	b.n	100042d6 <_vsnprintf+0x4e>
10004942:	230c      	movs	r3, #12
10004944:	0031      	movs	r1, r6
10004946:	4399      	bics	r1, r3
10004948:	e6e3      	b.n	10004712 <_vsnprintf+0x48a>
1000494a:	2208      	movs	r2, #8
1000494c:	2107      	movs	r1, #7
1000494e:	4691      	mov	r9, r2
10004950:	9b0c      	ldr	r3, [sp, #48]	@ 0x30
10004952:	3307      	adds	r3, #7
10004954:	438b      	bics	r3, r1
10004956:	4499      	add	r9, r3
10004958:	464a      	mov	r2, r9
1000495a:	cb0a      	ldmia	r3, {r1, r3}
1000495c:	0008      	movs	r0, r1
1000495e:	920c      	str	r2, [sp, #48]	@ 0x30
10004960:	0fda      	lsrs	r2, r3, #31
10004962:	4693      	mov	fp, r2
10004964:	4318      	orrs	r0, r3
10004966:	d000      	beq.n	1000496a <_vsnprintf+0x6e2>
10004968:	e085      	b.n	10004a76 <_vsnprintf+0x7ee>
1000496a:	2300      	movs	r3, #0
1000496c:	4699      	mov	r9, r3
1000496e:	4643      	mov	r3, r8
10004970:	2b00      	cmp	r3, #0
10004972:	d12f      	bne.n	100049d4 <_vsnprintf+0x74c>
10004974:	2200      	movs	r2, #0
10004976:	2300      	movs	r3, #0
10004978:	9210      	str	r2, [sp, #64]	@ 0x40
1000497a:	9311      	str	r3, [sp, #68]	@ 0x44
1000497c:	2300      	movs	r3, #0
1000497e:	261f      	movs	r6, #31
10004980:	4699      	mov	r9, r3
10004982:	ab12      	add	r3, sp, #72	@ 0x48
10004984:	18f6      	adds	r6, r6, r3
10004986:	465b      	mov	r3, fp
10004988:	9514      	str	r5, [sp, #80]	@ 0x50
1000498a:	46bb      	mov	fp, r7
1000498c:	46e0      	mov	r8, ip
1000498e:	0037      	movs	r7, r6
10004990:	930f      	str	r3, [sp, #60]	@ 0x3c
10004992:	464e      	mov	r6, r9
10004994:	46a1      	mov	r9, r4
10004996:	9c10      	ldr	r4, [sp, #64]	@ 0x40
10004998:	9d11      	ldr	r5, [sp, #68]	@ 0x44
1000499a:	e005      	b.n	100049a8 <_vsnprintf+0x720>
1000499c:	10003611 	.word	0x10003611
100049a0:	0004      	movs	r4, r0
100049a2:	000d      	movs	r5, r1
100049a4:	2e20      	cmp	r6, #32
100049a6:	d00c      	beq.n	100049c2 <_vsnprintf+0x73a>
100049a8:	220a      	movs	r2, #10
100049aa:	2300      	movs	r3, #0
100049ac:	0020      	movs	r0, r4
100049ae:	0029      	movs	r1, r5
100049b0:	f7fe fa04 	bl	10002dbc <__wrap___aeabi_uldivmod>
100049b4:	3601      	adds	r6, #1
100049b6:	3230      	adds	r2, #48	@ 0x30
100049b8:	55ba      	strb	r2, [r7, r6]
100049ba:	2d00      	cmp	r5, #0
100049bc:	d1f0      	bne.n	100049a0 <_vsnprintf+0x718>
100049be:	2c09      	cmp	r4, #9
100049c0:	d8ee      	bhi.n	100049a0 <_vsnprintf+0x718>
100049c2:	9b0f      	ldr	r3, [sp, #60]	@ 0x3c
100049c4:	9410      	str	r4, [sp, #64]	@ 0x40
100049c6:	9511      	str	r5, [sp, #68]	@ 0x44
100049c8:	465f      	mov	r7, fp
100049ca:	464c      	mov	r4, r9
100049cc:	46c4      	mov	ip, r8
100049ce:	46b1      	mov	r9, r6
100049d0:	469b      	mov	fp, r3
100049d2:	9d14      	ldr	r5, [sp, #80]	@ 0x50
100049d4:	4663      	mov	r3, ip
100049d6:	9306      	str	r3, [sp, #24]
100049d8:	9b0d      	ldr	r3, [sp, #52]	@ 0x34
100049da:	9505      	str	r5, [sp, #20]
100049dc:	9304      	str	r3, [sp, #16]
100049de:	230a      	movs	r3, #10
100049e0:	9303      	str	r3, [sp, #12]
100049e2:	465b      	mov	r3, fp
100049e4:	9302      	str	r3, [sp, #8]
100049e6:	464b      	mov	r3, r9
100049e8:	9301      	str	r3, [sp, #4]
100049ea:	ab1a      	add	r3, sp, #104	@ 0x68
100049ec:	0022      	movs	r2, r4
100049ee:	9300      	str	r3, [sp, #0]
100049f0:	990a      	ldr	r1, [sp, #40]	@ 0x28
100049f2:	4653      	mov	r3, sl
100049f4:	980b      	ldr	r0, [sp, #44]	@ 0x2c
100049f6:	f7fe fe61 	bl	100036bc <_ntoa_format>
100049fa:	0004      	movs	r4, r0
100049fc:	e46b      	b.n	100042d6 <_vsnprintf+0x4e>
100049fe:	9b0f      	ldr	r3, [sp, #60]	@ 0x3c
10004a00:	429d      	cmp	r5, r3
10004a02:	d800      	bhi.n	10004a06 <_vsnprintf+0x77e>
10004a04:	e196      	b.n	10004d34 <_vsnprintf+0xaac>
10004a06:	2380      	movs	r3, #128	@ 0x80
10004a08:	00db      	lsls	r3, r3, #3
10004a0a:	930c      	str	r3, [sp, #48]	@ 0x30
10004a0c:	9b0f      	ldr	r3, [sp, #60]	@ 0x3c
10004a0e:	192e      	adds	r6, r5, r4
10004a10:	1af6      	subs	r6, r6, r3
10004a12:	4643      	mov	r3, r8
10004a14:	930f      	str	r3, [sp, #60]	@ 0x3c
10004a16:	9b0d      	ldr	r3, [sp, #52]	@ 0x34
10004a18:	46a8      	mov	r8, r5
10004a1a:	4699      	mov	r9, r3
10004a1c:	4653      	mov	r3, sl
10004a1e:	46ba      	mov	sl, r7
10004a20:	001f      	movs	r7, r3
10004a22:	9d0b      	ldr	r5, [sp, #44]	@ 0x2c
10004a24:	0022      	movs	r2, r4
10004a26:	003b      	movs	r3, r7
10004a28:	3401      	adds	r4, #1
10004a2a:	2020      	movs	r0, #32
10004a2c:	990a      	ldr	r1, [sp, #40]	@ 0x28
10004a2e:	47a8      	blx	r5
10004a30:	42b4      	cmp	r4, r6
10004a32:	d1f7      	bne.n	10004a24 <_vsnprintf+0x79c>
10004a34:	9b0f      	ldr	r3, [sp, #60]	@ 0x3c
10004a36:	4645      	mov	r5, r8
10004a38:	4698      	mov	r8, r3
10004a3a:	464b      	mov	r3, r9
10004a3c:	930d      	str	r3, [sp, #52]	@ 0x34
10004a3e:	003b      	movs	r3, r7
10004a40:	4657      	mov	r7, sl
10004a42:	469a      	mov	sl, r3
10004a44:	4643      	mov	r3, r8
10004a46:	7818      	ldrb	r0, [r3, #0]
10004a48:	2800      	cmp	r0, #0
10004a4a:	d100      	bne.n	10004a4e <_vsnprintf+0x7c6>
10004a4c:	e562      	b.n	10004514 <_vsnprintf+0x28c>
10004a4e:	1c6b      	adds	r3, r5, #1
10004a50:	930f      	str	r3, [sp, #60]	@ 0x3c
10004a52:	9b0c      	ldr	r3, [sp, #48]	@ 0x30
10004a54:	2b00      	cmp	r3, #0
10004a56:	d100      	bne.n	10004a5a <_vsnprintf+0x7d2>
10004a58:	e6a8      	b.n	100047ac <_vsnprintf+0x524>
10004a5a:	2300      	movs	r3, #0
10004a5c:	e53d      	b.n	100044da <_vsnprintf+0x252>
10004a5e:	9b0c      	ldr	r3, [sp, #48]	@ 0x30
10004a60:	781b      	ldrb	r3, [r3, #0]
10004a62:	0019      	movs	r1, r3
10004a64:	e731      	b.n	100048ca <_vsnprintf+0x642>
10004a66:	2310      	movs	r3, #16
10004a68:	439e      	bics	r6, r3
10004a6a:	46b4      	mov	ip, r6
10004a6c:	e70b      	b.n	10004886 <_vsnprintf+0x5fe>
10004a6e:	9b0c      	ldr	r3, [sp, #48]	@ 0x30
10004a70:	781b      	ldrb	r3, [r3, #0]
10004a72:	4699      	mov	r9, r3
10004a74:	e669      	b.n	1000474a <_vsnprintf+0x4c2>
10004a76:	17da      	asrs	r2, r3, #31
10004a78:	9212      	str	r2, [sp, #72]	@ 0x48
10004a7a:	9213      	str	r2, [sp, #76]	@ 0x4c
10004a7c:	404a      	eors	r2, r1
10004a7e:	9210      	str	r2, [sp, #64]	@ 0x40
10004a80:	9812      	ldr	r0, [sp, #72]	@ 0x48
10004a82:	9913      	ldr	r1, [sp, #76]	@ 0x4c
10004a84:	000a      	movs	r2, r1
10004a86:	405a      	eors	r2, r3
10004a88:	9211      	str	r2, [sp, #68]	@ 0x44
10004a8a:	9a10      	ldr	r2, [sp, #64]	@ 0x40
10004a8c:	9b11      	ldr	r3, [sp, #68]	@ 0x44
10004a8e:	1a12      	subs	r2, r2, r0
10004a90:	418b      	sbcs	r3, r1
10004a92:	9210      	str	r2, [sp, #64]	@ 0x40
10004a94:	9311      	str	r3, [sp, #68]	@ 0x44
10004a96:	e771      	b.n	1000497c <_vsnprintf+0x6f4>
10004a98:	9b0c      	ldr	r3, [sp, #48]	@ 0x30
10004a9a:	0022      	movs	r2, r4
10004a9c:	7818      	ldrb	r0, [r3, #0]
10004a9e:	990a      	ldr	r1, [sp, #40]	@ 0x28
10004aa0:	4653      	mov	r3, sl
10004aa2:	9c0b      	ldr	r4, [sp, #44]	@ 0x2c
10004aa4:	47a0      	blx	r4
10004aa6:	4644      	mov	r4, r8
10004aa8:	e534      	b.n	10004514 <_vsnprintf+0x28c>
10004aaa:	2208      	movs	r2, #8
10004aac:	2607      	movs	r6, #7
10004aae:	4690      	mov	r8, r2
10004ab0:	9b0c      	ldr	r3, [sp, #48]	@ 0x30
10004ab2:	3307      	adds	r3, #7
10004ab4:	43b3      	bics	r3, r6
10004ab6:	4498      	add	r8, r3
10004ab8:	4642      	mov	r2, r8
10004aba:	920c      	str	r2, [sp, #48]	@ 0x30
10004abc:	681a      	ldr	r2, [r3, #0]
10004abe:	685b      	ldr	r3, [r3, #4]
10004ac0:	9214      	str	r2, [sp, #80]	@ 0x50
10004ac2:	9308      	str	r3, [sp, #32]
10004ac4:	0013      	movs	r3, r2
10004ac6:	9a08      	ldr	r2, [sp, #32]
10004ac8:	4313      	orrs	r3, r2
10004aca:	d105      	bne.n	10004ad8 <_vsnprintf+0x850>
10004acc:	3310      	adds	r3, #16
10004ace:	4399      	bics	r1, r3
10004ad0:	2300      	movs	r3, #0
10004ad2:	4698      	mov	r8, r3
10004ad4:	2800      	cmp	r0, #0
10004ad6:	d138      	bne.n	10004b4a <_vsnprintf+0x8c2>
10004ad8:	2061      	movs	r0, #97	@ 0x61
10004ada:	068b      	lsls	r3, r1, #26
10004adc:	d500      	bpl.n	10004ae0 <_vsnprintf+0x858>
10004ade:	2041      	movs	r0, #65	@ 0x41
10004ae0:	2300      	movs	r3, #0
10004ae2:	261f      	movs	r6, #31
10004ae4:	4698      	mov	r8, r3
10004ae6:	465a      	mov	r2, fp
10004ae8:	ab12      	add	r3, sp, #72	@ 0x48
10004aea:	18f6      	adds	r6, r6, r3
10004aec:	0003      	movs	r3, r0
10004aee:	9218      	str	r2, [sp, #96]	@ 0x60
10004af0:	9a0f      	ldr	r2, [sp, #60]	@ 0x3c
10004af2:	3b0a      	subs	r3, #10
10004af4:	46b1      	mov	r9, r6
10004af6:	9516      	str	r5, [sp, #88]	@ 0x58
10004af8:	9417      	str	r4, [sp, #92]	@ 0x5c
10004afa:	9719      	str	r7, [sp, #100]	@ 0x64
10004afc:	4644      	mov	r4, r8
10004afe:	4666      	mov	r6, ip
10004b00:	4690      	mov	r8, r2
10004b02:	469b      	mov	fp, r3
10004b04:	9f14      	ldr	r7, [sp, #80]	@ 0x50
10004b06:	9d08      	ldr	r5, [sp, #32]
10004b08:	9115      	str	r1, [sp, #84]	@ 0x54
10004b0a:	e003      	b.n	10004b14 <_vsnprintf+0x88c>
10004b0c:	0007      	movs	r7, r0
10004b0e:	000d      	movs	r5, r1
10004b10:	2c20      	cmp	r4, #32
10004b12:	d013      	beq.n	10004b3c <_vsnprintf+0x8b4>
10004b14:	0032      	movs	r2, r6
10004b16:	2300      	movs	r3, #0
10004b18:	0038      	movs	r0, r7
10004b1a:	0029      	movs	r1, r5
10004b1c:	f7fe f94e 	bl	10002dbc <__wrap___aeabi_uldivmod>
10004b20:	465b      	mov	r3, fp
10004b22:	b2d2      	uxtb	r2, r2
10004b24:	18d3      	adds	r3, r2, r3
10004b26:	2a09      	cmp	r2, #9
10004b28:	d801      	bhi.n	10004b2e <_vsnprintf+0x8a6>
10004b2a:	0013      	movs	r3, r2
10004b2c:	3330      	adds	r3, #48	@ 0x30
10004b2e:	464a      	mov	r2, r9
10004b30:	3401      	adds	r4, #1
10004b32:	5513      	strb	r3, [r2, r4]
10004b34:	45a8      	cmp	r8, r5
10004b36:	d1e9      	bne.n	10004b0c <_vsnprintf+0x884>
10004b38:	42be      	cmp	r6, r7
10004b3a:	d9e7      	bls.n	10004b0c <_vsnprintf+0x884>
10004b3c:	9b18      	ldr	r3, [sp, #96]	@ 0x60
10004b3e:	46a0      	mov	r8, r4
10004b40:	469b      	mov	fp, r3
10004b42:	9915      	ldr	r1, [sp, #84]	@ 0x54
10004b44:	9d16      	ldr	r5, [sp, #88]	@ 0x58
10004b46:	9c17      	ldr	r4, [sp, #92]	@ 0x5c
10004b48:	9f19      	ldr	r7, [sp, #100]	@ 0x64
10004b4a:	9b0d      	ldr	r3, [sp, #52]	@ 0x34
10004b4c:	9106      	str	r1, [sp, #24]
10004b4e:	9304      	str	r3, [sp, #16]
10004b50:	465b      	mov	r3, fp
10004b52:	9303      	str	r3, [sp, #12]
10004b54:	2300      	movs	r3, #0
10004b56:	9505      	str	r5, [sp, #20]
10004b58:	9302      	str	r3, [sp, #8]
10004b5a:	4643      	mov	r3, r8
10004b5c:	e744      	b.n	100049e8 <_vsnprintf+0x760>
10004b5e:	2061      	movs	r0, #97	@ 0x61
10004b60:	068b      	lsls	r3, r1, #26
10004b62:	d500      	bpl.n	10004b66 <_vsnprintf+0x8de>
10004b64:	2041      	movs	r0, #65	@ 0x41
10004b66:	261f      	movs	r6, #31
10004b68:	ab12      	add	r3, sp, #72	@ 0x48
10004b6a:	18f2      	adds	r2, r6, r3
10004b6c:	0003      	movs	r3, r0
10004b6e:	3b0a      	subs	r3, #10
10004b70:	930c      	str	r3, [sp, #48]	@ 0x30
10004b72:	464b      	mov	r3, r9
10004b74:	4646      	mov	r6, r8
10004b76:	46a1      	mov	r9, r4
10004b78:	46a8      	mov	r8, r5
10004b7a:	001c      	movs	r4, r3
10004b7c:	465d      	mov	r5, fp
10004b7e:	9114      	str	r1, [sp, #80]	@ 0x50
10004b80:	46bb      	mov	fp, r7
10004b82:	0017      	movs	r7, r2
10004b84:	e002      	b.n	10004b8c <_vsnprintf+0x904>
10004b86:	0004      	movs	r4, r0
10004b88:	2e20      	cmp	r6, #32
10004b8a:	d00d      	beq.n	10004ba8 <_vsnprintf+0x920>
10004b8c:	0029      	movs	r1, r5
10004b8e:	0020      	movs	r0, r4
10004b90:	f7fe f8d6 	bl	10002d40 <__wrap___aeabi_uidiv>
10004b94:	9b0c      	ldr	r3, [sp, #48]	@ 0x30
10004b96:	18cb      	adds	r3, r1, r3
10004b98:	2909      	cmp	r1, #9
10004b9a:	d801      	bhi.n	10004ba0 <_vsnprintf+0x918>
10004b9c:	000b      	movs	r3, r1
10004b9e:	3330      	adds	r3, #48	@ 0x30
10004ba0:	3601      	adds	r6, #1
10004ba2:	55bb      	strb	r3, [r7, r6]
10004ba4:	42ac      	cmp	r4, r5
10004ba6:	d2ee      	bcs.n	10004b86 <_vsnprintf+0x8fe>
10004ba8:	465f      	mov	r7, fp
10004baa:	464c      	mov	r4, r9
10004bac:	46ab      	mov	fp, r5
10004bae:	9914      	ldr	r1, [sp, #80]	@ 0x50
10004bb0:	4645      	mov	r5, r8
10004bb2:	46b0      	mov	r8, r6
10004bb4:	e5d4      	b.n	10004760 <_vsnprintf+0x4d8>
10004bb6:	9b0f      	ldr	r3, [sp, #60]	@ 0x3c
10004bb8:	429d      	cmp	r5, r3
10004bba:	d900      	bls.n	10004bbe <_vsnprintf+0x936>
10004bbc:	e726      	b.n	10004a0c <_vsnprintf+0x784>
10004bbe:	3301      	adds	r3, #1
10004bc0:	930f      	str	r3, [sp, #60]	@ 0x3c
10004bc2:	e5f3      	b.n	100047ac <_vsnprintf+0x524>
10004bc4:	2310      	movs	r3, #16
10004bc6:	0032      	movs	r2, r6
10004bc8:	439a      	bics	r2, r3
10004bca:	4694      	mov	ip, r2
10004bcc:	2869      	cmp	r0, #105	@ 0x69
10004bce:	d000      	beq.n	10004bd2 <_vsnprintf+0x94a>
10004bd0:	e0a2      	b.n	10004d18 <_vsnprintf+0xa90>
10004bd2:	2380      	movs	r3, #128	@ 0x80
10004bd4:	0032      	movs	r2, r6
10004bd6:	00db      	lsls	r3, r3, #3
10004bd8:	401a      	ands	r2, r3
10004bda:	4690      	mov	r8, r2
10004bdc:	421e      	tst	r6, r3
10004bde:	d100      	bne.n	10004be2 <_vsnprintf+0x95a>
10004be0:	e651      	b.n	10004886 <_vsnprintf+0x5fe>
10004be2:	e64c      	b.n	1000487e <_vsnprintf+0x5f6>
10004be4:	4643      	mov	r3, r8
10004be6:	2b00      	cmp	r3, #0
10004be8:	d000      	beq.n	10004bec <_vsnprintf+0x964>
10004bea:	e693      	b.n	10004914 <_vsnprintf+0x68c>
10004bec:	e673      	b.n	100048d6 <_vsnprintf+0x64e>
10004bee:	9b0c      	ldr	r3, [sp, #48]	@ 0x30
10004bf0:	681b      	ldr	r3, [r3, #0]
10004bf2:	0fda      	lsrs	r2, r3, #31
10004bf4:	2b00      	cmp	r3, #0
10004bf6:	d070      	beq.n	10004cda <_vsnprintf+0xa52>
10004bf8:	17d9      	asrs	r1, r3, #31
10004bfa:	185b      	adds	r3, r3, r1
10004bfc:	404b      	eors	r3, r1
10004bfe:	4698      	mov	r8, r3
10004c00:	261f      	movs	r6, #31
10004c02:	ab12      	add	r3, sp, #72	@ 0x48
10004c04:	18f6      	adds	r6, r6, r3
10004c06:	46a1      	mov	r9, r4
10004c08:	9514      	str	r5, [sp, #80]	@ 0x50
10004c0a:	465c      	mov	r4, fp
10004c0c:	4645      	mov	r5, r8
10004c0e:	46bb      	mov	fp, r7
10004c10:	46e0      	mov	r8, ip
10004c12:	0037      	movs	r7, r6
10004c14:	920c      	str	r2, [sp, #48]	@ 0x30
10004c16:	e006      	b.n	10004c26 <_vsnprintf+0x99e>
10004c18:	0028      	movs	r0, r5
10004c1a:	210a      	movs	r1, #10
10004c1c:	f7fe f890 	bl	10002d40 <__wrap___aeabi_uidiv>
10004c20:	0005      	movs	r5, r0
10004c22:	2c20      	cmp	r4, #32
10004c24:	d008      	beq.n	10004c38 <_vsnprintf+0x9b0>
10004c26:	210a      	movs	r1, #10
10004c28:	0028      	movs	r0, r5
10004c2a:	f7fe f889 	bl	10002d40 <__wrap___aeabi_uidiv>
10004c2e:	3401      	adds	r4, #1
10004c30:	3130      	adds	r1, #48	@ 0x30
10004c32:	5539      	strb	r1, [r7, r4]
10004c34:	2d09      	cmp	r5, #9
10004c36:	d8ef      	bhi.n	10004c18 <_vsnprintf+0x990>
10004c38:	465f      	mov	r7, fp
10004c3a:	46c4      	mov	ip, r8
10004c3c:	46a3      	mov	fp, r4
10004c3e:	464c      	mov	r4, r9
10004c40:	9d14      	ldr	r5, [sp, #80]	@ 0x50
10004c42:	9a0c      	ldr	r2, [sp, #48]	@ 0x30
10004c44:	4663      	mov	r3, ip
10004c46:	9306      	str	r3, [sp, #24]
10004c48:	9b0d      	ldr	r3, [sp, #52]	@ 0x34
10004c4a:	9505      	str	r5, [sp, #20]
10004c4c:	9304      	str	r3, [sp, #16]
10004c4e:	230a      	movs	r3, #10
10004c50:	9202      	str	r2, [sp, #8]
10004c52:	9303      	str	r3, [sp, #12]
10004c54:	465b      	mov	r3, fp
10004c56:	e667      	b.n	10004928 <_vsnprintf+0x6a0>
10004c58:	9b0c      	ldr	r3, [sp, #48]	@ 0x30
10004c5a:	681b      	ldr	r3, [r3, #0]
10004c5c:	4698      	mov	r8, r3
10004c5e:	2b00      	cmp	r3, #0
10004c60:	d103      	bne.n	10004c6a <_vsnprintf+0x9e2>
10004c62:	3310      	adds	r3, #16
10004c64:	4399      	bics	r1, r3
10004c66:	2800      	cmp	r0, #0
10004c68:	d12d      	bne.n	10004cc6 <_vsnprintf+0xa3e>
10004c6a:	2061      	movs	r0, #97	@ 0x61
10004c6c:	068b      	lsls	r3, r1, #26
10004c6e:	d500      	bpl.n	10004c72 <_vsnprintf+0x9ea>
10004c70:	2041      	movs	r0, #65	@ 0x41
10004c72:	261f      	movs	r6, #31
10004c74:	ab12      	add	r3, sp, #72	@ 0x48
10004c76:	18f6      	adds	r6, r6, r3
10004c78:	0003      	movs	r3, r0
10004c7a:	3b0a      	subs	r3, #10
10004c7c:	464a      	mov	r2, r9
10004c7e:	930c      	str	r3, [sp, #48]	@ 0x30
10004c80:	9114      	str	r1, [sp, #80]	@ 0x50
10004c82:	4643      	mov	r3, r8
10004c84:	0031      	movs	r1, r6
10004c86:	46a8      	mov	r8, r5
10004c88:	46a1      	mov	r9, r4
10004c8a:	465e      	mov	r6, fp
10004c8c:	0014      	movs	r4, r2
10004c8e:	46bb      	mov	fp, r7
10004c90:	001d      	movs	r5, r3
10004c92:	000f      	movs	r7, r1
10004c94:	e002      	b.n	10004c9c <_vsnprintf+0xa14>
10004c96:	0005      	movs	r5, r0
10004c98:	2c20      	cmp	r4, #32
10004c9a:	d00d      	beq.n	10004cb8 <_vsnprintf+0xa30>
10004c9c:	0031      	movs	r1, r6
10004c9e:	0028      	movs	r0, r5
10004ca0:	f7fe f84e 	bl	10002d40 <__wrap___aeabi_uidiv>
10004ca4:	9b0c      	ldr	r3, [sp, #48]	@ 0x30
10004ca6:	18cb      	adds	r3, r1, r3
10004ca8:	2909      	cmp	r1, #9
10004caa:	d801      	bhi.n	10004cb0 <_vsnprintf+0xa28>
10004cac:	000b      	movs	r3, r1
10004cae:	3330      	adds	r3, #48	@ 0x30
10004cb0:	3401      	adds	r4, #1
10004cb2:	553b      	strb	r3, [r7, r4]
10004cb4:	42b5      	cmp	r5, r6
10004cb6:	d2ee      	bcs.n	10004c96 <_vsnprintf+0xa0e>
10004cb8:	0023      	movs	r3, r4
10004cba:	465f      	mov	r7, fp
10004cbc:	464c      	mov	r4, r9
10004cbe:	4645      	mov	r5, r8
10004cc0:	46b3      	mov	fp, r6
10004cc2:	4699      	mov	r9, r3
10004cc4:	9914      	ldr	r1, [sp, #80]	@ 0x50
10004cc6:	9b0d      	ldr	r3, [sp, #52]	@ 0x34
10004cc8:	9106      	str	r1, [sp, #24]
10004cca:	9304      	str	r3, [sp, #16]
10004ccc:	465b      	mov	r3, fp
10004cce:	9303      	str	r3, [sp, #12]
10004cd0:	2300      	movs	r3, #0
10004cd2:	9505      	str	r5, [sp, #20]
10004cd4:	9302      	str	r3, [sp, #8]
10004cd6:	464b      	mov	r3, r9
10004cd8:	e626      	b.n	10004928 <_vsnprintf+0x6a0>
10004cda:	4643      	mov	r3, r8
10004cdc:	2b00      	cmp	r3, #0
10004cde:	d1b1      	bne.n	10004c44 <_vsnprintf+0x9bc>
10004ce0:	e78e      	b.n	10004c00 <_vsnprintf+0x978>
10004ce2:	9b0c      	ldr	r3, [sp, #48]	@ 0x30
10004ce4:	681b      	ldr	r3, [r3, #0]
10004ce6:	17d8      	asrs	r0, r3, #31
10004ce8:	1819      	adds	r1, r3, r0
10004cea:	4041      	eors	r1, r0
10004cec:	e5ed      	b.n	100048ca <_vsnprintf+0x642>
10004cee:	2380      	movs	r3, #128	@ 0x80
10004cf0:	0032      	movs	r2, r6
10004cf2:	00db      	lsls	r3, r3, #3
10004cf4:	401a      	ands	r2, r3
10004cf6:	920f      	str	r2, [sp, #60]	@ 0x3c
10004cf8:	421e      	tst	r6, r3
10004cfa:	d00f      	beq.n	10004d1c <_vsnprintf+0xa94>
10004cfc:	3002      	adds	r0, #2
10004cfe:	0002      	movs	r2, r0
10004d00:	4032      	ands	r2, r6
10004d02:	920f      	str	r2, [sp, #60]	@ 0x3c
10004d04:	4230      	tst	r0, r6
10004d06:	d019      	beq.n	10004d3c <_vsnprintf+0xab4>
10004d08:	2300      	movs	r3, #0
10004d0a:	46a0      	mov	r8, r4
10004d0c:	930f      	str	r3, [sp, #60]	@ 0x3c
10004d0e:	e59a      	b.n	10004846 <_vsnprintf+0x5be>
10004d10:	9b0c      	ldr	r3, [sp, #48]	@ 0x30
10004d12:	681b      	ldr	r3, [r3, #0]
10004d14:	4699      	mov	r9, r3
10004d16:	e518      	b.n	1000474a <_vsnprintf+0x4c2>
10004d18:	0016      	movs	r6, r2
10004d1a:	e49b      	b.n	10004654 <_vsnprintf+0x3cc>
10004d1c:	2302      	movs	r3, #2
10004d1e:	001a      	movs	r2, r3
10004d20:	4032      	ands	r2, r6
10004d22:	920c      	str	r2, [sp, #48]	@ 0x30
10004d24:	4233      	tst	r3, r6
10004d26:	d000      	beq.n	10004d2a <_vsnprintf+0xaa2>
10004d28:	e58c      	b.n	10004844 <_vsnprintf+0x5bc>
10004d2a:	2d00      	cmp	r5, #0
10004d2c:	d000      	beq.n	10004d30 <_vsnprintf+0xaa8>
10004d2e:	e66d      	b.n	10004a0c <_vsnprintf+0x784>
10004d30:	f7ff fbf0 	bl	10004514 <_vsnprintf+0x28c>
10004d34:	3301      	adds	r3, #1
10004d36:	930f      	str	r3, [sp, #60]	@ 0x3c
10004d38:	f7ff fbd0 	bl	100044dc <_vsnprintf+0x254>
10004d3c:	930c      	str	r3, [sp, #48]	@ 0x30
10004d3e:	e7f4      	b.n	10004d2a <_vsnprintf+0xaa2>

10004d40 <vfctprintf>:
10004d40:	b500      	push	{lr}
10004d42:	b085      	sub	sp, #20
10004d44:	9103      	str	r1, [sp, #12]
10004d46:	2101      	movs	r1, #1
10004d48:	9002      	str	r0, [sp, #8]
10004d4a:	9300      	str	r3, [sp, #0]
10004d4c:	4803      	ldr	r0, [pc, #12]	@ (10004d5c <vfctprintf+0x1c>)
10004d4e:	0013      	movs	r3, r2
10004d50:	424a      	negs	r2, r1
10004d52:	a902      	add	r1, sp, #8
10004d54:	f7ff fa98 	bl	10004288 <_vsnprintf>
10004d58:	b005      	add	sp, #20
10004d5a:	bd00      	pop	{pc}
10004d5c:	100038a5 	.word	0x100038a5

10004d60 <weak_raw_vprintf>:
10004d60:	b510      	push	{r4, lr}
10004d62:	4a09      	ldr	r2, [pc, #36]	@ (10004d88 <weak_raw_vprintf+0x28>)
10004d64:	0003      	movs	r3, r0
10004d66:	6814      	ldr	r4, [r2, #0]
10004d68:	b084      	sub	sp, #16
10004d6a:	2c00      	cmp	r4, #0
10004d6c:	d008      	beq.n	10004d80 <weak_raw_vprintf+0x20>
10004d6e:	2201      	movs	r2, #1
10004d70:	9100      	str	r1, [sp, #0]
10004d72:	4806      	ldr	r0, [pc, #24]	@ (10004d8c <weak_raw_vprintf+0x2c>)
10004d74:	4252      	negs	r2, r2
10004d76:	a903      	add	r1, sp, #12
10004d78:	47a0      	blx	r4
10004d7a:	2001      	movs	r0, #1
10004d7c:	b004      	add	sp, #16
10004d7e:	bd10      	pop	{r4, pc}
10004d80:	f000 f980 	bl	10005084 <__wrap_puts>
10004d84:	2000      	movs	r0, #0
10004d86:	e7f9      	b.n	10004d7c <weak_raw_vprintf+0x1c>
10004d88:	20001b38 	.word	0x20001b38
10004d8c:	10003895 	.word	0x10003895

10004d90 <_exit>:
10004d90:	be00      	bkpt	0x0000
10004d92:	e7fd      	b.n	10004d90 <_exit>

10004d94 <_fini>:
10004d94:	4770      	bx	lr
10004d96:	46c0      	nop			@ (mov r8, r8)

10004d98 <exit>:
10004d98:	b510      	push	{r4, lr}
10004d9a:	f7ff fff9 	bl	10004d90 <_exit>
10004d9e:	46c0      	nop			@ (mov r8, r8)

10004da0 <runtime_init>:
10004da0:	b570      	push	{r4, r5, r6, lr}
10004da2:	f7fd fe81 	bl	10002aa8 <runtime_run_initializers>
10004da6:	4d07      	ldr	r5, [pc, #28]	@ (10004dc4 <runtime_init+0x24>)
10004da8:	4e07      	ldr	r6, [pc, #28]	@ (10004dc8 <runtime_init+0x28>)
10004daa:	42b5      	cmp	r5, r6
10004dac:	d209      	bcs.n	10004dc2 <runtime_init+0x22>
10004dae:	2400      	movs	r4, #0
10004db0:	3e01      	subs	r6, #1
10004db2:	1b76      	subs	r6, r6, r5
10004db4:	08b6      	lsrs	r6, r6, #2
10004db6:	3601      	adds	r6, #1
10004db8:	cd08      	ldmia	r5!, {r3}
10004dba:	3401      	adds	r4, #1
10004dbc:	4798      	blx	r3
10004dbe:	42b4      	cmp	r4, r6
10004dc0:	d1fa      	bne.n	10004db8 <runtime_init+0x18>
10004dc2:	bd70      	pop	{r4, r5, r6, pc}
10004dc4:	100075fc 	.word	0x100075fc
10004dc8:	10007600 	.word	0x10007600

10004dcc <stdio_out_chars_no_crlf>:
10004dcc:	0003      	movs	r3, r0
10004dce:	b510      	push	{r4, lr}
10004dd0:	0008      	movs	r0, r1
10004dd2:	0011      	movs	r1, r2
10004dd4:	681b      	ldr	r3, [r3, #0]
10004dd6:	4798      	blx	r3
10004dd8:	bd10      	pop	{r4, pc}
10004dda:	46c0      	nop			@ (mov r8, r8)

10004ddc <stdio_out_chars_crlf>:
10004ddc:	b5f8      	push	{r3, r4, r5, r6, r7, lr}
10004dde:	7d43      	ldrb	r3, [r0, #21]
10004de0:	0007      	movs	r7, r0
10004de2:	000d      	movs	r5, r1
10004de4:	0016      	movs	r6, r2
10004de6:	2b00      	cmp	r3, #0
10004de8:	d038      	beq.n	10004e5c <stdio_out_chars_crlf+0x80>
10004dea:	2a00      	cmp	r2, #0
10004dec:	dd1a      	ble.n	10004e24 <stdio_out_chars_crlf+0x48>
10004dee:	780b      	ldrb	r3, [r1, #0]
10004df0:	2b0a      	cmp	r3, #10
10004df2:	d018      	beq.n	10004e26 <stdio_out_chars_crlf+0x4a>
10004df4:	2000      	movs	r0, #0
10004df6:	2e01      	cmp	r6, #1
10004df8:	d009      	beq.n	10004e0e <stdio_out_chars_crlf+0x32>
10004dfa:	2401      	movs	r4, #1
10004dfc:	0021      	movs	r1, r4
10004dfe:	5c6b      	ldrb	r3, [r5, r1]
10004e00:	3401      	adds	r4, #1
10004e02:	2b0a      	cmp	r3, #10
10004e04:	d01a      	beq.n	10004e3c <stdio_out_chars_crlf+0x60>
10004e06:	42b4      	cmp	r4, r6
10004e08:	d1f8      	bne.n	10004dfc <stdio_out_chars_crlf+0x20>
10004e0a:	4286      	cmp	r6, r0
10004e0c:	dd03      	ble.n	10004e16 <stdio_out_chars_crlf+0x3a>
10004e0e:	1a31      	subs	r1, r6, r0
10004e10:	683b      	ldr	r3, [r7, #0]
10004e12:	1828      	adds	r0, r5, r0
10004e14:	4798      	blx	r3
10004e16:	19ad      	adds	r5, r5, r6
10004e18:	3d01      	subs	r5, #1
10004e1a:	782b      	ldrb	r3, [r5, #0]
10004e1c:	3b0d      	subs	r3, #13
10004e1e:	425a      	negs	r2, r3
10004e20:	4153      	adcs	r3, r2
10004e22:	753b      	strb	r3, [r7, #20]
10004e24:	bdf8      	pop	{r3, r4, r5, r6, r7, pc}
10004e26:	7d03      	ldrb	r3, [r0, #20]
10004e28:	2b00      	cmp	r3, #0
10004e2a:	d1e3      	bne.n	10004df4 <stdio_out_chars_crlf+0x18>
10004e2c:	2102      	movs	r1, #2
10004e2e:	480e      	ldr	r0, [pc, #56]	@ (10004e68 <stdio_out_chars_crlf+0x8c>)
10004e30:	683b      	ldr	r3, [r7, #0]
10004e32:	4798      	blx	r3
10004e34:	2e01      	cmp	r6, #1
10004e36:	d0ee      	beq.n	10004e16 <stdio_out_chars_crlf+0x3a>
10004e38:	2001      	movs	r0, #1
10004e3a:	e7de      	b.n	10004dfa <stdio_out_chars_crlf+0x1e>
10004e3c:	1e6b      	subs	r3, r5, #1
10004e3e:	5c5b      	ldrb	r3, [r3, r1]
10004e40:	2b0d      	cmp	r3, #13
10004e42:	d0e0      	beq.n	10004e06 <stdio_out_chars_crlf+0x2a>
10004e44:	4288      	cmp	r0, r1
10004e46:	da03      	bge.n	10004e50 <stdio_out_chars_crlf+0x74>
10004e48:	1a09      	subs	r1, r1, r0
10004e4a:	683b      	ldr	r3, [r7, #0]
10004e4c:	1828      	adds	r0, r5, r0
10004e4e:	4798      	blx	r3
10004e50:	4805      	ldr	r0, [pc, #20]	@ (10004e68 <stdio_out_chars_crlf+0x8c>)
10004e52:	2102      	movs	r1, #2
10004e54:	683b      	ldr	r3, [r7, #0]
10004e56:	4798      	blx	r3
10004e58:	0020      	movs	r0, r4
10004e5a:	e7d4      	b.n	10004e06 <stdio_out_chars_crlf+0x2a>
10004e5c:	6803      	ldr	r3, [r0, #0]
10004e5e:	0011      	movs	r1, r2
10004e60:	0028      	movs	r0, r5
10004e62:	4798      	blx	r3
10004e64:	e7de      	b.n	10004e24 <stdio_out_chars_crlf+0x48>
10004e66:	46c0      	nop			@ (mov r8, r8)
10004e68:	10007ad8 	.word	0x10007ad8

10004e6c <stdio_buffered_printer>:
10004e6c:	b5f8      	push	{r3, r4, r5, r6, r7, lr}
10004e6e:	680b      	ldr	r3, [r1, #0]
10004e70:	000d      	movs	r5, r1
10004e72:	1c5a      	adds	r2, r3, #1
10004e74:	18cb      	adds	r3, r1, r3
10004e76:	600a      	str	r2, [r1, #0]
10004e78:	7118      	strb	r0, [r3, #4]
10004e7a:	2a80      	cmp	r2, #128	@ 0x80
10004e7c:	d000      	beq.n	10004e80 <stdio_buffered_printer+0x14>
10004e7e:	bdf8      	pop	{r3, r4, r5, r6, r7, pc}
10004e80:	4b0e      	ldr	r3, [pc, #56]	@ (10004ebc <stdio_buffered_printer+0x50>)
10004e82:	681c      	ldr	r4, [r3, #0]
10004e84:	2c00      	cmp	r4, #0
10004e86:	d015      	beq.n	10004eb4 <stdio_buffered_printer+0x48>
10004e88:	4e0d      	ldr	r6, [pc, #52]	@ (10004ec0 <stdio_buffered_printer+0x54>)
10004e8a:	1d0f      	adds	r7, r1, #4
10004e8c:	e002      	b.n	10004e94 <stdio_buffered_printer+0x28>
10004e8e:	6924      	ldr	r4, [r4, #16]
10004e90:	2c00      	cmp	r4, #0
10004e92:	d00f      	beq.n	10004eb4 <stdio_buffered_printer+0x48>
10004e94:	6823      	ldr	r3, [r4, #0]
10004e96:	2b00      	cmp	r3, #0
10004e98:	d0f9      	beq.n	10004e8e <stdio_buffered_printer+0x22>
10004e9a:	6833      	ldr	r3, [r6, #0]
10004e9c:	2b00      	cmp	r3, #0
10004e9e:	d001      	beq.n	10004ea4 <stdio_buffered_printer+0x38>
10004ea0:	42a3      	cmp	r3, r4
10004ea2:	d1f4      	bne.n	10004e8e <stdio_buffered_printer+0x22>
10004ea4:	0020      	movs	r0, r4
10004ea6:	0039      	movs	r1, r7
10004ea8:	682a      	ldr	r2, [r5, #0]
10004eaa:	f7ff ff97 	bl	10004ddc <stdio_out_chars_crlf>
10004eae:	6924      	ldr	r4, [r4, #16]
10004eb0:	2c00      	cmp	r4, #0
10004eb2:	d1ef      	bne.n	10004e94 <stdio_buffered_printer+0x28>
10004eb4:	2300      	movs	r3, #0
10004eb6:	602b      	str	r3, [r5, #0]
10004eb8:	e7e1      	b.n	10004e7e <stdio_buffered_printer+0x12>
10004eba:	46c0      	nop			@ (mov r8, r8)
10004ebc:	2000172c 	.word	0x2000172c
10004ec0:	20001734 	.word	0x20001734

10004ec4 <stdio_put_string>:
10004ec4:	b5f0      	push	{r4, r5, r6, r7, lr}
10004ec6:	4646      	mov	r6, r8
10004ec8:	46d6      	mov	lr, sl
10004eca:	464f      	mov	r7, r9
10004ecc:	b5c0      	push	{r6, r7, lr}
10004ece:	b082      	sub	sp, #8
10004ed0:	4690      	mov	r8, r2
10004ed2:	001c      	movs	r4, r3
10004ed4:	0006      	movs	r6, r0
10004ed6:	000d      	movs	r5, r1
10004ed8:	f7fd fbd2 	bl	10002680 <time_us_64>
10004edc:	2300      	movs	r3, #0
10004ede:	4a2f      	ldr	r2, [pc, #188]	@ (10004f9c <stdio_put_string+0xd8>)
10004ee0:	1812      	adds	r2, r2, r0
10004ee2:	414b      	adcs	r3, r1
10004ee4:	2b00      	cmp	r3, #0
10004ee6:	da02      	bge.n	10004eee <stdio_put_string+0x2a>
10004ee8:	2201      	movs	r2, #1
10004eea:	4b2d      	ldr	r3, [pc, #180]	@ (10004fa0 <stdio_put_string+0xdc>)
10004eec:	4252      	negs	r2, r2
10004eee:	492d      	ldr	r1, [pc, #180]	@ (10004fa4 <stdio_put_string+0xe0>)
10004ef0:	0008      	movs	r0, r1
10004ef2:	468a      	mov	sl, r1
10004ef4:	f002 fb34 	bl	10007560 <__mutex_try_enter_block_until_veneer>
10004ef8:	4681      	mov	r9, r0
10004efa:	1c6b      	adds	r3, r5, #1
10004efc:	d103      	bne.n	10004f06 <stdio_put_string+0x42>
10004efe:	0030      	movs	r0, r6
10004f00:	f002 facc 	bl	1000749c <strlen>
10004f04:	0005      	movs	r5, r0
10004f06:	2c00      	cmp	r4, #0
10004f08:	d027      	beq.n	10004f5a <stdio_put_string+0x96>
10004f0a:	4f27      	ldr	r7, [pc, #156]	@ (10004fa8 <stdio_put_string+0xe4>)
10004f0c:	4b27      	ldr	r3, [pc, #156]	@ (10004fac <stdio_put_string+0xe8>)
10004f0e:	681c      	ldr	r4, [r3, #0]
10004f10:	2c00      	cmp	r4, #0
10004f12:	d018      	beq.n	10004f46 <stdio_put_string+0x82>
10004f14:	4643      	mov	r3, r8
10004f16:	2b00      	cmp	r3, #0
10004f18:	d121      	bne.n	10004f5e <stdio_put_string+0x9a>
10004f1a:	4b25      	ldr	r3, [pc, #148]	@ (10004fb0 <stdio_put_string+0xec>)
10004f1c:	4698      	mov	r8, r3
10004f1e:	e002      	b.n	10004f26 <stdio_put_string+0x62>
10004f20:	6924      	ldr	r4, [r4, #16]
10004f22:	2c00      	cmp	r4, #0
10004f24:	d00f      	beq.n	10004f46 <stdio_put_string+0x82>
10004f26:	6823      	ldr	r3, [r4, #0]
10004f28:	2b00      	cmp	r3, #0
10004f2a:	d0f9      	beq.n	10004f20 <stdio_put_string+0x5c>
10004f2c:	4643      	mov	r3, r8
10004f2e:	681b      	ldr	r3, [r3, #0]
10004f30:	2b00      	cmp	r3, #0
10004f32:	d001      	beq.n	10004f38 <stdio_put_string+0x74>
10004f34:	429c      	cmp	r4, r3
10004f36:	d1f3      	bne.n	10004f20 <stdio_put_string+0x5c>
10004f38:	0020      	movs	r0, r4
10004f3a:	002a      	movs	r2, r5
10004f3c:	0031      	movs	r1, r6
10004f3e:	47b8      	blx	r7
10004f40:	6924      	ldr	r4, [r4, #16]
10004f42:	2c00      	cmp	r4, #0
10004f44:	d1ef      	bne.n	10004f26 <stdio_put_string+0x62>
10004f46:	464b      	mov	r3, r9
10004f48:	2b00      	cmp	r3, #0
10004f4a:	d123      	bne.n	10004f94 <stdio_put_string+0xd0>
10004f4c:	0028      	movs	r0, r5
10004f4e:	b002      	add	sp, #8
10004f50:	bce0      	pop	{r5, r6, r7}
10004f52:	46ba      	mov	sl, r7
10004f54:	46b1      	mov	r9, r6
10004f56:	46a8      	mov	r8, r5
10004f58:	bdf0      	pop	{r4, r5, r6, r7, pc}
10004f5a:	4f16      	ldr	r7, [pc, #88]	@ (10004fb4 <stdio_put_string+0xf0>)
10004f5c:	e7d6      	b.n	10004f0c <stdio_put_string+0x48>
10004f5e:	4b14      	ldr	r3, [pc, #80]	@ (10004fb0 <stdio_put_string+0xec>)
10004f60:	4698      	mov	r8, r3
10004f62:	e002      	b.n	10004f6a <stdio_put_string+0xa6>
10004f64:	6924      	ldr	r4, [r4, #16]
10004f66:	2c00      	cmp	r4, #0
10004f68:	d0ed      	beq.n	10004f46 <stdio_put_string+0x82>
10004f6a:	6823      	ldr	r3, [r4, #0]
10004f6c:	2b00      	cmp	r3, #0
10004f6e:	d0f9      	beq.n	10004f64 <stdio_put_string+0xa0>
10004f70:	4643      	mov	r3, r8
10004f72:	681b      	ldr	r3, [r3, #0]
10004f74:	2b00      	cmp	r3, #0
10004f76:	d001      	beq.n	10004f7c <stdio_put_string+0xb8>
10004f78:	42a3      	cmp	r3, r4
10004f7a:	d1f3      	bne.n	10004f64 <stdio_put_string+0xa0>
10004f7c:	002a      	movs	r2, r5
10004f7e:	0031      	movs	r1, r6
10004f80:	0020      	movs	r0, r4
10004f82:	47b8      	blx	r7
10004f84:	466b      	mov	r3, sp
10004f86:	220a      	movs	r2, #10
10004f88:	0020      	movs	r0, r4
10004f8a:	71da      	strb	r2, [r3, #7]
10004f8c:	1dd9      	adds	r1, r3, #7
10004f8e:	3a09      	subs	r2, #9
10004f90:	47b8      	blx	r7
10004f92:	e7e7      	b.n	10004f64 <stdio_put_string+0xa0>
10004f94:	4650      	mov	r0, sl
10004f96:	f002 fab3 	bl	10007500 <__mutex_exit_veneer>
10004f9a:	e7d7      	b.n	10004f4c <stdio_put_string+0x88>
10004f9c:	000f4240 	.word	0x000f4240
10004fa0:	7fffffff 	.word	0x7fffffff
10004fa4:	20001068 	.word	0x20001068
10004fa8:	10004ddd 	.word	0x10004ddd
10004fac:	2000172c 	.word	0x2000172c
10004fb0:	20001734 	.word	0x20001734
10004fb4:	10004dcd 	.word	0x10004dcd

10004fb8 <stdio_set_driver_enabled>:
10004fb8:	4a0a      	ldr	r2, [pc, #40]	@ (10004fe4 <stdio_set_driver_enabled+0x2c>)
10004fba:	6813      	ldr	r3, [r2, #0]
10004fbc:	2b00      	cmp	r3, #0
10004fbe:	d105      	bne.n	10004fcc <stdio_set_driver_enabled+0x14>
10004fc0:	e00c      	b.n	10004fdc <stdio_set_driver_enabled+0x24>
10004fc2:	001a      	movs	r2, r3
10004fc4:	691b      	ldr	r3, [r3, #16]
10004fc6:	3210      	adds	r2, #16
10004fc8:	2b00      	cmp	r3, #0
10004fca:	d007      	beq.n	10004fdc <stdio_set_driver_enabled+0x24>
10004fcc:	4283      	cmp	r3, r0
10004fce:	d1f8      	bne.n	10004fc2 <stdio_set_driver_enabled+0xa>
10004fd0:	2900      	cmp	r1, #0
10004fd2:	d102      	bne.n	10004fda <stdio_set_driver_enabled+0x22>
10004fd4:	6918      	ldr	r0, [r3, #16]
10004fd6:	6010      	str	r0, [r2, #0]
10004fd8:	6119      	str	r1, [r3, #16]
10004fda:	4770      	bx	lr
10004fdc:	2900      	cmp	r1, #0
10004fde:	d0fc      	beq.n	10004fda <stdio_set_driver_enabled+0x22>
10004fe0:	6010      	str	r0, [r2, #0]
10004fe2:	e7fa      	b.n	10004fda <stdio_set_driver_enabled+0x22>
10004fe4:	2000172c 	.word	0x2000172c

10004fe8 <stdio_init_all>:
10004fe8:	b510      	push	{r4, lr}
10004fea:	f000 fa67 	bl	100054bc <stdio_usb_init>
10004fee:	bd10      	pop	{r4, pc}

10004ff0 <__wrap_putchar>:
10004ff0:	b5f0      	push	{r4, r5, r6, r7, lr}
10004ff2:	46ce      	mov	lr, r9
10004ff4:	4647      	mov	r7, r8
10004ff6:	b580      	push	{r7, lr}
10004ff8:	b083      	sub	sp, #12
10004ffa:	466b      	mov	r3, sp
10004ffc:	0006      	movs	r6, r0
10004ffe:	1ddd      	adds	r5, r3, #7
10005000:	7028      	strb	r0, [r5, #0]
10005002:	f7fd fb3d 	bl	10002680 <time_us_64>
10005006:	2300      	movs	r3, #0
10005008:	4a19      	ldr	r2, [pc, #100]	@ (10005070 <__wrap_putchar+0x80>)
1000500a:	1812      	adds	r2, r2, r0
1000500c:	414b      	adcs	r3, r1
1000500e:	2b00      	cmp	r3, #0
10005010:	da02      	bge.n	10005018 <__wrap_putchar+0x28>
10005012:	2201      	movs	r2, #1
10005014:	4b17      	ldr	r3, [pc, #92]	@ (10005074 <__wrap_putchar+0x84>)
10005016:	4252      	negs	r2, r2
10005018:	4917      	ldr	r1, [pc, #92]	@ (10005078 <__wrap_putchar+0x88>)
1000501a:	0008      	movs	r0, r1
1000501c:	4689      	mov	r9, r1
1000501e:	f002 fa9f 	bl	10007560 <__mutex_try_enter_block_until_veneer>
10005022:	4b16      	ldr	r3, [pc, #88]	@ (1000507c <__wrap_putchar+0x8c>)
10005024:	4680      	mov	r8, r0
10005026:	681c      	ldr	r4, [r3, #0]
10005028:	2c00      	cmp	r4, #0
1000502a:	d014      	beq.n	10005056 <__wrap_putchar+0x66>
1000502c:	4f14      	ldr	r7, [pc, #80]	@ (10005080 <__wrap_putchar+0x90>)
1000502e:	e002      	b.n	10005036 <__wrap_putchar+0x46>
10005030:	6924      	ldr	r4, [r4, #16]
10005032:	2c00      	cmp	r4, #0
10005034:	d00f      	beq.n	10005056 <__wrap_putchar+0x66>
10005036:	6823      	ldr	r3, [r4, #0]
10005038:	2b00      	cmp	r3, #0
1000503a:	d0f9      	beq.n	10005030 <__wrap_putchar+0x40>
1000503c:	683b      	ldr	r3, [r7, #0]
1000503e:	2b00      	cmp	r3, #0
10005040:	d001      	beq.n	10005046 <__wrap_putchar+0x56>
10005042:	429c      	cmp	r4, r3
10005044:	d1f4      	bne.n	10005030 <__wrap_putchar+0x40>
10005046:	0020      	movs	r0, r4
10005048:	2201      	movs	r2, #1
1000504a:	0029      	movs	r1, r5
1000504c:	f7ff fec6 	bl	10004ddc <stdio_out_chars_crlf>
10005050:	6924      	ldr	r4, [r4, #16]
10005052:	2c00      	cmp	r4, #0
10005054:	d1ef      	bne.n	10005036 <__wrap_putchar+0x46>
10005056:	4643      	mov	r3, r8
10005058:	2b00      	cmp	r3, #0
1000505a:	d105      	bne.n	10005068 <__wrap_putchar+0x78>
1000505c:	0030      	movs	r0, r6
1000505e:	b003      	add	sp, #12
10005060:	bcc0      	pop	{r6, r7}
10005062:	46b9      	mov	r9, r7
10005064:	46b0      	mov	r8, r6
10005066:	bdf0      	pop	{r4, r5, r6, r7, pc}
10005068:	4648      	mov	r0, r9
1000506a:	f002 fa49 	bl	10007500 <__mutex_exit_veneer>
1000506e:	e7f5      	b.n	1000505c <__wrap_putchar+0x6c>
10005070:	000f4240 	.word	0x000f4240
10005074:	7fffffff 	.word	0x7fffffff
10005078:	20001068 	.word	0x20001068
1000507c:	2000172c 	.word	0x2000172c
10005080:	20001734 	.word	0x20001734

10005084 <__wrap_puts>:
10005084:	b570      	push	{r4, r5, r6, lr}
10005086:	0004      	movs	r4, r0
10005088:	f002 fa08 	bl	1000749c <strlen>
1000508c:	2301      	movs	r3, #1
1000508e:	0001      	movs	r1, r0
10005090:	0005      	movs	r5, r0
10005092:	2201      	movs	r2, #1
10005094:	0020      	movs	r0, r4
10005096:	f7ff ff15 	bl	10004ec4 <stdio_put_string>
1000509a:	4b08      	ldr	r3, [pc, #32]	@ (100050bc <__wrap_puts+0x38>)
1000509c:	681c      	ldr	r4, [r3, #0]
1000509e:	2c00      	cmp	r4, #0
100050a0:	d006      	beq.n	100050b0 <__wrap_puts+0x2c>
100050a2:	6863      	ldr	r3, [r4, #4]
100050a4:	2b00      	cmp	r3, #0
100050a6:	d005      	beq.n	100050b4 <__wrap_puts+0x30>
100050a8:	4798      	blx	r3
100050aa:	6924      	ldr	r4, [r4, #16]
100050ac:	2c00      	cmp	r4, #0
100050ae:	d1f8      	bne.n	100050a2 <__wrap_puts+0x1e>
100050b0:	0028      	movs	r0, r5
100050b2:	bd70      	pop	{r4, r5, r6, pc}
100050b4:	6924      	ldr	r4, [r4, #16]
100050b6:	2c00      	cmp	r4, #0
100050b8:	d1f3      	bne.n	100050a2 <__wrap_puts+0x1e>
100050ba:	e7f9      	b.n	100050b0 <__wrap_puts+0x2c>
100050bc:	2000172c 	.word	0x2000172c

100050c0 <__wrap_vprintf>:
100050c0:	b5f0      	push	{r4, r5, r6, r7, lr}
100050c2:	46ce      	mov	lr, r9
100050c4:	4647      	mov	r7, r8
100050c6:	b580      	push	{r7, lr}
100050c8:	b0a3      	sub	sp, #140	@ 0x8c
100050ca:	0004      	movs	r4, r0
100050cc:	000e      	movs	r6, r1
100050ce:	f7fd fad7 	bl	10002680 <time_us_64>
100050d2:	2300      	movs	r3, #0
100050d4:	4a26      	ldr	r2, [pc, #152]	@ (10005170 <__wrap_vprintf+0xb0>)
100050d6:	1812      	adds	r2, r2, r0
100050d8:	414b      	adcs	r3, r1
100050da:	2b00      	cmp	r3, #0
100050dc:	da02      	bge.n	100050e4 <__wrap_vprintf+0x24>
100050de:	2201      	movs	r2, #1
100050e0:	4b24      	ldr	r3, [pc, #144]	@ (10005174 <__wrap_vprintf+0xb4>)
100050e2:	4252      	negs	r2, r2
100050e4:	4824      	ldr	r0, [pc, #144]	@ (10005178 <__wrap_vprintf+0xb8>)
100050e6:	f002 fa3b 	bl	10007560 <__mutex_try_enter_block_until_veneer>
100050ea:	2300      	movs	r3, #0
100050ec:	0022      	movs	r2, r4
100050ee:	9301      	str	r3, [sp, #4]
100050f0:	4680      	mov	r8, r0
100050f2:	0033      	movs	r3, r6
100050f4:	4821      	ldr	r0, [pc, #132]	@ (1000517c <__wrap_vprintf+0xbc>)
100050f6:	a901      	add	r1, sp, #4
100050f8:	f7ff fe22 	bl	10004d40 <vfctprintf>
100050fc:	4f20      	ldr	r7, [pc, #128]	@ (10005180 <__wrap_vprintf+0xc0>)
100050fe:	9b01      	ldr	r3, [sp, #4]
10005100:	4681      	mov	r9, r0
10005102:	683c      	ldr	r4, [r7, #0]
10005104:	2b00      	cmp	r3, #0
10005106:	d019      	beq.n	1000513c <__wrap_vprintf+0x7c>
10005108:	2c00      	cmp	r4, #0
1000510a:	d02f      	beq.n	1000516c <__wrap_vprintf+0xac>
1000510c:	4e1d      	ldr	r6, [pc, #116]	@ (10005184 <__wrap_vprintf+0xc4>)
1000510e:	e002      	b.n	10005116 <__wrap_vprintf+0x56>
10005110:	6924      	ldr	r4, [r4, #16]
10005112:	2c00      	cmp	r4, #0
10005114:	d00f      	beq.n	10005136 <__wrap_vprintf+0x76>
10005116:	6823      	ldr	r3, [r4, #0]
10005118:	2b00      	cmp	r3, #0
1000511a:	d0f9      	beq.n	10005110 <__wrap_vprintf+0x50>
1000511c:	6833      	ldr	r3, [r6, #0]
1000511e:	2b00      	cmp	r3, #0
10005120:	d001      	beq.n	10005126 <__wrap_vprintf+0x66>
10005122:	42a3      	cmp	r3, r4
10005124:	d1f4      	bne.n	10005110 <__wrap_vprintf+0x50>
10005126:	0020      	movs	r0, r4
10005128:	9a01      	ldr	r2, [sp, #4]
1000512a:	a902      	add	r1, sp, #8
1000512c:	f7ff fe56 	bl	10004ddc <stdio_out_chars_crlf>
10005130:	6924      	ldr	r4, [r4, #16]
10005132:	2c00      	cmp	r4, #0
10005134:	d1ef      	bne.n	10005116 <__wrap_vprintf+0x56>
10005136:	2300      	movs	r3, #0
10005138:	683c      	ldr	r4, [r7, #0]
1000513a:	9301      	str	r3, [sp, #4]
1000513c:	2c00      	cmp	r4, #0
1000513e:	d006      	beq.n	1000514e <__wrap_vprintf+0x8e>
10005140:	6863      	ldr	r3, [r4, #4]
10005142:	2b00      	cmp	r3, #0
10005144:	d00c      	beq.n	10005160 <__wrap_vprintf+0xa0>
10005146:	4798      	blx	r3
10005148:	6924      	ldr	r4, [r4, #16]
1000514a:	2c00      	cmp	r4, #0
1000514c:	d1f8      	bne.n	10005140 <__wrap_vprintf+0x80>
1000514e:	4643      	mov	r3, r8
10005150:	2b00      	cmp	r3, #0
10005152:	d107      	bne.n	10005164 <__wrap_vprintf+0xa4>
10005154:	4648      	mov	r0, r9
10005156:	b023      	add	sp, #140	@ 0x8c
10005158:	bcc0      	pop	{r6, r7}
1000515a:	46b9      	mov	r9, r7
1000515c:	46b0      	mov	r8, r6
1000515e:	bdf0      	pop	{r4, r5, r6, r7, pc}
10005160:	6924      	ldr	r4, [r4, #16]
10005162:	e7eb      	b.n	1000513c <__wrap_vprintf+0x7c>
10005164:	4804      	ldr	r0, [pc, #16]	@ (10005178 <__wrap_vprintf+0xb8>)
10005166:	f002 f9cb 	bl	10007500 <__mutex_exit_veneer>
1000516a:	e7f3      	b.n	10005154 <__wrap_vprintf+0x94>
1000516c:	9401      	str	r4, [sp, #4]
1000516e:	e7ee      	b.n	1000514e <__wrap_vprintf+0x8e>
10005170:	000f4240 	.word	0x000f4240
10005174:	7fffffff 	.word	0x7fffffff
10005178:	20001068 	.word	0x20001068
1000517c:	10004e6d 	.word	0x10004e6d
10005180:	2000172c 	.word	0x2000172c
10005184:	20001734 	.word	0x20001734

10005188 <__wrap_printf>:
10005188:	b40f      	push	{r0, r1, r2, r3}
1000518a:	b500      	push	{lr}
1000518c:	b083      	sub	sp, #12
1000518e:	a904      	add	r1, sp, #16
10005190:	c901      	ldmia	r1!, {r0}
10005192:	9101      	str	r1, [sp, #4]
10005194:	f7ff ff94 	bl	100050c0 <__wrap_vprintf>
10005198:	b003      	add	sp, #12
1000519a:	bc08      	pop	{r3}
1000519c:	b004      	add	sp, #16
1000519e:	4718      	bx	r3

100051a0 <stdio_usb_set_chars_available_callback>:
100051a0:	4b02      	ldr	r3, [pc, #8]	@ (100051ac <stdio_usb_set_chars_available_callback+0xc>)
100051a2:	6018      	str	r0, [r3, #0]
100051a4:	4b02      	ldr	r3, [pc, #8]	@ (100051b0 <stdio_usb_set_chars_available_callback+0x10>)
100051a6:	6019      	str	r1, [r3, #0]
100051a8:	4770      	bx	lr
100051aa:	46c0      	nop			@ (mov r8, r8)
100051ac:	200016cc 	.word	0x200016cc
100051b0:	200016d0 	.word	0x200016d0

100051b4 <usb_irq>:
100051b4:	b510      	push	{r4, lr}
100051b6:	4b02      	ldr	r3, [pc, #8]	@ (100051c0 <usb_irq+0xc>)
100051b8:	7818      	ldrb	r0, [r3, #0]
100051ba:	f7fc fb8b 	bl	100018d4 <irq_set_pending>
100051be:	bd10      	pop	{r4, pc}
100051c0:	20001c9e 	.word	0x20001c9e

100051c4 <timer_task>:
100051c4:	4b15      	ldr	r3, [pc, #84]	@ (1000521c <timer_task+0x58>)
100051c6:	b570      	push	{r4, r5, r6, lr}
100051c8:	681a      	ldr	r2, [r3, #0]
100051ca:	2a00      	cmp	r2, #0
100051cc:	d022      	beq.n	10005214 <timer_task+0x50>
100051ce:	f3ef 8110 	mrs	r1, PRIMASK
100051d2:	b672      	cpsid	i
100051d4:	6810      	ldr	r0, [r2, #0]
100051d6:	2800      	cmp	r0, #0
100051d8:	d0fc      	beq.n	100051d4 <timer_task+0x10>
100051da:	f3bf 8f5f 	dmb	sy
100051de:	2000      	movs	r0, #0
100051e0:	4a0f      	ldr	r2, [pc, #60]	@ (10005220 <timer_task+0x5c>)
100051e2:	6059      	str	r1, [r3, #4]
100051e4:	7010      	strb	r0, [r2, #0]
100051e6:	681b      	ldr	r3, [r3, #0]
100051e8:	f3bf 8f5f 	dmb	sy
100051ec:	6018      	str	r0, [r3, #0]
100051ee:	f381 8810 	msr	PRIMASK, r1
100051f2:	2400      	movs	r4, #0
100051f4:	2500      	movs	r5, #0
100051f6:	4e0b      	ldr	r6, [pc, #44]	@ (10005224 <timer_task+0x60>)
100051f8:	7830      	ldrb	r0, [r6, #0]
100051fa:	f7fc fb5f 	bl	100018bc <irq_is_enabled>
100051fe:	2800      	cmp	r0, #0
10005200:	d104      	bne.n	1000520c <timer_task+0x48>
10005202:	2400      	movs	r4, #0
10005204:	2500      	movs	r5, #0
10005206:	0029      	movs	r1, r5
10005208:	0020      	movs	r0, r4
1000520a:	bd70      	pop	{r4, r5, r6, pc}
1000520c:	7830      	ldrb	r0, [r6, #0]
1000520e:	f7fc fb61 	bl	100018d4 <irq_set_pending>
10005212:	e7f8      	b.n	10005206 <timer_task+0x42>
10005214:	24fa      	movs	r4, #250	@ 0xfa
10005216:	2500      	movs	r5, #0
10005218:	00a4      	lsls	r4, r4, #2
1000521a:	e7ec      	b.n	100051f6 <timer_task+0x32>
1000521c:	20001b44 	.word	0x20001b44
10005220:	20001c9f 	.word	0x20001c9f
10005224:	20001c9e 	.word	0x20001c9e

10005228 <stdio_usb_in_chars>:
10005228:	b570      	push	{r4, r5, r6, lr}
1000522a:	0005      	movs	r5, r0
1000522c:	2000      	movs	r0, #0
1000522e:	000e      	movs	r6, r1
10005230:	f001 fb78 	bl	10006924 <tud_cdc_n_connected>
10005234:	2800      	cmp	r0, #0
10005236:	d034      	beq.n	100052a2 <stdio_usb_in_chars+0x7a>
10005238:	2000      	movs	r0, #0
1000523a:	f001 fb89 	bl	10006950 <tud_cdc_n_available>
1000523e:	2800      	cmp	r0, #0
10005240:	d02f      	beq.n	100052a2 <stdio_usb_in_chars+0x7a>
10005242:	f7fd fa1d 	bl	10002680 <time_us_64>
10005246:	2300      	movs	r3, #0
10005248:	4a17      	ldr	r2, [pc, #92]	@ (100052a8 <stdio_usb_in_chars+0x80>)
1000524a:	1812      	adds	r2, r2, r0
1000524c:	414b      	adcs	r3, r1
1000524e:	2b00      	cmp	r3, #0
10005250:	db16      	blt.n	10005280 <stdio_usb_in_chars+0x58>
10005252:	4c16      	ldr	r4, [pc, #88]	@ (100052ac <stdio_usb_in_chars+0x84>)
10005254:	0020      	movs	r0, r4
10005256:	f002 f983 	bl	10007560 <__mutex_try_enter_block_until_veneer>
1000525a:	2800      	cmp	r0, #0
1000525c:	d021      	beq.n	100052a2 <stdio_usb_in_chars+0x7a>
1000525e:	2000      	movs	r0, #0
10005260:	f001 fb60 	bl	10006924 <tud_cdc_n_connected>
10005264:	2800      	cmp	r0, #0
10005266:	d10f      	bne.n	10005288 <stdio_usb_in_chars+0x60>
10005268:	2001      	movs	r0, #1
1000526a:	2100      	movs	r1, #0
1000526c:	4240      	negs	r0, r0
1000526e:	f000 fd89 	bl	10005d84 <tud_task_ext>
10005272:	2503      	movs	r5, #3
10005274:	426d      	negs	r5, r5
10005276:	0020      	movs	r0, r4
10005278:	f002 f942 	bl	10007500 <__mutex_exit_veneer>
1000527c:	0028      	movs	r0, r5
1000527e:	bd70      	pop	{r4, r5, r6, pc}
10005280:	2201      	movs	r2, #1
10005282:	4b0b      	ldr	r3, [pc, #44]	@ (100052b0 <stdio_usb_in_chars+0x88>)
10005284:	4252      	negs	r2, r2
10005286:	e7e4      	b.n	10005252 <stdio_usb_in_chars+0x2a>
10005288:	2000      	movs	r0, #0
1000528a:	f001 fb61 	bl	10006950 <tud_cdc_n_available>
1000528e:	2800      	cmp	r0, #0
10005290:	d0ea      	beq.n	10005268 <stdio_usb_in_chars+0x40>
10005292:	0029      	movs	r1, r5
10005294:	0032      	movs	r2, r6
10005296:	2000      	movs	r0, #0
10005298:	f001 fb64 	bl	10006964 <tud_cdc_n_read>
1000529c:	1e05      	subs	r5, r0, #0
1000529e:	d1ea      	bne.n	10005276 <stdio_usb_in_chars+0x4e>
100052a0:	e7e7      	b.n	10005272 <stdio_usb_in_chars+0x4a>
100052a2:	2503      	movs	r5, #3
100052a4:	426d      	negs	r5, r5
100052a6:	e7e9      	b.n	1000527c <stdio_usb_in_chars+0x54>
100052a8:	000f4240 	.word	0x000f4240
100052ac:	20001c7c 	.word	0x20001c7c
100052b0:	7fffffff 	.word	0x7fffffff

100052b4 <stdio_usb_out_flush>:
100052b4:	b510      	push	{r4, lr}
100052b6:	f7fd f9e3 	bl	10002680 <time_us_64>
100052ba:	2300      	movs	r3, #0
100052bc:	4a0d      	ldr	r2, [pc, #52]	@ (100052f4 <stdio_usb_out_flush+0x40>)
100052be:	1812      	adds	r2, r2, r0
100052c0:	414b      	adcs	r3, r1
100052c2:	2b00      	cmp	r3, #0
100052c4:	da02      	bge.n	100052cc <stdio_usb_out_flush+0x18>
100052c6:	2201      	movs	r2, #1
100052c8:	4b0b      	ldr	r3, [pc, #44]	@ (100052f8 <stdio_usb_out_flush+0x44>)
100052ca:	4252      	negs	r2, r2
100052cc:	480b      	ldr	r0, [pc, #44]	@ (100052fc <stdio_usb_out_flush+0x48>)
100052ce:	f002 f947 	bl	10007560 <__mutex_try_enter_block_until_veneer>
100052d2:	2800      	cmp	r0, #0
100052d4:	d00c      	beq.n	100052f0 <stdio_usb_out_flush+0x3c>
100052d6:	2001      	movs	r0, #1
100052d8:	2100      	movs	r1, #0
100052da:	4240      	negs	r0, r0
100052dc:	f000 fd52 	bl	10005d84 <tud_task_ext>
100052e0:	2000      	movs	r0, #0
100052e2:	f001 fb83 	bl	100069ec <tud_cdc_n_write_flush>
100052e6:	2800      	cmp	r0, #0
100052e8:	d1f5      	bne.n	100052d6 <stdio_usb_out_flush+0x22>
100052ea:	4804      	ldr	r0, [pc, #16]	@ (100052fc <stdio_usb_out_flush+0x48>)
100052ec:	f002 f908 	bl	10007500 <__mutex_exit_veneer>
100052f0:	bd10      	pop	{r4, pc}
100052f2:	46c0      	nop			@ (mov r8, r8)
100052f4:	000f4240 	.word	0x000f4240
100052f8:	7fffffff 	.word	0x7fffffff
100052fc:	20001c7c 	.word	0x20001c7c

10005300 <stdio_usb_out_chars>:
10005300:	b5f8      	push	{r3, r4, r5, r6, r7, lr}
10005302:	46ce      	mov	lr, r9
10005304:	4647      	mov	r7, r8
10005306:	b580      	push	{r7, lr}
10005308:	0005      	movs	r5, r0
1000530a:	000c      	movs	r4, r1
1000530c:	f7fd f9b8 	bl	10002680 <time_us_64>
10005310:	2300      	movs	r3, #0
10005312:	4a34      	ldr	r2, [pc, #208]	@ (100053e4 <stdio_usb_out_chars+0xe4>)
10005314:	1812      	adds	r2, r2, r0
10005316:	414b      	adcs	r3, r1
10005318:	2b00      	cmp	r3, #0
1000531a:	da02      	bge.n	10005322 <stdio_usb_out_chars+0x22>
1000531c:	2201      	movs	r2, #1
1000531e:	4b32      	ldr	r3, [pc, #200]	@ (100053e8 <stdio_usb_out_chars+0xe8>)
10005320:	4252      	negs	r2, r2
10005322:	4932      	ldr	r1, [pc, #200]	@ (100053ec <stdio_usb_out_chars+0xec>)
10005324:	0008      	movs	r0, r1
10005326:	4688      	mov	r8, r1
10005328:	f002 f91a 	bl	10007560 <__mutex_try_enter_block_until_veneer>
1000532c:	2800      	cmp	r0, #0
1000532e:	d103      	bne.n	10005338 <stdio_usb_out_chars+0x38>
10005330:	bcc0      	pop	{r6, r7}
10005332:	46b9      	mov	r9, r7
10005334:	46b0      	mov	r8, r6
10005336:	bdf8      	pop	{r3, r4, r5, r6, r7, pc}
10005338:	2000      	movs	r0, #0
1000533a:	f001 faf3 	bl	10006924 <tud_cdc_n_connected>
1000533e:	2800      	cmp	r0, #0
10005340:	d048      	beq.n	100053d4 <stdio_usb_out_chars+0xd4>
10005342:	2600      	movs	r6, #0
10005344:	2c00      	cmp	r4, #0
10005346:	dd41      	ble.n	100053cc <stdio_usb_out_chars+0xcc>
10005348:	4b29      	ldr	r3, [pc, #164]	@ (100053f0 <stdio_usb_out_chars+0xf0>)
1000534a:	4699      	mov	r9, r3
1000534c:	e013      	b.n	10005376 <stdio_usb_out_chars+0x76>
1000534e:	19a9      	adds	r1, r5, r6
10005350:	2000      	movs	r0, #0
10005352:	f001 fb87 	bl	10006a64 <tud_cdc_n_write>
10005356:	0007      	movs	r7, r0
10005358:	2001      	movs	r0, #1
1000535a:	2100      	movs	r1, #0
1000535c:	4240      	negs	r0, r0
1000535e:	f000 fd11 	bl	10005d84 <tud_task_ext>
10005362:	2000      	movs	r0, #0
10005364:	f001 fb42 	bl	100069ec <tud_cdc_n_write_flush>
10005368:	f7fd f98a 	bl	10002680 <time_us_64>
1000536c:	4b20      	ldr	r3, [pc, #128]	@ (100053f0 <stdio_usb_out_chars+0xf0>)
1000536e:	19f6      	adds	r6, r6, r7
10005370:	c303      	stmia	r3!, {r0, r1}
10005372:	42b4      	cmp	r4, r6
10005374:	dd2a      	ble.n	100053cc <stdio_usb_out_chars+0xcc>
10005376:	2000      	movs	r0, #0
10005378:	f001 fb94 	bl	10006aa4 <tud_cdc_n_write_available>
1000537c:	1ba7      	subs	r7, r4, r6
1000537e:	0002      	movs	r2, r0
10005380:	42b8      	cmp	r0, r7
10005382:	dd00      	ble.n	10005386 <stdio_usb_out_chars+0x86>
10005384:	003a      	movs	r2, r7
10005386:	2a00      	cmp	r2, #0
10005388:	d1e1      	bne.n	1000534e <stdio_usb_out_chars+0x4e>
1000538a:	2001      	movs	r0, #1
1000538c:	2100      	movs	r1, #0
1000538e:	4240      	negs	r0, r0
10005390:	f000 fcf8 	bl	10005d84 <tud_task_ext>
10005394:	2000      	movs	r0, #0
10005396:	f001 fb29 	bl	100069ec <tud_cdc_n_write_flush>
1000539a:	2000      	movs	r0, #0
1000539c:	f001 fac2 	bl	10006924 <tud_cdc_n_connected>
100053a0:	2800      	cmp	r0, #0
100053a2:	d013      	beq.n	100053cc <stdio_usb_out_chars+0xcc>
100053a4:	2000      	movs	r0, #0
100053a6:	f001 fb7d 	bl	10006aa4 <tud_cdc_n_write_available>
100053aa:	2800      	cmp	r0, #0
100053ac:	d1e1      	bne.n	10005372 <stdio_usb_out_chars+0x72>
100053ae:	f7fd f967 	bl	10002680 <time_us_64>
100053b2:	464b      	mov	r3, r9
100053b4:	000f      	movs	r7, r1
100053b6:	cb0c      	ldmia	r3, {r2, r3}
100053b8:	2100      	movs	r1, #0
100053ba:	4684      	mov	ip, r0
100053bc:	480d      	ldr	r0, [pc, #52]	@ (100053f4 <stdio_usb_out_chars+0xf4>)
100053be:	1812      	adds	r2, r2, r0
100053c0:	414b      	adcs	r3, r1
100053c2:	429f      	cmp	r7, r3
100053c4:	d802      	bhi.n	100053cc <stdio_usb_out_chars+0xcc>
100053c6:	d1d4      	bne.n	10005372 <stdio_usb_out_chars+0x72>
100053c8:	4594      	cmp	ip, r2
100053ca:	d9d2      	bls.n	10005372 <stdio_usb_out_chars+0x72>
100053cc:	4640      	mov	r0, r8
100053ce:	f002 f897 	bl	10007500 <__mutex_exit_veneer>
100053d2:	e7ad      	b.n	10005330 <stdio_usb_out_chars+0x30>
100053d4:	2000      	movs	r0, #0
100053d6:	2100      	movs	r1, #0
100053d8:	4b05      	ldr	r3, [pc, #20]	@ (100053f0 <stdio_usb_out_chars+0xf0>)
100053da:	c303      	stmia	r3!, {r0, r1}
100053dc:	4640      	mov	r0, r8
100053de:	f002 f88f 	bl	10007500 <__mutex_exit_veneer>
100053e2:	e7a5      	b.n	10005330 <stdio_usb_out_chars+0x30>
100053e4:	000f4240 	.word	0x000f4240
100053e8:	7fffffff 	.word	0x7fffffff
100053ec:	20001c7c 	.word	0x20001c7c
100053f0:	200012b8 	.word	0x200012b8
100053f4:	0007a120 	.word	0x0007a120

100053f8 <low_priority_worker_irq>:
100053f8:	b530      	push	{r4, r5, lr}
100053fa:	2100      	movs	r1, #0
100053fc:	b085      	sub	sp, #20
100053fe:	4828      	ldr	r0, [pc, #160]	@ (100054a0 <low_priority_worker_irq+0xa8>)
10005400:	f002 f88e 	bl	10007520 <__mutex_try_enter_veneer>
10005404:	2800      	cmp	r0, #0
10005406:	d11c      	bne.n	10005442 <low_priority_worker_irq+0x4a>
10005408:	4b26      	ldr	r3, [pc, #152]	@ (100054a4 <low_priority_worker_irq+0xac>)
1000540a:	681a      	ldr	r2, [r3, #0]
1000540c:	2a00      	cmp	r2, #0
1000540e:	d016      	beq.n	1000543e <low_priority_worker_irq+0x46>
10005410:	f3ef 8110 	mrs	r1, PRIMASK
10005414:	b672      	cpsid	i
10005416:	6810      	ldr	r0, [r2, #0]
10005418:	2800      	cmp	r0, #0
1000541a:	d0fc      	beq.n	10005416 <low_priority_worker_irq+0x1e>
1000541c:	f3bf 8f5f 	dmb	sy
10005420:	2401      	movs	r4, #1
10005422:	4821      	ldr	r0, [pc, #132]	@ (100054a8 <low_priority_worker_irq+0xb0>)
10005424:	6059      	str	r1, [r3, #4]
10005426:	7802      	ldrb	r2, [r0, #0]
10005428:	681b      	ldr	r3, [r3, #0]
1000542a:	b2d2      	uxtb	r2, r2
1000542c:	7004      	strb	r4, [r0, #0]
1000542e:	f3bf 8f5f 	dmb	sy
10005432:	2000      	movs	r0, #0
10005434:	6018      	str	r0, [r3, #0]
10005436:	f381 8810 	msr	PRIMASK, r1
1000543a:	2a00      	cmp	r2, #0
1000543c:	d017      	beq.n	1000546e <low_priority_worker_irq+0x76>
1000543e:	b005      	add	sp, #20
10005440:	bd30      	pop	{r4, r5, pc}
10005442:	2001      	movs	r0, #1
10005444:	2100      	movs	r1, #0
10005446:	4240      	negs	r0, r0
10005448:	f000 fc9c 	bl	10005d84 <tud_task_ext>
1000544c:	2000      	movs	r0, #0
1000544e:	f001 fa7f 	bl	10006950 <tud_cdc_n_available>
10005452:	0005      	movs	r5, r0
10005454:	4812      	ldr	r0, [pc, #72]	@ (100054a0 <low_priority_worker_irq+0xa8>)
10005456:	f002 f853 	bl	10007500 <__mutex_exit_veneer>
1000545a:	2d00      	cmp	r5, #0
1000545c:	d0ef      	beq.n	1000543e <low_priority_worker_irq+0x46>
1000545e:	4b13      	ldr	r3, [pc, #76]	@ (100054ac <low_priority_worker_irq+0xb4>)
10005460:	681b      	ldr	r3, [r3, #0]
10005462:	2b00      	cmp	r3, #0
10005464:	d0eb      	beq.n	1000543e <low_priority_worker_irq+0x46>
10005466:	4a12      	ldr	r2, [pc, #72]	@ (100054b0 <low_priority_worker_irq+0xb8>)
10005468:	6810      	ldr	r0, [r2, #0]
1000546a:	4798      	blx	r3
1000546c:	e7e7      	b.n	1000543e <low_priority_worker_irq+0x46>
1000546e:	f7fc fefd 	bl	1000226c <alarm_pool_get_default>
10005472:	0004      	movs	r4, r0
10005474:	f7fd f904 	bl	10002680 <time_us_64>
10005478:	22fa      	movs	r2, #250	@ 0xfa
1000547a:	2300      	movs	r3, #0
1000547c:	0092      	lsls	r2, r2, #2
1000547e:	1812      	adds	r2, r2, r0
10005480:	414b      	adcs	r3, r1
10005482:	2b00      	cmp	r3, #0
10005484:	da02      	bge.n	1000548c <low_priority_worker_irq+0x94>
10005486:	2201      	movs	r2, #1
10005488:	4b0a      	ldr	r3, [pc, #40]	@ (100054b4 <low_priority_worker_irq+0xbc>)
1000548a:	4252      	negs	r2, r2
1000548c:	2101      	movs	r1, #1
1000548e:	9102      	str	r1, [sp, #8]
10005490:	2100      	movs	r1, #0
10005492:	9101      	str	r1, [sp, #4]
10005494:	4908      	ldr	r1, [pc, #32]	@ (100054b8 <low_priority_worker_irq+0xc0>)
10005496:	0020      	movs	r0, r4
10005498:	9100      	str	r1, [sp, #0]
1000549a:	f7fc feeb 	bl	10002274 <alarm_pool_add_alarm_at>
1000549e:	e7ce      	b.n	1000543e <low_priority_worker_irq+0x46>
100054a0:	20001c7c 	.word	0x20001c7c
100054a4:	20001b44 	.word	0x20001b44
100054a8:	20001c9f 	.word	0x20001c9f
100054ac:	200016cc 	.word	0x200016cc
100054b0:	200016d0 	.word	0x200016d0
100054b4:	7fffffff 	.word	0x7fffffff
100054b8:	100051c5 	.word	0x100051c5

100054bc <stdio_usb_init>:
100054bc:	23d0      	movs	r3, #208	@ 0xd0
100054be:	b510      	push	{r4, lr}
100054c0:	061b      	lsls	r3, r3, #24
100054c2:	b084      	sub	sp, #16
100054c4:	681c      	ldr	r4, [r3, #0]
100054c6:	f7fc fed1 	bl	1000226c <alarm_pool_get_default>
100054ca:	f7fc ffd1 	bl	10002470 <alarm_pool_core_num>
100054ce:	42a0      	cmp	r0, r4
100054d0:	d002      	beq.n	100054d8 <stdio_usb_init+0x1c>
100054d2:	2000      	movs	r0, #0
100054d4:	b004      	add	sp, #16
100054d6:	bd10      	pop	{r4, pc}
100054d8:	4b28      	ldr	r3, [pc, #160]	@ (1000557c <stdio_usb_init+0xc0>)
100054da:	2100      	movs	r1, #0
100054dc:	2000      	movs	r0, #0
100054de:	781b      	ldrb	r3, [r3, #0]
100054e0:	f001 fca6 	bl	10006e30 <tusb_rhport_init>
100054e4:	4826      	ldr	r0, [pc, #152]	@ (10005580 <stdio_usb_init+0xc4>)
100054e6:	6803      	ldr	r3, [r0, #0]
100054e8:	2b00      	cmp	r3, #0
100054ea:	d044      	beq.n	10005576 <stdio_usb_init+0xba>
100054ec:	2001      	movs	r0, #1
100054ee:	f7fc fc55 	bl	10001d9c <user_irq_claim_unused>
100054f2:	23ff      	movs	r3, #255	@ 0xff
100054f4:	4c23      	ldr	r4, [pc, #140]	@ (10005584 <stdio_usb_init+0xc8>)
100054f6:	4924      	ldr	r1, [pc, #144]	@ (10005588 <stdio_usb_init+0xcc>)
100054f8:	7020      	strb	r0, [r4, #0]
100054fa:	4018      	ands	r0, r3
100054fc:	f7fc fa04 	bl	10001908 <irq_set_exclusive_handler>
10005500:	7820      	ldrb	r0, [r4, #0]
10005502:	2101      	movs	r1, #1
10005504:	f7fc f9c8 	bl	10001898 <irq_set_enabled>
10005508:	2005      	movs	r0, #5
1000550a:	f7fc f9ed 	bl	100018e8 <irq_has_shared_handler>
1000550e:	2800      	cmp	r0, #0
10005510:	d124      	bne.n	1000555c <stdio_usb_init+0xa0>
10005512:	2208      	movs	r2, #8
10005514:	2100      	movs	r1, #0
10005516:	481d      	ldr	r0, [pc, #116]	@ (1000558c <stdio_usb_init+0xd0>)
10005518:	f7fe f86e 	bl	100035f8 <__wrap_memset>
1000551c:	f7fc fea6 	bl	1000226c <alarm_pool_get_default>
10005520:	0004      	movs	r4, r0
10005522:	f7fd f8ad 	bl	10002680 <time_us_64>
10005526:	22fa      	movs	r2, #250	@ 0xfa
10005528:	2300      	movs	r3, #0
1000552a:	0092      	lsls	r2, r2, #2
1000552c:	1812      	adds	r2, r2, r0
1000552e:	414b      	adcs	r3, r1
10005530:	2b00      	cmp	r3, #0
10005532:	da02      	bge.n	1000553a <stdio_usb_init+0x7e>
10005534:	2201      	movs	r2, #1
10005536:	4b16      	ldr	r3, [pc, #88]	@ (10005590 <stdio_usb_init+0xd4>)
10005538:	4252      	negs	r2, r2
1000553a:	2101      	movs	r1, #1
1000553c:	9102      	str	r1, [sp, #8]
1000553e:	2100      	movs	r1, #0
10005540:	9101      	str	r1, [sp, #4]
10005542:	4914      	ldr	r1, [pc, #80]	@ (10005594 <stdio_usb_init+0xd8>)
10005544:	0020      	movs	r0, r4
10005546:	9100      	str	r1, [sp, #0]
10005548:	f7fc fe94 	bl	10002274 <alarm_pool_add_alarm_at>
1000554c:	2800      	cmp	r0, #0
1000554e:	dbc0      	blt.n	100054d2 <stdio_usb_init+0x16>
10005550:	4811      	ldr	r0, [pc, #68]	@ (10005598 <stdio_usb_init+0xdc>)
10005552:	2101      	movs	r1, #1
10005554:	f7ff fd30 	bl	10004fb8 <stdio_set_driver_enabled>
10005558:	2001      	movs	r0, #1
1000555a:	e7bb      	b.n	100054d4 <stdio_usb_init+0x18>
1000555c:	2001      	movs	r0, #1
1000555e:	f7fc f959 	bl	10001814 <spin_lock_claim_unused>
10005562:	0001      	movs	r1, r0
10005564:	4809      	ldr	r0, [pc, #36]	@ (1000558c <stdio_usb_init+0xd0>)
10005566:	f7fc fc79 	bl	10001e5c <critical_section_init_with_lock_num>
1000556a:	2200      	movs	r2, #0
1000556c:	2005      	movs	r0, #5
1000556e:	490b      	ldr	r1, [pc, #44]	@ (1000559c <stdio_usb_init+0xe0>)
10005570:	f7fc f9f4 	bl	1000195c <irq_add_shared_handler>
10005574:	e7ec      	b.n	10005550 <stdio_usb_init+0x94>
10005576:	f7fc fc55 	bl	10001e24 <mutex_init>
1000557a:	e7b7      	b.n	100054ec <stdio_usb_init+0x30>
1000557c:	10007d38 	.word	0x10007d38
10005580:	20001c7c 	.word	0x20001c7c
10005584:	20001c9e 	.word	0x20001c9e
10005588:	100053f9 	.word	0x100053f9
1000558c:	20001b44 	.word	0x20001b44
10005590:	7fffffff 	.word	0x7fffffff
10005594:	100051c5 	.word	0x100051c5
10005598:	20001030 	.word	0x20001030
1000559c:	100051b5 	.word	0x100051b5

100055a0 <tud_descriptor_device_cb>:
100055a0:	4800      	ldr	r0, [pc, #0]	@ (100055a4 <tud_descriptor_device_cb+0x4>)
100055a2:	4770      	bx	lr
100055a4:	10007b54 	.word	0x10007b54

100055a8 <tud_descriptor_configuration_cb>:
100055a8:	4800      	ldr	r0, [pc, #0]	@ (100055ac <tud_descriptor_configuration_cb+0x4>)
100055aa:	4770      	bx	lr
100055ac:	10007b00 	.word	0x10007b00

100055b0 <tud_descriptor_string_cb>:
100055b0:	b510      	push	{r4, lr}
100055b2:	0004      	movs	r4, r0
100055b4:	4816      	ldr	r0, [pc, #88]	@ (10005610 <tud_descriptor_string_cb+0x60>)
100055b6:	7803      	ldrb	r3, [r0, #0]
100055b8:	2b00      	cmp	r3, #0
100055ba:	d020      	beq.n	100055fe <tud_descriptor_string_cb+0x4e>
100055bc:	2c00      	cmp	r4, #0
100055be:	d106      	bne.n	100055ce <tud_descriptor_string_cb+0x1e>
100055c0:	4b14      	ldr	r3, [pc, #80]	@ (10005614 <tud_descriptor_string_cb+0x64>)
100055c2:	4815      	ldr	r0, [pc, #84]	@ (10005618 <tud_descriptor_string_cb+0x68>)
100055c4:	8043      	strh	r3, [r0, #2]
100055c6:	3b06      	subs	r3, #6
100055c8:	3bff      	subs	r3, #255	@ 0xff
100055ca:	8003      	strh	r3, [r0, #0]
100055cc:	bd10      	pop	{r4, pc}
100055ce:	2c05      	cmp	r4, #5
100055d0:	d81c      	bhi.n	1000560c <tud_descriptor_string_cb+0x5c>
100055d2:	4b12      	ldr	r3, [pc, #72]	@ (1000561c <tud_descriptor_string_cb+0x6c>)
100055d4:	00a4      	lsls	r4, r4, #2
100055d6:	58e4      	ldr	r4, [r4, r3]
100055d8:	480f      	ldr	r0, [pc, #60]	@ (10005618 <tud_descriptor_string_cb+0x68>)
100055da:	2301      	movs	r3, #1
100055dc:	1c81      	adds	r1, r0, #2
100055de:	3c01      	subs	r4, #1
100055e0:	e004      	b.n	100055ec <tud_descriptor_string_cb+0x3c>
100055e2:	3301      	adds	r3, #1
100055e4:	800a      	strh	r2, [r1, #0]
100055e6:	3102      	adds	r1, #2
100055e8:	2b14      	cmp	r3, #20
100055ea:	d00c      	beq.n	10005606 <tud_descriptor_string_cb+0x56>
100055ec:	5ce2      	ldrb	r2, [r4, r3]
100055ee:	2a00      	cmp	r2, #0
100055f0:	d1f7      	bne.n	100055e2 <tud_descriptor_string_cb+0x32>
100055f2:	22c0      	movs	r2, #192	@ 0xc0
100055f4:	b2db      	uxtb	r3, r3
100055f6:	005b      	lsls	r3, r3, #1
100055f8:	0092      	lsls	r2, r2, #2
100055fa:	4313      	orrs	r3, r2
100055fc:	e7e5      	b.n	100055ca <tud_descriptor_string_cb+0x1a>
100055fe:	2111      	movs	r1, #17
10005600:	f000 f816 	bl	10005630 <pico_get_unique_board_id_string>
10005604:	e7da      	b.n	100055bc <tud_descriptor_string_cb+0xc>
10005606:	23ca      	movs	r3, #202	@ 0xca
10005608:	009b      	lsls	r3, r3, #2
1000560a:	e7de      	b.n	100055ca <tud_descriptor_string_cb+0x1a>
1000560c:	2000      	movs	r0, #0
1000560e:	e7dd      	b.n	100055cc <tud_descriptor_string_cb+0x1c>
10005610:	20001c84 	.word	0x20001c84
10005614:	00000409 	.word	0x00000409
10005618:	20001704 	.word	0x20001704
1000561c:	10007ae8 	.word	0x10007ae8

10005620 <_retrieve_unique_id_on_boot>:
10005620:	b510      	push	{r4, lr}
10005622:	4802      	ldr	r0, [pc, #8]	@ (1000562c <_retrieve_unique_id_on_boot+0xc>)
10005624:	f000 f8f4 	bl	10005810 <flash_get_unique_id>
10005628:	bd10      	pop	{r4, pc}
1000562a:	46c0      	nop			@ (mov r8, r8)
1000562c:	20001b64 	.word	0x20001b64

10005630 <pico_get_unique_board_id_string>:
10005630:	b530      	push	{r4, r5, lr}
10005632:	2901      	cmp	r1, #1
10005634:	d100      	bne.n	10005638 <pico_get_unique_board_id_string+0x8>
10005636:	e0bb      	b.n	100057b0 <pico_get_unique_board_id_string+0x180>
10005638:	4b74      	ldr	r3, [pc, #464]	@ (1000580c <pico_get_unique_board_id_string+0x1dc>)
1000563a:	3901      	subs	r1, #1
1000563c:	781a      	ldrb	r2, [r3, #0]
1000563e:	1112      	asrs	r2, r2, #4
10005640:	0014      	movs	r4, r2
10005642:	3430      	adds	r4, #48	@ 0x30
10005644:	2a09      	cmp	r2, #9
10005646:	dd00      	ble.n	1000564a <pico_get_unique_board_id_string+0x1a>
10005648:	e0b5      	b.n	100057b6 <pico_get_unique_board_id_string+0x186>
1000564a:	7004      	strb	r4, [r0, #0]
1000564c:	2901      	cmp	r1, #1
1000564e:	d100      	bne.n	10005652 <pico_get_unique_board_id_string+0x22>
10005650:	e0da      	b.n	10005808 <pico_get_unique_board_id_string+0x1d8>
10005652:	220f      	movs	r2, #15
10005654:	781c      	ldrb	r4, [r3, #0]
10005656:	4022      	ands	r2, r4
10005658:	0014      	movs	r4, r2
1000565a:	3430      	adds	r4, #48	@ 0x30
1000565c:	2a09      	cmp	r2, #9
1000565e:	d900      	bls.n	10005662 <pico_get_unique_board_id_string+0x32>
10005660:	e0ac      	b.n	100057bc <pico_get_unique_board_id_string+0x18c>
10005662:	7044      	strb	r4, [r0, #1]
10005664:	2902      	cmp	r1, #2
10005666:	d100      	bne.n	1000566a <pico_get_unique_board_id_string+0x3a>
10005668:	e0ce      	b.n	10005808 <pico_get_unique_board_id_string+0x1d8>
1000566a:	785a      	ldrb	r2, [r3, #1]
1000566c:	4694      	mov	ip, r2
1000566e:	1112      	asrs	r2, r2, #4
10005670:	0014      	movs	r4, r2
10005672:	3430      	adds	r4, #48	@ 0x30
10005674:	2a09      	cmp	r2, #9
10005676:	dd00      	ble.n	1000567a <pico_get_unique_board_id_string+0x4a>
10005678:	e0a3      	b.n	100057c2 <pico_get_unique_board_id_string+0x192>
1000567a:	7084      	strb	r4, [r0, #2]
1000567c:	2903      	cmp	r1, #3
1000567e:	d100      	bne.n	10005682 <pico_get_unique_board_id_string+0x52>
10005680:	e0c2      	b.n	10005808 <pico_get_unique_board_id_string+0x1d8>
10005682:	4664      	mov	r4, ip
10005684:	220f      	movs	r2, #15
10005686:	4022      	ands	r2, r4
10005688:	0014      	movs	r4, r2
1000568a:	3430      	adds	r4, #48	@ 0x30
1000568c:	2a09      	cmp	r2, #9
1000568e:	d900      	bls.n	10005692 <pico_get_unique_board_id_string+0x62>
10005690:	e09a      	b.n	100057c8 <pico_get_unique_board_id_string+0x198>
10005692:	70c4      	strb	r4, [r0, #3]
10005694:	2904      	cmp	r1, #4
10005696:	d100      	bne.n	1000569a <pico_get_unique_board_id_string+0x6a>
10005698:	e0b6      	b.n	10005808 <pico_get_unique_board_id_string+0x1d8>
1000569a:	789a      	ldrb	r2, [r3, #2]
1000569c:	4694      	mov	ip, r2
1000569e:	1112      	asrs	r2, r2, #4
100056a0:	0014      	movs	r4, r2
100056a2:	3430      	adds	r4, #48	@ 0x30
100056a4:	2a09      	cmp	r2, #9
100056a6:	dd00      	ble.n	100056aa <pico_get_unique_board_id_string+0x7a>
100056a8:	e091      	b.n	100057ce <pico_get_unique_board_id_string+0x19e>
100056aa:	7104      	strb	r4, [r0, #4]
100056ac:	2905      	cmp	r1, #5
100056ae:	d100      	bne.n	100056b2 <pico_get_unique_board_id_string+0x82>
100056b0:	e0aa      	b.n	10005808 <pico_get_unique_board_id_string+0x1d8>
100056b2:	4664      	mov	r4, ip
100056b4:	220f      	movs	r2, #15
100056b6:	4022      	ands	r2, r4
100056b8:	0014      	movs	r4, r2
100056ba:	3430      	adds	r4, #48	@ 0x30
100056bc:	2a09      	cmp	r2, #9
100056be:	d900      	bls.n	100056c2 <pico_get_unique_board_id_string+0x92>
100056c0:	e088      	b.n	100057d4 <pico_get_unique_board_id_string+0x1a4>
100056c2:	7144      	strb	r4, [r0, #5]
100056c4:	2906      	cmp	r1, #6
100056c6:	d100      	bne.n	100056ca <pico_get_unique_board_id_string+0x9a>
100056c8:	e09e      	b.n	10005808 <pico_get_unique_board_id_string+0x1d8>
100056ca:	2530      	movs	r5, #48	@ 0x30
100056cc:	46ac      	mov	ip, r5
100056ce:	78dc      	ldrb	r4, [r3, #3]
100056d0:	1122      	asrs	r2, r4, #4
100056d2:	4494      	add	ip, r2
100056d4:	2a09      	cmp	r2, #9
100056d6:	dd00      	ble.n	100056da <pico_get_unique_board_id_string+0xaa>
100056d8:	e07f      	b.n	100057da <pico_get_unique_board_id_string+0x1aa>
100056da:	4662      	mov	r2, ip
100056dc:	7182      	strb	r2, [r0, #6]
100056de:	2907      	cmp	r1, #7
100056e0:	d100      	bne.n	100056e4 <pico_get_unique_board_id_string+0xb4>
100056e2:	e091      	b.n	10005808 <pico_get_unique_board_id_string+0x1d8>
100056e4:	220f      	movs	r2, #15
100056e6:	4022      	ands	r2, r4
100056e8:	0014      	movs	r4, r2
100056ea:	3430      	adds	r4, #48	@ 0x30
100056ec:	2a09      	cmp	r2, #9
100056ee:	d900      	bls.n	100056f2 <pico_get_unique_board_id_string+0xc2>
100056f0:	e077      	b.n	100057e2 <pico_get_unique_board_id_string+0x1b2>
100056f2:	71c4      	strb	r4, [r0, #7]
100056f4:	2908      	cmp	r1, #8
100056f6:	d100      	bne.n	100056fa <pico_get_unique_board_id_string+0xca>
100056f8:	e086      	b.n	10005808 <pico_get_unique_board_id_string+0x1d8>
100056fa:	2530      	movs	r5, #48	@ 0x30
100056fc:	46ac      	mov	ip, r5
100056fe:	791c      	ldrb	r4, [r3, #4]
10005700:	1122      	asrs	r2, r4, #4
10005702:	4494      	add	ip, r2
10005704:	2a09      	cmp	r2, #9
10005706:	dd00      	ble.n	1000570a <pico_get_unique_board_id_string+0xda>
10005708:	e06e      	b.n	100057e8 <pico_get_unique_board_id_string+0x1b8>
1000570a:	4662      	mov	r2, ip
1000570c:	7202      	strb	r2, [r0, #8]
1000570e:	2909      	cmp	r1, #9
10005710:	d100      	bne.n	10005714 <pico_get_unique_board_id_string+0xe4>
10005712:	e079      	b.n	10005808 <pico_get_unique_board_id_string+0x1d8>
10005714:	220f      	movs	r2, #15
10005716:	4022      	ands	r2, r4
10005718:	0014      	movs	r4, r2
1000571a:	3430      	adds	r4, #48	@ 0x30
1000571c:	2a09      	cmp	r2, #9
1000571e:	d867      	bhi.n	100057f0 <pico_get_unique_board_id_string+0x1c0>
10005720:	7244      	strb	r4, [r0, #9]
10005722:	290a      	cmp	r1, #10
10005724:	d100      	bne.n	10005728 <pico_get_unique_board_id_string+0xf8>
10005726:	e06f      	b.n	10005808 <pico_get_unique_board_id_string+0x1d8>
10005728:	2530      	movs	r5, #48	@ 0x30
1000572a:	46ac      	mov	ip, r5
1000572c:	795c      	ldrb	r4, [r3, #5]
1000572e:	1122      	asrs	r2, r4, #4
10005730:	4494      	add	ip, r2
10005732:	2a09      	cmp	r2, #9
10005734:	dc5f      	bgt.n	100057f6 <pico_get_unique_board_id_string+0x1c6>
10005736:	4662      	mov	r2, ip
10005738:	7282      	strb	r2, [r0, #10]
1000573a:	290b      	cmp	r1, #11
1000573c:	d064      	beq.n	10005808 <pico_get_unique_board_id_string+0x1d8>
1000573e:	220f      	movs	r2, #15
10005740:	4022      	ands	r2, r4
10005742:	0014      	movs	r4, r2
10005744:	3430      	adds	r4, #48	@ 0x30
10005746:	2a09      	cmp	r2, #9
10005748:	d859      	bhi.n	100057fe <pico_get_unique_board_id_string+0x1ce>
1000574a:	72c4      	strb	r4, [r0, #11]
1000574c:	290c      	cmp	r1, #12
1000574e:	d05b      	beq.n	10005808 <pico_get_unique_board_id_string+0x1d8>
10005750:	2530      	movs	r5, #48	@ 0x30
10005752:	46ac      	mov	ip, r5
10005754:	799c      	ldrb	r4, [r3, #6]
10005756:	1122      	asrs	r2, r4, #4
10005758:	4494      	add	ip, r2
1000575a:	2a09      	cmp	r2, #9
1000575c:	dd02      	ble.n	10005764 <pico_get_unique_board_id_string+0x134>
1000575e:	3507      	adds	r5, #7
10005760:	46ac      	mov	ip, r5
10005762:	4494      	add	ip, r2
10005764:	4662      	mov	r2, ip
10005766:	7302      	strb	r2, [r0, #12]
10005768:	290d      	cmp	r1, #13
1000576a:	d04d      	beq.n	10005808 <pico_get_unique_board_id_string+0x1d8>
1000576c:	220f      	movs	r2, #15
1000576e:	4022      	ands	r2, r4
10005770:	0014      	movs	r4, r2
10005772:	3430      	adds	r4, #48	@ 0x30
10005774:	2a09      	cmp	r2, #9
10005776:	d901      	bls.n	1000577c <pico_get_unique_board_id_string+0x14c>
10005778:	3237      	adds	r2, #55	@ 0x37
1000577a:	0014      	movs	r4, r2
1000577c:	7344      	strb	r4, [r0, #13]
1000577e:	290e      	cmp	r1, #14
10005780:	d042      	beq.n	10005808 <pico_get_unique_board_id_string+0x1d8>
10005782:	79da      	ldrb	r2, [r3, #7]
10005784:	1113      	asrs	r3, r2, #4
10005786:	001c      	movs	r4, r3
10005788:	3430      	adds	r4, #48	@ 0x30
1000578a:	2b09      	cmp	r3, #9
1000578c:	dd01      	ble.n	10005792 <pico_get_unique_board_id_string+0x162>
1000578e:	3337      	adds	r3, #55	@ 0x37
10005790:	001c      	movs	r4, r3
10005792:	7384      	strb	r4, [r0, #14]
10005794:	290f      	cmp	r1, #15
10005796:	d037      	beq.n	10005808 <pico_get_unique_board_id_string+0x1d8>
10005798:	230f      	movs	r3, #15
1000579a:	4013      	ands	r3, r2
1000579c:	001a      	movs	r2, r3
1000579e:	3237      	adds	r2, #55	@ 0x37
100057a0:	2b09      	cmp	r3, #9
100057a2:	d801      	bhi.n	100057a8 <pico_get_unique_board_id_string+0x178>
100057a4:	3330      	adds	r3, #48	@ 0x30
100057a6:	001a      	movs	r2, r3
100057a8:	73c2      	strb	r2, [r0, #15]
100057aa:	2910      	cmp	r1, #16
100057ac:	d02c      	beq.n	10005808 <pico_get_unique_board_id_string+0x1d8>
100057ae:	3010      	adds	r0, #16
100057b0:	2300      	movs	r3, #0
100057b2:	7003      	strb	r3, [r0, #0]
100057b4:	bd30      	pop	{r4, r5, pc}
100057b6:	3237      	adds	r2, #55	@ 0x37
100057b8:	0014      	movs	r4, r2
100057ba:	e746      	b.n	1000564a <pico_get_unique_board_id_string+0x1a>
100057bc:	3237      	adds	r2, #55	@ 0x37
100057be:	0014      	movs	r4, r2
100057c0:	e74f      	b.n	10005662 <pico_get_unique_board_id_string+0x32>
100057c2:	3237      	adds	r2, #55	@ 0x37
100057c4:	0014      	movs	r4, r2
100057c6:	e758      	b.n	1000567a <pico_get_unique_board_id_string+0x4a>
100057c8:	3237      	adds	r2, #55	@ 0x37
100057ca:	0014      	movs	r4, r2
100057cc:	e761      	b.n	10005692 <pico_get_unique_board_id_string+0x62>
100057ce:	3237      	adds	r2, #55	@ 0x37
100057d0:	0014      	movs	r4, r2
100057d2:	e76a      	b.n	100056aa <pico_get_unique_board_id_string+0x7a>
100057d4:	3237      	adds	r2, #55	@ 0x37
100057d6:	0014      	movs	r4, r2
100057d8:	e773      	b.n	100056c2 <pico_get_unique_board_id_string+0x92>
100057da:	3507      	adds	r5, #7
100057dc:	46ac      	mov	ip, r5
100057de:	4494      	add	ip, r2
100057e0:	e77b      	b.n	100056da <pico_get_unique_board_id_string+0xaa>
100057e2:	3237      	adds	r2, #55	@ 0x37
100057e4:	0014      	movs	r4, r2
100057e6:	e784      	b.n	100056f2 <pico_get_unique_board_id_string+0xc2>
100057e8:	3507      	adds	r5, #7
100057ea:	46ac      	mov	ip, r5
100057ec:	4494      	add	ip, r2
100057ee:	e78c      	b.n	1000570a <pico_get_unique_board_id_string+0xda>
100057f0:	3237      	adds	r2, #55	@ 0x37
100057f2:	0014      	movs	r4, r2
100057f4:	e794      	b.n	10005720 <pico_get_unique_board_id_string+0xf0>
100057f6:	3507      	adds	r5, #7
100057f8:	46ac      	mov	ip, r5
100057fa:	4494      	add	ip, r2
100057fc:	e79b      	b.n	10005736 <pico_get_unique_board_id_string+0x106>
100057fe:	3237      	adds	r2, #55	@ 0x37
10005800:	0014      	movs	r4, r2
10005802:	72c4      	strb	r4, [r0, #11]
10005804:	290c      	cmp	r1, #12
10005806:	d1a3      	bne.n	10005750 <pico_get_unique_board_id_string+0x120>
10005808:	1840      	adds	r0, r0, r1
1000580a:	e7d1      	b.n	100057b0 <pico_get_unique_board_id_string+0x180>
1000580c:	20001b64 	.word	0x20001b64

10005810 <flash_get_unique_id>:
10005810:	b510      	push	{r4, lr}
10005812:	b088      	sub	sp, #32
10005814:	0004      	movs	r4, r0
10005816:	220d      	movs	r2, #13
10005818:	2100      	movs	r1, #0
1000581a:	4668      	mov	r0, sp
1000581c:	f7fd feec 	bl	100035f8 <__wrap_memset>
10005820:	220d      	movs	r2, #13
10005822:	2100      	movs	r1, #0
10005824:	a804      	add	r0, sp, #16
10005826:	f7fd fee7 	bl	100035f8 <__wrap_memset>
1000582a:	466a      	mov	r2, sp
1000582c:	234b      	movs	r3, #75	@ 0x4b
1000582e:	4668      	mov	r0, sp
10005830:	7013      	strb	r3, [r2, #0]
10005832:	a904      	add	r1, sp, #16
10005834:	2300      	movs	r3, #0
10005836:	220d      	movs	r2, #13
10005838:	f001 fea2 	bl	10007580 <__flash_do_cmd_cs_veneer>
1000583c:	2115      	movs	r1, #21
1000583e:	2208      	movs	r2, #8
10005840:	0020      	movs	r0, r4
10005842:	4469      	add	r1, sp
10005844:	f7fd fede 	bl	10003604 <__wrap___aeabi_memcpy>
10005848:	b008      	add	sp, #32
1000584a:	bd10      	pop	{r4, pc}

1000584c <usb_reset_interface_init>:
1000584c:	4770      	bx	lr
1000584e:	46c0      	nop			@ (mov r8, r8)

10005850 <usb_reset_interface_reset>:
10005850:	2200      	movs	r2, #0
10005852:	4b01      	ldr	r3, [pc, #4]	@ (10005858 <usb_reset_interface_reset+0x8>)
10005854:	701a      	strb	r2, [r3, #0]
10005856:	4770      	bx	lr
10005858:	20001c9d 	.word	0x20001c9d

1000585c <usb_reset_interface_open>:
1000585c:	794b      	ldrb	r3, [r1, #5]
1000585e:	2000      	movs	r0, #0
10005860:	2bff      	cmp	r3, #255	@ 0xff
10005862:	d10b      	bne.n	1000587c <usb_reset_interface_open+0x20>
10005864:	798b      	ldrb	r3, [r1, #6]
10005866:	2b00      	cmp	r3, #0
10005868:	d108      	bne.n	1000587c <usb_reset_interface_open+0x20>
1000586a:	79cb      	ldrb	r3, [r1, #7]
1000586c:	2b01      	cmp	r3, #1
1000586e:	d105      	bne.n	1000587c <usb_reset_interface_open+0x20>
10005870:	2a08      	cmp	r2, #8
10005872:	d903      	bls.n	1000587c <usb_reset_interface_open+0x20>
10005874:	4b02      	ldr	r3, [pc, #8]	@ (10005880 <usb_reset_interface_open+0x24>)
10005876:	788a      	ldrb	r2, [r1, #2]
10005878:	3009      	adds	r0, #9
1000587a:	701a      	strb	r2, [r3, #0]
1000587c:	4770      	bx	lr
1000587e:	46c0      	nop			@ (mov r8, r8)
10005880:	20001c9d 	.word	0x20001c9d

10005884 <usb_reset_interface_xfer_cb>:
10005884:	2001      	movs	r0, #1
10005886:	4770      	bx	lr

10005888 <usb_reset_interface_control_xfer_cb>:
10005888:	b510      	push	{r4, lr}
1000588a:	2901      	cmp	r1, #1
1000588c:	d113      	bne.n	100058b6 <usb_reset_interface_control_xfer_cb+0x2e>
1000588e:	4915      	ldr	r1, [pc, #84]	@ (100058e4 <usb_reset_interface_control_xfer_cb+0x5c>)
10005890:	7953      	ldrb	r3, [r2, #5]
10005892:	7910      	ldrb	r0, [r2, #4]
10005894:	7809      	ldrb	r1, [r1, #0]
10005896:	021b      	lsls	r3, r3, #8
10005898:	4303      	orrs	r3, r0
1000589a:	2000      	movs	r0, #0
1000589c:	4299      	cmp	r1, r3
1000589e:	d000      	beq.n	100058a2 <usb_reset_interface_control_xfer_cb+0x1a>
100058a0:	bd10      	pop	{r4, pc}
100058a2:	7853      	ldrb	r3, [r2, #1]
100058a4:	2b01      	cmp	r3, #1
100058a6:	d008      	beq.n	100058ba <usb_reset_interface_control_xfer_cb+0x32>
100058a8:	2b02      	cmp	r3, #2
100058aa:	d1f9      	bne.n	100058a0 <usb_reset_interface_control_xfer_cb+0x18>
100058ac:	2264      	movs	r2, #100	@ 0x64
100058ae:	2100      	movs	r1, #0
100058b0:	2000      	movs	r0, #0
100058b2:	f7fd f843 	bl	1000293c <watchdog_reboot>
100058b6:	2001      	movs	r0, #1
100058b8:	e7f2      	b.n	100058a0 <usb_reset_interface_control_xfer_cb+0x18>
100058ba:	78d1      	ldrb	r1, [r2, #3]
100058bc:	7893      	ldrb	r3, [r2, #2]
100058be:	0209      	lsls	r1, r1, #8
100058c0:	4319      	orrs	r1, r3
100058c2:	2380      	movs	r3, #128	@ 0x80
100058c4:	000a      	movs	r2, r1
100058c6:	005b      	lsls	r3, r3, #1
100058c8:	401a      	ands	r2, r3
100058ca:	4219      	tst	r1, r3
100058cc:	d006      	beq.n	100058dc <usb_reset_interface_control_xfer_cb+0x54>
100058ce:	060a      	lsls	r2, r1, #24
100058d0:	0fd2      	lsrs	r2, r2, #31
100058d2:	0a48      	lsrs	r0, r1, #9
100058d4:	2303      	movs	r3, #3
100058d6:	4019      	ands	r1, r3
100058d8:	f7fd f8b8 	bl	10002a4c <rom_reset_usb_boot_extra>
100058dc:	2001      	movs	r0, #1
100058de:	4240      	negs	r0, r0
100058e0:	e7f8      	b.n	100058d4 <usb_reset_interface_control_xfer_cb+0x4c>
100058e2:	46c0      	nop			@ (mov r8, r8)
100058e4:	20001c9d 	.word	0x20001c9d

100058e8 <tud_descriptor_bos_cb>:
100058e8:	4800      	ldr	r0, [pc, #0]	@ (100058ec <tud_descriptor_bos_cb+0x4>)
100058ea:	4770      	bx	lr
100058ec:	10007c10 	.word	0x10007c10

100058f0 <tud_vendor_control_xfer_cb>:
100058f0:	4694      	mov	ip, r2
100058f2:	2301      	movs	r3, #1
100058f4:	b510      	push	{r4, lr}
100058f6:	2901      	cmp	r1, #1
100058f8:	d10a      	bne.n	10005910 <tud_vendor_control_xfer_cb+0x20>
100058fa:	7852      	ldrb	r2, [r2, #1]
100058fc:	2300      	movs	r3, #0
100058fe:	2a01      	cmp	r2, #1
10005900:	d106      	bne.n	10005910 <tud_vendor_control_xfer_cb+0x20>
10005902:	4662      	mov	r2, ip
10005904:	7911      	ldrb	r1, [r2, #4]
10005906:	7952      	ldrb	r2, [r2, #5]
10005908:	0212      	lsls	r2, r2, #8
1000590a:	430a      	orrs	r2, r1
1000590c:	2a07      	cmp	r2, #7
1000590e:	d001      	beq.n	10005914 <tud_vendor_control_xfer_cb+0x24>
10005910:	0018      	movs	r0, r3
10005912:	bd10      	pop	{r4, pc}
10005914:	33a6      	adds	r3, #166	@ 0xa6
10005916:	4661      	mov	r1, ip
10005918:	4a02      	ldr	r2, [pc, #8]	@ (10005924 <tud_vendor_control_xfer_cb+0x34>)
1000591a:	f000 feeb 	bl	100066f4 <tud_control_xfer>
1000591e:	0003      	movs	r3, r0
10005920:	e7f6      	b.n	10005910 <tud_vendor_control_xfer_cb+0x20>
10005922:	46c0      	nop			@ (mov r8, r8)
10005924:	10007b68 	.word	0x10007b68

10005928 <usbd_app_driver_get_cb>:
10005928:	2301      	movs	r3, #1
1000592a:	7003      	strb	r3, [r0, #0]
1000592c:	4800      	ldr	r0, [pc, #0]	@ (10005930 <usbd_app_driver_get_cb+0x8>)
1000592e:	4770      	bx	lr
10005930:	10007c34 	.word	0x10007c34

10005934 <tud_cdc_line_coding_cb>:
10005934:	784b      	ldrb	r3, [r1, #1]
10005936:	780a      	ldrb	r2, [r1, #0]
10005938:	021b      	lsls	r3, r3, #8
1000593a:	4313      	orrs	r3, r2
1000593c:	788a      	ldrb	r2, [r1, #2]
1000593e:	b510      	push	{r4, lr}
10005940:	0412      	lsls	r2, r2, #16
10005942:	431a      	orrs	r2, r3
10005944:	78cb      	ldrb	r3, [r1, #3]
10005946:	061b      	lsls	r3, r3, #24
10005948:	4313      	orrs	r3, r2
1000594a:	2296      	movs	r2, #150	@ 0x96
1000594c:	00d2      	lsls	r2, r2, #3
1000594e:	4293      	cmp	r3, r2
10005950:	d000      	beq.n	10005954 <tud_cdc_line_coding_cb+0x20>
10005952:	bd10      	pop	{r4, pc}
10005954:	2200      	movs	r2, #0
10005956:	2001      	movs	r0, #1
10005958:	0011      	movs	r1, r2
1000595a:	4240      	negs	r0, r0
1000595c:	f7fd f876 	bl	10002a4c <rom_reset_usb_boot_extra>

10005960 <dcd_init>:
10005960:	b5f8      	push	{r3, r4, r5, r6, r7, lr}
10005962:	f000 f93b 	bl	10005bdc <rp2040_usb_init>
10005966:	230c      	movs	r3, #12
10005968:	4d19      	ldr	r5, [pc, #100]	@ (100059d0 <dcd_init+0x70>)
1000596a:	22ff      	movs	r2, #255	@ 0xff
1000596c:	67ab      	str	r3, [r5, #120]	@ 0x78
1000596e:	2005      	movs	r0, #5
10005970:	4918      	ldr	r1, [pc, #96]	@ (100059d4 <dcd_init+0x74>)
10005972:	f7fb fff3 	bl	1000195c <irq_add_shared_handler>
10005976:	4c18      	ldr	r4, [pc, #96]	@ (100059d8 <dcd_init+0x78>)
10005978:	2240      	movs	r2, #64	@ 0x40
1000597a:	2100      	movs	r1, #0
1000597c:	0020      	movs	r0, r4
1000597e:	f7fd fe3b 	bl	100035f8 <__wrap_memset>
10005982:	2740      	movs	r7, #64	@ 0x40
10005984:	2300      	movs	r3, #0
10005986:	2601      	movs	r6, #1
10005988:	2121      	movs	r1, #33	@ 0x21
1000598a:	4a14      	ldr	r2, [pc, #80]	@ (100059dc <dcd_init+0x7c>)
1000598c:	7066      	strb	r6, [r4, #1]
1000598e:	8327      	strh	r7, [r4, #24]
10005990:	60a2      	str	r2, [r4, #8]
10005992:	6013      	str	r3, [r2, #0]
10005994:	5463      	strb	r3, [r4, r1]
10005996:	315f      	adds	r1, #95	@ 0x5f
10005998:	8461      	strh	r1, [r4, #34]	@ 0x22
1000599a:	3945      	subs	r1, #69	@ 0x45
1000599c:	5463      	strb	r3, [r4, r1]
1000599e:	4a10      	ldr	r2, [pc, #64]	@ (100059e0 <dcd_init+0x80>)
100059a0:	4910      	ldr	r1, [pc, #64]	@ (100059e4 <dcd_init+0x84>)
100059a2:	6063      	str	r3, [r4, #4]
100059a4:	60e2      	str	r2, [r4, #12]
100059a6:	8727      	strh	r7, [r4, #56]	@ 0x38
100059a8:	62a1      	str	r1, [r4, #40]	@ 0x28
100059aa:	600b      	str	r3, [r1, #0]
100059ac:	6263      	str	r3, [r4, #36]	@ 0x24
100059ae:	62e2      	str	r2, [r4, #44]	@ 0x2c
100059b0:	f001 fdbe 	bl	10007530 <__reset_non_control_endpoints_veneer>
100059b4:	2380      	movs	r3, #128	@ 0x80
100059b6:	059b      	lsls	r3, r3, #22
100059b8:	642e      	str	r6, [r5, #64]	@ 0x40
100059ba:	64eb      	str	r3, [r5, #76]	@ 0x4c
100059bc:	2390      	movs	r3, #144	@ 0x90
100059be:	4a0a      	ldr	r2, [pc, #40]	@ (100059e8 <dcd_init+0x88>)
100059c0:	2001      	movs	r0, #1
100059c2:	50ea      	str	r2, [r5, r3]
100059c4:	2280      	movs	r2, #128	@ 0x80
100059c6:	4b09      	ldr	r3, [pc, #36]	@ (100059ec <dcd_init+0x8c>)
100059c8:	0252      	lsls	r2, r2, #9
100059ca:	64da      	str	r2, [r3, #76]	@ 0x4c
100059cc:	bdf8      	pop	{r3, r4, r5, r6, r7, pc}
100059ce:	46c0      	nop			@ (mov r8, r8)
100059d0:	50110000 	.word	0x50110000
100059d4:	20000511 	.word	0x20000511
100059d8:	20001738 	.word	0x20001738
100059dc:	50100084 	.word	0x50100084
100059e0:	50100100 	.word	0x50100100
100059e4:	50100080 	.word	0x50100080
100059e8:	0001d010 	.word	0x0001d010
100059ec:	50112000 	.word	0x50112000

100059f0 <dcd_int_enable>:
100059f0:	b510      	push	{r4, lr}
100059f2:	2101      	movs	r1, #1
100059f4:	2005      	movs	r0, #5
100059f6:	f7fb ff4f 	bl	10001898 <irq_set_enabled>
100059fa:	bd10      	pop	{r4, pc}

100059fc <dcd_set_address>:
100059fc:	b510      	push	{r4, lr}
100059fe:	2200      	movs	r2, #0
10005a00:	2100      	movs	r1, #0
10005a02:	4802      	ldr	r0, [pc, #8]	@ (10005a0c <dcd_set_address+0x10>)
10005a04:	f000 f90a 	bl	10005c1c <hw_endpoint_xfer_start>
10005a08:	bd10      	pop	{r4, pc}
10005a0a:	46c0      	nop			@ (mov r8, r8)
10005a0c:	20001758 	.word	0x20001758

10005a10 <dcd_sof_enable>:
10005a10:	4b04      	ldr	r3, [pc, #16]	@ (10005a24 <dcd_sof_enable+0x14>)
10005a12:	7019      	strb	r1, [r3, #0]
10005a14:	2900      	cmp	r1, #0
10005a16:	d004      	beq.n	10005a22 <dcd_sof_enable+0x12>
10005a18:	2180      	movs	r1, #128	@ 0x80
10005a1a:	2390      	movs	r3, #144	@ 0x90
10005a1c:	4a02      	ldr	r2, [pc, #8]	@ (10005a28 <dcd_sof_enable+0x18>)
10005a1e:	0289      	lsls	r1, r1, #10
10005a20:	50d1      	str	r1, [r2, r3]
10005a22:	4770      	bx	lr
10005a24:	20001c99 	.word	0x20001c99
10005a28:	50112000 	.word	0x50112000

10005a2c <dcd_edpt0_status_complete>:
10005a2c:	780b      	ldrb	r3, [r1, #0]
10005a2e:	065b      	lsls	r3, r3, #25
10005a30:	d000      	beq.n	10005a34 <dcd_edpt0_status_complete+0x8>
10005a32:	4770      	bx	lr
10005a34:	784b      	ldrb	r3, [r1, #1]
10005a36:	2b05      	cmp	r3, #5
10005a38:	d1fb      	bne.n	10005a32 <dcd_edpt0_status_complete+0x6>
10005a3a:	788a      	ldrb	r2, [r1, #2]
10005a3c:	4b01      	ldr	r3, [pc, #4]	@ (10005a44 <dcd_edpt0_status_complete+0x18>)
10005a3e:	601a      	str	r2, [r3, #0]
10005a40:	e7f7      	b.n	10005a32 <dcd_edpt0_status_complete+0x6>
10005a42:	46c0      	nop			@ (mov r8, r8)
10005a44:	50110000 	.word	0x50110000

10005a48 <dcd_edpt_open>:
10005a48:	b5f8      	push	{r3, r4, r5, r6, r7, lr}
10005a4a:	46ce      	mov	lr, r9
10005a4c:	4647      	mov	r7, r8
10005a4e:	78cb      	ldrb	r3, [r1, #3]
10005a50:	b580      	push	{r7, lr}
10005a52:	079b      	lsls	r3, r3, #30
10005a54:	0f9a      	lsrs	r2, r3, #30
10005a56:	0010      	movs	r0, r2
10005a58:	2a01      	cmp	r2, #1
10005a5a:	d058      	beq.n	10005b0e <dcd_edpt_open+0xc6>
10005a5c:	788c      	ldrb	r4, [r1, #2]
10005a5e:	790a      	ldrb	r2, [r1, #4]
10005a60:	794b      	ldrb	r3, [r1, #5]
10005a62:	217f      	movs	r1, #127	@ 0x7f
10005a64:	021b      	lsls	r3, r3, #8
10005a66:	4021      	ands	r1, r4
10005a68:	09e5      	lsrs	r5, r4, #7
10005a6a:	4313      	orrs	r3, r2
10005a6c:	004a      	lsls	r2, r1, #1
10005a6e:	4691      	mov	r9, r2
10005a70:	4e2c      	ldr	r6, [pc, #176]	@ (10005b24 <dcd_edpt_open+0xdc>)
10005a72:	1952      	adds	r2, r2, r5
10005a74:	0152      	lsls	r2, r2, #5
10005a76:	18b2      	adds	r2, r6, r2
10005a78:	7094      	strb	r4, [r2, #2]
10005a7a:	2401      	movs	r4, #1
10005a7c:	406c      	eors	r4, r5
10005a7e:	7054      	strb	r4, [r2, #1]
10005a80:	2400      	movs	r4, #0
10005a82:	055b      	lsls	r3, r3, #21
10005a84:	0d5b      	lsrs	r3, r3, #21
10005a86:	70d4      	strb	r4, [r2, #3]
10005a88:	8313      	strh	r3, [r2, #24]
10005a8a:	76d0      	strb	r0, [r2, #27]
10005a8c:	00ca      	lsls	r2, r1, #3
10005a8e:	2d01      	cmp	r5, #1
10005a90:	d02c      	beq.n	10005aec <dcd_edpt_open+0xa4>
10005a92:	4f25      	ldr	r7, [pc, #148]	@ (10005b28 <dcd_edpt_open+0xe0>)
10005a94:	19d2      	adds	r2, r2, r7
10005a96:	018f      	lsls	r7, r1, #6
10005a98:	46bc      	mov	ip, r7
10005a9a:	44b4      	add	ip, r6
10005a9c:	4667      	mov	r7, ip
10005a9e:	60ba      	str	r2, [r7, #8]
10005aa0:	6014      	str	r4, [r2, #0]
10005aa2:	2900      	cmp	r1, #0
10005aa4:	d02c      	beq.n	10005b00 <dcd_edpt_open+0xb8>
10005aa6:	4a21      	ldr	r2, [pc, #132]	@ (10005b2c <dcd_edpt_open+0xe4>)
10005aa8:	00c9      	lsls	r1, r1, #3
10005aaa:	1889      	adds	r1, r1, r2
10005aac:	6079      	str	r1, [r7, #4]
10005aae:	333f      	adds	r3, #63	@ 0x3f
10005ab0:	099b      	lsrs	r3, r3, #6
10005ab2:	2802      	cmp	r0, #2
10005ab4:	d032      	beq.n	10005b1c <dcd_edpt_open+0xd4>
10005ab6:	019a      	lsls	r2, r3, #6
10005ab8:	464b      	mov	r3, r9
10005aba:	4c1d      	ldr	r4, [pc, #116]	@ (10005b30 <dcd_edpt_open+0xe8>)
10005abc:	195b      	adds	r3, r3, r5
10005abe:	6821      	ldr	r1, [r4, #0]
10005ac0:	015b      	lsls	r3, r3, #5
10005ac2:	18f6      	adds	r6, r6, r3
10005ac4:	4b1b      	ldr	r3, [pc, #108]	@ (10005b34 <dcd_edpt_open+0xec>)
10005ac6:	188a      	adds	r2, r1, r2
10005ac8:	60f1      	str	r1, [r6, #12]
10005aca:	6022      	str	r2, [r4, #0]
10005acc:	429a      	cmp	r2, r3
10005ace:	d827      	bhi.n	10005b20 <dcd_edpt_open+0xd8>
10005ad0:	4a19      	ldr	r2, [pc, #100]	@ (10005b38 <dcd_edpt_open+0xf0>)
10005ad2:	0683      	lsls	r3, r0, #26
10005ad4:	404a      	eors	r2, r1
10005ad6:	4313      	orrs	r3, r2
10005ad8:	2280      	movs	r2, #128	@ 0x80
10005ada:	0612      	lsls	r2, r2, #24
10005adc:	4313      	orrs	r3, r2
10005ade:	6872      	ldr	r2, [r6, #4]
10005ae0:	6013      	str	r3, [r2, #0]
10005ae2:	2001      	movs	r0, #1
10005ae4:	bcc0      	pop	{r6, r7}
10005ae6:	46b9      	mov	r9, r7
10005ae8:	46b0      	mov	r8, r6
10005aea:	bdf8      	pop	{r3, r4, r5, r6, r7, pc}
10005aec:	4f13      	ldr	r7, [pc, #76]	@ (10005b3c <dcd_edpt_open+0xf4>)
10005aee:	19d2      	adds	r2, r2, r7
10005af0:	018f      	lsls	r7, r1, #6
10005af2:	46bc      	mov	ip, r7
10005af4:	44b4      	add	ip, r6
10005af6:	4667      	mov	r7, ip
10005af8:	62ba      	str	r2, [r7, #40]	@ 0x28
10005afa:	6014      	str	r4, [r2, #0]
10005afc:	2900      	cmp	r1, #0
10005afe:	d108      	bne.n	10005b12 <dcd_edpt_open+0xca>
10005b00:	2300      	movs	r3, #0
10005b02:	016d      	lsls	r5, r5, #5
10005b04:	1975      	adds	r5, r6, r5
10005b06:	606b      	str	r3, [r5, #4]
10005b08:	4b0d      	ldr	r3, [pc, #52]	@ (10005b40 <dcd_edpt_open+0xf8>)
10005b0a:	60eb      	str	r3, [r5, #12]
10005b0c:	e7e9      	b.n	10005ae2 <dcd_edpt_open+0x9a>
10005b0e:	2000      	movs	r0, #0
10005b10:	e7e8      	b.n	10005ae4 <dcd_edpt_open+0x9c>
10005b12:	4a09      	ldr	r2, [pc, #36]	@ (10005b38 <dcd_edpt_open+0xf0>)
10005b14:	00c9      	lsls	r1, r1, #3
10005b16:	1889      	adds	r1, r1, r2
10005b18:	6279      	str	r1, [r7, #36]	@ 0x24
10005b1a:	e7c8      	b.n	10005aae <dcd_edpt_open+0x66>
10005b1c:	01da      	lsls	r2, r3, #7
10005b1e:	e7cb      	b.n	10005ab8 <dcd_edpt_open+0x70>
10005b20:	f7fc ffbc 	bl	10002a9c <hard_assertion_failure>
10005b24:	20001738 	.word	0x20001738
10005b28:	50100084 	.word	0x50100084
10005b2c:	50100004 	.word	0x50100004
10005b30:	20001b40 	.word	0x20001b40
10005b34:	50100fff 	.word	0x50100fff
10005b38:	50100000 	.word	0x50100000
10005b3c:	50100080 	.word	0x50100080
10005b40:	50100100 	.word	0x50100100

10005b44 <dcd_edpt_close_all>:
10005b44:	b510      	push	{r4, lr}
10005b46:	f001 fcf3 	bl	10007530 <__reset_non_control_endpoints_veneer>
10005b4a:	bd10      	pop	{r4, pc}

10005b4c <dcd_edpt_xfer>:
10005b4c:	207f      	movs	r0, #127	@ 0x7f
10005b4e:	b510      	push	{r4, lr}
10005b50:	4008      	ands	r0, r1
10005b52:	0040      	lsls	r0, r0, #1
10005b54:	09c9      	lsrs	r1, r1, #7
10005b56:	1840      	adds	r0, r0, r1
10005b58:	0011      	movs	r1, r2
10005b5a:	4a04      	ldr	r2, [pc, #16]	@ (10005b6c <dcd_edpt_xfer+0x20>)
10005b5c:	0140      	lsls	r0, r0, #5
10005b5e:	1880      	adds	r0, r0, r2
10005b60:	001a      	movs	r2, r3
10005b62:	f000 f85b 	bl	10005c1c <hw_endpoint_xfer_start>
10005b66:	2001      	movs	r0, #1
10005b68:	bd10      	pop	{r4, pc}
10005b6a:	46c0      	nop			@ (mov r8, r8)
10005b6c:	20001738 	.word	0x20001738

10005b70 <dcd_edpt_stall>:
10005b70:	237f      	movs	r3, #127	@ 0x7f
10005b72:	0018      	movs	r0, r3
10005b74:	b500      	push	{lr}
10005b76:	4008      	ands	r0, r1
10005b78:	b083      	sub	sp, #12
10005b7a:	420b      	tst	r3, r1
10005b7c:	d104      	bne.n	10005b88 <dcd_edpt_stall+0x18>
10005b7e:	424b      	negs	r3, r1
10005b80:	414b      	adcs	r3, r1
10005b82:	4a08      	ldr	r2, [pc, #32]	@ (10005ba4 <dcd_edpt_stall+0x34>)
10005b84:	3301      	adds	r3, #1
10005b86:	6693      	str	r3, [r2, #104]	@ 0x68
10005b88:	2280      	movs	r2, #128	@ 0x80
10005b8a:	09c9      	lsrs	r1, r1, #7
10005b8c:	0040      	lsls	r0, r0, #1
10005b8e:	4b06      	ldr	r3, [pc, #24]	@ (10005ba8 <dcd_edpt_stall+0x38>)
10005b90:	1840      	adds	r0, r0, r1
10005b92:	0140      	lsls	r0, r0, #5
10005b94:	2100      	movs	r1, #0
10005b96:	18c0      	adds	r0, r0, r3
10005b98:	0112      	lsls	r2, r2, #4
10005b9a:	f001 fcb9 	bl	10007510 <___hw_endpoint_buffer_control_update32_veneer>
10005b9e:	b003      	add	sp, #12
10005ba0:	bd00      	pop	{pc}
10005ba2:	46c0      	nop			@ (mov r8, r8)
10005ba4:	50112000 	.word	0x50112000
10005ba8:	20001738 	.word	0x20001738

10005bac <dcd_edpt_clear_stall>:
10005bac:	227f      	movs	r2, #127	@ 0x7f
10005bae:	0013      	movs	r3, r2
10005bb0:	b510      	push	{r4, lr}
10005bb2:	400b      	ands	r3, r1
10005bb4:	420a      	tst	r2, r1
10005bb6:	d100      	bne.n	10005bba <dcd_edpt_clear_stall+0xe>
10005bb8:	bd10      	pop	{r4, pc}
10005bba:	09c9      	lsrs	r1, r1, #7
10005bbc:	005b      	lsls	r3, r3, #1
10005bbe:	185b      	adds	r3, r3, r1
10005bc0:	4804      	ldr	r0, [pc, #16]	@ (10005bd4 <dcd_edpt_clear_stall+0x28>)
10005bc2:	015b      	lsls	r3, r3, #5
10005bc4:	18c0      	adds	r0, r0, r3
10005bc6:	2300      	movs	r3, #0
10005bc8:	2200      	movs	r2, #0
10005bca:	4903      	ldr	r1, [pc, #12]	@ (10005bd8 <dcd_edpt_clear_stall+0x2c>)
10005bcc:	70c3      	strb	r3, [r0, #3]
10005bce:	f001 fc9f 	bl	10007510 <___hw_endpoint_buffer_control_update32_veneer>
10005bd2:	e7f1      	b.n	10005bb8 <dcd_edpt_clear_stall+0xc>
10005bd4:	20001738 	.word	0x20001738
10005bd8:	fffff7ff 	.word	0xfffff7ff

10005bdc <rp2040_usb_init>:
10005bdc:	2280      	movs	r2, #128	@ 0x80
10005bde:	4b0a      	ldr	r3, [pc, #40]	@ (10005c08 <rp2040_usb_init+0x2c>)
10005be0:	0452      	lsls	r2, r2, #17
10005be2:	b510      	push	{r4, lr}
10005be4:	601a      	str	r2, [r3, #0]
10005be6:	4b09      	ldr	r3, [pc, #36]	@ (10005c0c <rp2040_usb_init+0x30>)
10005be8:	4909      	ldr	r1, [pc, #36]	@ (10005c10 <rp2040_usb_init+0x34>)
10005bea:	601a      	str	r2, [r3, #0]
10005bec:	0010      	movs	r0, r2
10005bee:	680b      	ldr	r3, [r1, #0]
10005bf0:	4398      	bics	r0, r3
10005bf2:	d1fb      	bne.n	10005bec <rp2040_usb_init+0x10>
10005bf4:	2280      	movs	r2, #128	@ 0x80
10005bf6:	2100      	movs	r1, #0
10005bf8:	0152      	lsls	r2, r2, #5
10005bfa:	4806      	ldr	r0, [pc, #24]	@ (10005c14 <rp2040_usb_init+0x38>)
10005bfc:	f7fd fcfc 	bl	100035f8 <__wrap_memset>
10005c00:	2209      	movs	r2, #9
10005c02:	4b05      	ldr	r3, [pc, #20]	@ (10005c18 <rp2040_usb_init+0x3c>)
10005c04:	675a      	str	r2, [r3, #116]	@ 0x74
10005c06:	bd10      	pop	{r4, pc}
10005c08:	4000e000 	.word	0x4000e000
10005c0c:	4000f000 	.word	0x4000f000
10005c10:	4000c008 	.word	0x4000c008
10005c14:	50100000 	.word	0x50100000
10005c18:	50110000 	.word	0x50110000

10005c1c <hw_endpoint_xfer_start>:
10005c1c:	2300      	movs	r3, #0
10005c1e:	b510      	push	{r4, lr}
10005c20:	82c3      	strh	r3, [r0, #22]
10005c22:	3301      	adds	r3, #1
10005c24:	8282      	strh	r2, [r0, #20]
10005c26:	7683      	strb	r3, [r0, #26]
10005c28:	6101      	str	r1, [r0, #16]
10005c2a:	0004      	movs	r4, r0
10005c2c:	f001 fca0 	bl	10007570 <__e15_is_bulkin_ep_veneer>
10005c30:	2800      	cmp	r0, #0
10005c32:	d004      	beq.n	10005c3e <hw_endpoint_xfer_start+0x22>
10005c34:	2180      	movs	r1, #128	@ 0x80
10005c36:	2390      	movs	r3, #144	@ 0x90
10005c38:	4a07      	ldr	r2, [pc, #28]	@ (10005c58 <hw_endpoint_xfer_start+0x3c>)
10005c3a:	0289      	lsls	r1, r1, #10
10005c3c:	50d1      	str	r1, [r2, r3]
10005c3e:	0020      	movs	r0, r4
10005c40:	f001 fc7e 	bl	10007540 <__e15_is_critical_frame_period_veneer>
10005c44:	2800      	cmp	r0, #0
10005c46:	d002      	beq.n	10005c4e <hw_endpoint_xfer_start+0x32>
10005c48:	2301      	movs	r3, #1
10005c4a:	7723      	strb	r3, [r4, #28]
10005c4c:	bd10      	pop	{r4, pc}
10005c4e:	0020      	movs	r0, r4
10005c50:	f001 fc9e 	bl	10007590 <__hw_endpoint_start_next_buffer_veneer>
10005c54:	e7fa      	b.n	10005c4c <hw_endpoint_xfer_start+0x30>
10005c56:	46c0      	nop			@ (mov r8, r8)
10005c58:	50112000 	.word	0x50112000

10005c5c <tud_event_hook_cb>:
10005c5c:	4770      	bx	lr
10005c5e:	46c0      	nop			@ (mov r8, r8)

10005c60 <tud_sof_cb>:
10005c60:	4770      	bx	lr
10005c62:	46c0      	nop			@ (mov r8, r8)

10005c64 <tud_descriptor_device_qualifier_cb>:
10005c64:	2000      	movs	r0, #0
10005c66:	4770      	bx	lr

10005c68 <tud_descriptor_other_speed_configuration_cb>:
10005c68:	2000      	movs	r0, #0
10005c6a:	4770      	bx	lr

10005c6c <tud_mount_cb>:
10005c6c:	4770      	bx	lr
10005c6e:	46c0      	nop			@ (mov r8, r8)

10005c70 <tud_umount_cb>:
10005c70:	4770      	bx	lr
10005c72:	46c0      	nop			@ (mov r8, r8)

10005c74 <tud_suspend_cb>:
10005c74:	4770      	bx	lr
10005c76:	46c0      	nop			@ (mov r8, r8)

10005c78 <tud_resume_cb>:
10005c78:	4770      	bx	lr
10005c7a:	46c0      	nop			@ (mov r8, r8)

10005c7c <tud_mounted>:
10005c7c:	4b02      	ldr	r3, [pc, #8]	@ (10005c88 <tud_mounted+0xc>)
10005c7e:	7858      	ldrb	r0, [r3, #1]
10005c80:	1e43      	subs	r3, r0, #1
10005c82:	4198      	sbcs	r0, r3
10005c84:	b2c0      	uxtb	r0, r0
10005c86:	4770      	bx	lr
10005c88:	200014a8 	.word	0x200014a8

10005c8c <tud_suspended>:
10005c8c:	4b02      	ldr	r3, [pc, #8]	@ (10005c98 <tud_suspended+0xc>)
10005c8e:	7818      	ldrb	r0, [r3, #0]
10005c90:	0740      	lsls	r0, r0, #29
10005c92:	0fc0      	lsrs	r0, r0, #31
10005c94:	4770      	bx	lr
10005c96:	46c0      	nop			@ (mov r8, r8)
10005c98:	200014a8 	.word	0x200014a8

10005c9c <tud_rhport_init>:
10005c9c:	b5f0      	push	{r4, r5, r6, r7, lr}
10005c9e:	46d6      	mov	lr, sl
10005ca0:	464f      	mov	r7, r9
10005ca2:	4646      	mov	r6, r8
10005ca4:	b5c0      	push	{r6, r7, lr}
10005ca6:	4b2c      	ldr	r3, [pc, #176]	@ (10005d58 <tud_rhport_init+0xbc>)
10005ca8:	4681      	mov	r9, r0
10005caa:	4698      	mov	r8, r3
10005cac:	781b      	ldrb	r3, [r3, #0]
10005cae:	468a      	mov	sl, r1
10005cb0:	2bff      	cmp	r3, #255	@ 0xff
10005cb2:	d14b      	bne.n	10005d4c <tud_rhport_init+0xb0>
10005cb4:	2900      	cmp	r1, #0
10005cb6:	d03b      	beq.n	10005d30 <tud_rhport_init+0x94>
10005cb8:	2100      	movs	r1, #0
10005cba:	2254      	movs	r2, #84	@ 0x54
10005cbc:	4827      	ldr	r0, [pc, #156]	@ (10005d5c <tud_rhport_init+0xc0>)
10005cbe:	f7fd fc9b 	bl	100035f8 <__wrap_memset>
10005cc2:	2200      	movs	r2, #0
10005cc4:	4c26      	ldr	r4, [pc, #152]	@ (10005d60 <tud_rhport_init+0xc4>)
10005cc6:	4b27      	ldr	r3, [pc, #156]	@ (10005d64 <tud_rhport_init+0xc8>)
10005cc8:	0020      	movs	r0, r4
10005cca:	701a      	strb	r2, [r3, #0]
10005ccc:	f7fc f8aa 	bl	10001e24 <mutex_init>
10005cd0:	4b25      	ldr	r3, [pc, #148]	@ (10005d68 <tud_rhport_init+0xcc>)
10005cd2:	601c      	str	r4, [r3, #0]
10005cd4:	4c25      	ldr	r4, [pc, #148]	@ (10005d6c <tud_rhport_init+0xd0>)
10005cd6:	0020      	movs	r0, r4
10005cd8:	3c14      	subs	r4, #20
10005cda:	f7fc f8b1 	bl	10001e40 <critical_section_init>
10005cde:	0020      	movs	r0, r4
10005ce0:	f001 fb98 	bl	10007414 <tu_fifo_clear>
10005ce4:	4b22      	ldr	r3, [pc, #136]	@ (10005d70 <tud_rhport_init+0xd4>)
10005ce6:	4d23      	ldr	r5, [pc, #140]	@ (10005d74 <tud_rhport_init+0xd8>)
10005ce8:	601c      	str	r4, [r3, #0]
10005cea:	4b23      	ldr	r3, [pc, #140]	@ (10005d78 <tud_rhport_init+0xdc>)
10005cec:	2b00      	cmp	r3, #0
10005cee:	d004      	beq.n	10005cfa <tud_rhport_init+0x5e>
10005cf0:	0028      	movs	r0, r5
10005cf2:	f7ff fe19 	bl	10005928 <usbd_app_driver_get_cb>
10005cf6:	4b21      	ldr	r3, [pc, #132]	@ (10005d7c <tud_rhport_init+0xe0>)
10005cf8:	6018      	str	r0, [r3, #0]
10005cfa:	2400      	movs	r4, #0
10005cfc:	782b      	ldrb	r3, [r5, #0]
10005cfe:	4f20      	ldr	r7, [pc, #128]	@ (10005d80 <tud_rhport_init+0xe4>)
10005d00:	4e1e      	ldr	r6, [pc, #120]	@ (10005d7c <tud_rhport_init+0xe0>)
10005d02:	e00d      	b.n	10005d20 <tud_rhport_init+0x84>
10005d04:	6833      	ldr	r3, [r6, #0]
10005d06:	0162      	lsls	r2, r4, #5
10005d08:	189b      	adds	r3, r3, r2
10005d0a:	2b00      	cmp	r3, #0
10005d0c:	d010      	beq.n	10005d30 <tud_rhport_init+0x94>
10005d0e:	685b      	ldr	r3, [r3, #4]
10005d10:	2b00      	cmp	r3, #0
10005d12:	d00d      	beq.n	10005d30 <tud_rhport_init+0x94>
10005d14:	4798      	blx	r3
10005d16:	3401      	adds	r4, #1
10005d18:	782b      	ldrb	r3, [r5, #0]
10005d1a:	b2e4      	uxtb	r4, r4
10005d1c:	42a3      	cmp	r3, r4
10005d1e:	d309      	bcc.n	10005d34 <tud_rhport_init+0x98>
10005d20:	42a3      	cmp	r3, r4
10005d22:	d8ef      	bhi.n	10005d04 <tud_rhport_init+0x68>
10005d24:	1ae3      	subs	r3, r4, r3
10005d26:	015b      	lsls	r3, r3, #5
10005d28:	19db      	adds	r3, r3, r7
10005d2a:	685b      	ldr	r3, [r3, #4]
10005d2c:	2b00      	cmp	r3, #0
10005d2e:	d1f1      	bne.n	10005d14 <tud_rhport_init+0x78>
10005d30:	2000      	movs	r0, #0
10005d32:	e00c      	b.n	10005d4e <tud_rhport_init+0xb2>
10005d34:	4642      	mov	r2, r8
10005d36:	464b      	mov	r3, r9
10005d38:	4651      	mov	r1, sl
10005d3a:	4648      	mov	r0, r9
10005d3c:	7013      	strb	r3, [r2, #0]
10005d3e:	f7ff fe0f 	bl	10005960 <dcd_init>
10005d42:	2800      	cmp	r0, #0
10005d44:	d0f4      	beq.n	10005d30 <tud_rhport_init+0x94>
10005d46:	4648      	mov	r0, r9
10005d48:	f7ff fe52 	bl	100059f0 <dcd_int_enable>
10005d4c:	2001      	movs	r0, #1
10005d4e:	bce0      	pop	{r5, r6, r7}
10005d50:	46ba      	mov	sl, r7
10005d52:	46b1      	mov	r9, r6
10005d54:	46a8      	mov	r8, r5
10005d56:	bdf0      	pop	{r4, r5, r6, r7, pc}
10005d58:	20001064 	.word	0x20001064
10005d5c:	200014a8 	.word	0x200014a8
10005d60:	200014a0 	.word	0x200014a0
10005d64:	20001c9a 	.word	0x20001c9a
10005d68:	200014fc 	.word	0x200014fc
10005d6c:	2000105c 	.word	0x2000105c
10005d70:	20001500 	.word	0x20001500
10005d74:	20001c98 	.word	0x20001c98
10005d78:	10005929 	.word	0x10005929
10005d7c:	200013c0 	.word	0x200013c0
10005d80:	10007cfc 	.word	0x10007cfc

10005d84 <tud_task_ext>:
10005d84:	b5f0      	push	{r4, r5, r6, r7, lr}
10005d86:	46de      	mov	lr, fp
10005d88:	4657      	mov	r7, sl
10005d8a:	464e      	mov	r6, r9
10005d8c:	4645      	mov	r5, r8
10005d8e:	b5e0      	push	{r5, r6, r7, lr}
10005d90:	4bc8      	ldr	r3, [pc, #800]	@ (100060b4 <tud_task_ext+0x330>)
10005d92:	b091      	sub	sp, #68	@ 0x44
10005d94:	9303      	str	r3, [sp, #12]
10005d96:	781b      	ldrb	r3, [r3, #0]
10005d98:	2bff      	cmp	r3, #255	@ 0xff
10005d9a:	d100      	bne.n	10005d9e <tud_task_ext+0x1a>
10005d9c:	e142      	b.n	10006024 <tud_task_ext+0x2a0>
10005d9e:	4bc6      	ldr	r3, [pc, #792]	@ (100060b8 <tud_task_ext+0x334>)
10005da0:	4ec6      	ldr	r6, [pc, #792]	@ (100060bc <tud_task_ext+0x338>)
10005da2:	001f      	movs	r7, r3
10005da4:	4bc6      	ldr	r3, [pc, #792]	@ (100060c0 <tud_task_ext+0x33c>)
10005da6:	ac0d      	add	r4, sp, #52	@ 0x34
10005da8:	9302      	str	r3, [sp, #8]
10005daa:	4bc6      	ldr	r3, [pc, #792]	@ (100060c4 <tud_task_ext+0x340>)
10005dac:	9301      	str	r3, [sp, #4]
10005dae:	6835      	ldr	r5, [r6, #0]
10005db0:	696a      	ldr	r2, [r5, #20]
10005db2:	f3ef 8110 	mrs	r1, PRIMASK
10005db6:	b672      	cpsid	i
10005db8:	6813      	ldr	r3, [r2, #0]
10005dba:	2b00      	cmp	r3, #0
10005dbc:	d0fc      	beq.n	10005db8 <tud_task_ext+0x34>
10005dbe:	f3bf 8f5f 	dmb	sy
10005dc2:	61a9      	str	r1, [r5, #24]
10005dc4:	0028      	movs	r0, r5
10005dc6:	0021      	movs	r1, r4
10005dc8:	f001 f95a 	bl	10007080 <tu_fifo_read>
10005dcc:	696a      	ldr	r2, [r5, #20]
10005dce:	69ab      	ldr	r3, [r5, #24]
10005dd0:	f3bf 8f5f 	dmb	sy
10005dd4:	2100      	movs	r1, #0
10005dd6:	6011      	str	r1, [r2, #0]
10005dd8:	f383 8810 	msr	PRIMASK, r3
10005ddc:	2800      	cmp	r0, #0
10005dde:	d100      	bne.n	10005de2 <tud_task_ext+0x5e>
10005de0:	e120      	b.n	10006024 <tud_task_ext+0x2a0>
10005de2:	7863      	ldrb	r3, [r4, #1]
10005de4:	2b08      	cmp	r3, #8
10005de6:	d8e2      	bhi.n	10005dae <tud_task_ext+0x2a>
10005de8:	009b      	lsls	r3, r3, #2
10005dea:	58fb      	ldr	r3, [r7, r3]
10005dec:	469f      	mov	pc, r3
10005dee:	6863      	ldr	r3, [r4, #4]
10005df0:	2b00      	cmp	r3, #0
10005df2:	d0dc      	beq.n	10005dae <tud_task_ext+0x2a>
10005df4:	68a0      	ldr	r0, [r4, #8]
10005df6:	4798      	blx	r3
10005df8:	e7d9      	b.n	10005dae <tud_task_ext+0x2a>
10005dfa:	227f      	movs	r2, #127	@ 0x7f
10005dfc:	7921      	ldrb	r1, [r4, #4]
10005dfe:	4db0      	ldr	r5, [pc, #704]	@ (100060c0 <tud_task_ext+0x33c>)
10005e00:	400a      	ands	r2, r1
10005e02:	0053      	lsls	r3, r2, #1
10005e04:	18eb      	adds	r3, r5, r3
10005e06:	4698      	mov	r8, r3
10005e08:	09c8      	lsrs	r0, r1, #7
10005e0a:	4480      	add	r8, r0
10005e0c:	4640      	mov	r0, r8
10005e0e:	2301      	movs	r3, #1
10005e10:	3030      	adds	r0, #48	@ 0x30
10005e12:	7905      	ldrb	r5, [r0, #4]
10005e14:	439d      	bics	r5, r3
10005e16:	7105      	strb	r5, [r0, #4]
10005e18:	7905      	ldrb	r5, [r0, #4]
10005e1a:	3303      	adds	r3, #3
10005e1c:	439d      	bics	r5, r3
10005e1e:	7105      	strb	r5, [r0, #4]
10005e20:	2a00      	cmp	r2, #0
10005e22:	d100      	bne.n	10005e26 <tud_task_ext+0xa2>
10005e24:	e105      	b.n	10006032 <tud_task_ext+0x2ae>
10005e26:	4643      	mov	r3, r8
10005e28:	4aa7      	ldr	r2, [pc, #668]	@ (100060c8 <tud_task_ext+0x344>)
10005e2a:	7d1b      	ldrb	r3, [r3, #20]
10005e2c:	7812      	ldrb	r2, [r2, #0]
10005e2e:	4293      	cmp	r3, r2
10005e30:	d300      	bcc.n	10005e34 <tud_task_ext+0xb0>
10005e32:	e0f5      	b.n	10006020 <tud_task_ext+0x29c>
10005e34:	4aa5      	ldr	r2, [pc, #660]	@ (100060cc <tud_task_ext+0x348>)
10005e36:	015b      	lsls	r3, r3, #5
10005e38:	6815      	ldr	r5, [r2, #0]
10005e3a:	18ed      	adds	r5, r5, r3
10005e3c:	2d00      	cmp	r5, #0
10005e3e:	d100      	bne.n	10005e42 <tud_task_ext+0xbe>
10005e40:	e0f0      	b.n	10006024 <tud_task_ext+0x2a0>
10005e42:	68a3      	ldr	r3, [r4, #8]
10005e44:	7962      	ldrb	r2, [r4, #5]
10005e46:	7820      	ldrb	r0, [r4, #0]
10005e48:	69ad      	ldr	r5, [r5, #24]
10005e4a:	47a8      	blx	r5
10005e4c:	e7af      	b.n	10005dae <tud_task_ext+0x2a>
10005e4e:	4ba0      	ldr	r3, [pc, #640]	@ (100060d0 <tud_task_ext+0x34c>)
10005e50:	781a      	ldrb	r2, [r3, #0]
10005e52:	2a00      	cmp	r2, #0
10005e54:	d100      	bne.n	10005e58 <tud_task_ext+0xd4>
10005e56:	e0e5      	b.n	10006024 <tud_task_ext+0x2a0>
10005e58:	781a      	ldrb	r2, [r3, #0]
10005e5a:	3a01      	subs	r2, #1
10005e5c:	701a      	strb	r2, [r3, #0]
10005e5e:	781b      	ldrb	r3, [r3, #0]
10005e60:	2b00      	cmp	r3, #0
10005e62:	d1a4      	bne.n	10005dae <tud_task_ext+0x2a>
10005e64:	2201      	movs	r2, #1
10005e66:	4d96      	ldr	r5, [pc, #600]	@ (100060c0 <tud_task_ext+0x33c>)
10005e68:	2101      	movs	r1, #1
10005e6a:	782b      	ldrb	r3, [r5, #0]
10005e6c:	2004      	movs	r0, #4
10005e6e:	4313      	orrs	r3, r2
10005e70:	702b      	strb	r3, [r5, #0]
10005e72:	2334      	movs	r3, #52	@ 0x34
10005e74:	5cea      	ldrb	r2, [r5, r3]
10005e76:	438a      	bics	r2, r1
10005e78:	54ea      	strb	r2, [r5, r3]
10005e7a:	5cea      	ldrb	r2, [r5, r3]
10005e7c:	4382      	bics	r2, r0
10005e7e:	54ea      	strb	r2, [r5, r3]
10005e80:	3301      	adds	r3, #1
10005e82:	5cea      	ldrb	r2, [r5, r3]
10005e84:	438a      	bics	r2, r1
10005e86:	54ea      	strb	r2, [r5, r3]
10005e88:	5cea      	ldrb	r2, [r5, r3]
10005e8a:	4382      	bics	r2, r0
10005e8c:	54ea      	strb	r2, [r5, r3]
10005e8e:	7823      	ldrb	r3, [r4, #0]
10005e90:	2000      	movs	r0, #0
10005e92:	469b      	mov	fp, r3
10005e94:	f000 fc88 	bl	100067a8 <usbd_control_set_complete_callback>
10005e98:	2260      	movs	r2, #96	@ 0x60
10005e9a:	7923      	ldrb	r3, [r4, #4]
10005e9c:	401a      	ands	r2, r3
10005e9e:	2a60      	cmp	r2, #96	@ 0x60
10005ea0:	d100      	bne.n	10005ea4 <tud_task_ext+0x120>
10005ea2:	e0f1      	b.n	10006088 <tud_task_ext+0x304>
10005ea4:	2a40      	cmp	r2, #64	@ 0x40
10005ea6:	d100      	bne.n	10005eaa <tud_task_ext+0x126>
10005ea8:	e0f7      	b.n	1000609a <tud_task_ext+0x316>
10005eaa:	06db      	lsls	r3, r3, #27
10005eac:	0edb      	lsrs	r3, r3, #27
10005eae:	2b01      	cmp	r3, #1
10005eb0:	d100      	bne.n	10005eb4 <tud_task_ext+0x130>
10005eb2:	e115      	b.n	100060e0 <tud_task_ext+0x35c>
10005eb4:	2b02      	cmp	r3, #2
10005eb6:	d100      	bne.n	10005eba <tud_task_ext+0x136>
10005eb8:	e0ca      	b.n	10006050 <tud_task_ext+0x2cc>
10005eba:	2b00      	cmp	r3, #0
10005ebc:	d000      	beq.n	10005ec0 <tud_task_ext+0x13c>
10005ebe:	e0e3      	b.n	10006088 <tud_task_ext+0x304>
10005ec0:	2a20      	cmp	r2, #32
10005ec2:	d100      	bne.n	10005ec6 <tud_task_ext+0x142>
10005ec4:	e211      	b.n	100062ea <tud_task_ext+0x566>
10005ec6:	2a00      	cmp	r2, #0
10005ec8:	d000      	beq.n	10005ecc <tud_task_ext+0x148>
10005eca:	e0dd      	b.n	10006088 <tud_task_ext+0x304>
10005ecc:	7963      	ldrb	r3, [r4, #5]
10005ece:	2b09      	cmp	r3, #9
10005ed0:	d900      	bls.n	10005ed4 <tud_task_ext+0x150>
10005ed2:	e0d9      	b.n	10006088 <tud_task_ext+0x304>
10005ed4:	4a7f      	ldr	r2, [pc, #508]	@ (100060d4 <tud_task_ext+0x350>)
10005ed6:	009b      	lsls	r3, r3, #2
10005ed8:	58d3      	ldr	r3, [r2, r3]
10005eda:	469f      	mov	pc, r3
10005edc:	4d78      	ldr	r5, [pc, #480]	@ (100060c0 <tud_task_ext+0x33c>)
10005ede:	782b      	ldrb	r3, [r5, #0]
10005ee0:	07db      	lsls	r3, r3, #31
10005ee2:	d400      	bmi.n	10005ee6 <tud_task_ext+0x162>
10005ee4:	e763      	b.n	10005dae <tud_task_ext+0x2a>
10005ee6:	f7ff fec7 	bl	10005c78 <tud_resume_cb>
10005eea:	e760      	b.n	10005dae <tud_task_ext+0x2a>
10005eec:	9b02      	ldr	r3, [sp, #8]
10005eee:	78db      	ldrb	r3, [r3, #3]
10005ef0:	07db      	lsls	r3, r3, #31
10005ef2:	d400      	bmi.n	10005ef6 <tud_task_ext+0x172>
10005ef4:	e75b      	b.n	10005dae <tud_task_ext+0x2a>
10005ef6:	6860      	ldr	r0, [r4, #4]
10005ef8:	f7ff feb2 	bl	10005c60 <tud_sof_cb>
10005efc:	e757      	b.n	10005dae <tud_task_ext+0x2a>
10005efe:	4d70      	ldr	r5, [pc, #448]	@ (100060c0 <tud_task_ext+0x33c>)
10005f00:	782b      	ldrb	r3, [r5, #0]
10005f02:	07db      	lsls	r3, r3, #31
10005f04:	d400      	bmi.n	10005f08 <tud_task_ext+0x184>
10005f06:	e752      	b.n	10005dae <tud_task_ext+0x2a>
10005f08:	7828      	ldrb	r0, [r5, #0]
10005f0a:	0700      	lsls	r0, r0, #28
10005f0c:	0fc0      	lsrs	r0, r0, #31
10005f0e:	f7ff feb1 	bl	10005c74 <tud_suspend_cb>
10005f12:	e74c      	b.n	10005dae <tud_task_ext+0x2a>
10005f14:	7823      	ldrb	r3, [r4, #0]
10005f16:	4a6b      	ldr	r2, [pc, #428]	@ (100060c4 <tud_task_ext+0x340>)
10005f18:	4699      	mov	r9, r3
10005f1a:	4693      	mov	fp, r2
10005f1c:	4b6a      	ldr	r3, [pc, #424]	@ (100060c8 <tud_task_ext+0x344>)
10005f1e:	4a6b      	ldr	r2, [pc, #428]	@ (100060cc <tud_task_ext+0x348>)
10005f20:	4698      	mov	r8, r3
10005f22:	4692      	mov	sl, r2
10005f24:	003a      	movs	r2, r7
10005f26:	2500      	movs	r5, #0
10005f28:	4647      	mov	r7, r8
10005f2a:	781b      	ldrb	r3, [r3, #0]
10005f2c:	46b0      	mov	r8, r6
10005f2e:	464e      	mov	r6, r9
10005f30:	4691      	mov	r9, r2
10005f32:	e00e      	b.n	10005f52 <tud_task_ext+0x1ce>
10005f34:	4653      	mov	r3, sl
10005f36:	681b      	ldr	r3, [r3, #0]
10005f38:	016a      	lsls	r2, r5, #5
10005f3a:	189b      	adds	r3, r3, r2
10005f3c:	2b00      	cmp	r3, #0
10005f3e:	d100      	bne.n	10005f42 <tud_task_ext+0x1be>
10005f40:	e07d      	b.n	1000603e <tud_task_ext+0x2ba>
10005f42:	68db      	ldr	r3, [r3, #12]
10005f44:	0030      	movs	r0, r6
10005f46:	4798      	blx	r3
10005f48:	3501      	adds	r5, #1
10005f4a:	783b      	ldrb	r3, [r7, #0]
10005f4c:	b2ed      	uxtb	r5, r5
10005f4e:	42ab      	cmp	r3, r5
10005f50:	d30c      	bcc.n	10005f6c <tud_task_ext+0x1e8>
10005f52:	42ab      	cmp	r3, r5
10005f54:	d8ee      	bhi.n	10005f34 <tud_task_ext+0x1b0>
10005f56:	1aeb      	subs	r3, r5, r3
10005f58:	015b      	lsls	r3, r3, #5
10005f5a:	445b      	add	r3, fp
10005f5c:	68db      	ldr	r3, [r3, #12]
10005f5e:	0030      	movs	r0, r6
10005f60:	4798      	blx	r3
10005f62:	3501      	adds	r5, #1
10005f64:	783b      	ldrb	r3, [r7, #0]
10005f66:	b2ed      	uxtb	r5, r5
10005f68:	42ab      	cmp	r3, r5
10005f6a:	d2f2      	bcs.n	10005f52 <tud_task_ext+0x1ce>
10005f6c:	4d54      	ldr	r5, [pc, #336]	@ (100060c0 <tud_task_ext+0x33c>)
10005f6e:	2254      	movs	r2, #84	@ 0x54
10005f70:	2100      	movs	r1, #0
10005f72:	0028      	movs	r0, r5
10005f74:	f7fd fb40 	bl	100035f8 <__wrap_memset>
10005f78:	2210      	movs	r2, #16
10005f7a:	21ff      	movs	r1, #255	@ 0xff
10005f7c:	1d28      	adds	r0, r5, #4
10005f7e:	f7fd fb3b 	bl	100035f8 <__wrap_memset>
10005f82:	0028      	movs	r0, r5
10005f84:	2220      	movs	r2, #32
10005f86:	21ff      	movs	r1, #255	@ 0xff
10005f88:	3014      	adds	r0, #20
10005f8a:	4646      	mov	r6, r8
10005f8c:	464f      	mov	r7, r9
10005f8e:	f7fd fb33 	bl	100035f8 <__wrap_memset>
10005f92:	f000 fbff 	bl	10006794 <usbd_control_reset>
10005f96:	7923      	ldrb	r3, [r4, #4]
10005f98:	70ab      	strb	r3, [r5, #2]
10005f9a:	e708      	b.n	10005dae <tud_task_ext+0x2a>
10005f9c:	7823      	ldrb	r3, [r4, #0]
10005f9e:	4a4b      	ldr	r2, [pc, #300]	@ (100060cc <tud_task_ext+0x348>)
10005fa0:	4699      	mov	r9, r3
10005fa2:	4b49      	ldr	r3, [pc, #292]	@ (100060c8 <tud_task_ext+0x344>)
10005fa4:	4692      	mov	sl, r2
10005fa6:	4698      	mov	r8, r3
10005fa8:	0032      	movs	r2, r6
10005faa:	46bb      	mov	fp, r7
10005fac:	464e      	mov	r6, r9
10005fae:	2500      	movs	r5, #0
10005fb0:	4647      	mov	r7, r8
10005fb2:	4691      	mov	r9, r2
10005fb4:	781b      	ldrb	r3, [r3, #0]
10005fb6:	e00d      	b.n	10005fd4 <tud_task_ext+0x250>
10005fb8:	4653      	mov	r3, sl
10005fba:	681b      	ldr	r3, [r3, #0]
10005fbc:	016a      	lsls	r2, r5, #5
10005fbe:	189b      	adds	r3, r3, r2
10005fc0:	2b00      	cmp	r3, #0
10005fc2:	d040      	beq.n	10006046 <tud_task_ext+0x2c2>
10005fc4:	68db      	ldr	r3, [r3, #12]
10005fc6:	0030      	movs	r0, r6
10005fc8:	4798      	blx	r3
10005fca:	3501      	adds	r5, #1
10005fcc:	783b      	ldrb	r3, [r7, #0]
10005fce:	b2ed      	uxtb	r5, r5
10005fd0:	42ab      	cmp	r3, r5
10005fd2:	d30d      	bcc.n	10005ff0 <tud_task_ext+0x26c>
10005fd4:	429d      	cmp	r5, r3
10005fd6:	d3ef      	bcc.n	10005fb8 <tud_task_ext+0x234>
10005fd8:	9a01      	ldr	r2, [sp, #4]
10005fda:	1aeb      	subs	r3, r5, r3
10005fdc:	015b      	lsls	r3, r3, #5
10005fde:	18d3      	adds	r3, r2, r3
10005fe0:	68db      	ldr	r3, [r3, #12]
10005fe2:	0030      	movs	r0, r6
10005fe4:	4798      	blx	r3
10005fe6:	3501      	adds	r5, #1
10005fe8:	783b      	ldrb	r3, [r7, #0]
10005fea:	b2ed      	uxtb	r5, r5
10005fec:	42ab      	cmp	r3, r5
10005fee:	d2f1      	bcs.n	10005fd4 <tud_task_ext+0x250>
10005ff0:	9d02      	ldr	r5, [sp, #8]
10005ff2:	2254      	movs	r2, #84	@ 0x54
10005ff4:	2100      	movs	r1, #0
10005ff6:	0028      	movs	r0, r5
10005ff8:	f7fd fafe 	bl	100035f8 <__wrap_memset>
10005ffc:	2210      	movs	r2, #16
10005ffe:	21ff      	movs	r1, #255	@ 0xff
10006000:	4835      	ldr	r0, [pc, #212]	@ (100060d8 <tud_task_ext+0x354>)
10006002:	f7fd faf9 	bl	100035f8 <__wrap_memset>
10006006:	0028      	movs	r0, r5
10006008:	2220      	movs	r2, #32
1000600a:	21ff      	movs	r1, #255	@ 0xff
1000600c:	3014      	adds	r0, #20
1000600e:	464e      	mov	r6, r9
10006010:	465f      	mov	r7, fp
10006012:	f7fd faf1 	bl	100035f8 <__wrap_memset>
10006016:	f000 fbbd 	bl	10006794 <usbd_control_reset>
1000601a:	f7ff fe29 	bl	10005c70 <tud_umount_cb>
1000601e:	e6c6      	b.n	10005dae <tud_task_ext+0x2a>
10006020:	4293      	cmp	r3, r2
10006022:	d013      	beq.n	1000604c <tud_task_ext+0x2c8>
10006024:	b011      	add	sp, #68	@ 0x44
10006026:	bcf0      	pop	{r4, r5, r6, r7}
10006028:	46bb      	mov	fp, r7
1000602a:	46b2      	mov	sl, r6
1000602c:	46a9      	mov	r9, r5
1000602e:	46a0      	mov	r8, r4
10006030:	bdf0      	pop	{r4, r5, r6, r7, pc}
10006032:	68a3      	ldr	r3, [r4, #8]
10006034:	7962      	ldrb	r2, [r4, #5]
10006036:	7820      	ldrb	r0, [r4, #0]
10006038:	f000 fbca 	bl	100067d0 <usbd_control_xfer_cb>
1000603c:	e6b7      	b.n	10005dae <tud_task_ext+0x2a>
1000603e:	4646      	mov	r6, r8
10006040:	464f      	mov	r7, r9
10006042:	4d1f      	ldr	r5, [pc, #124]	@ (100060c0 <tud_task_ext+0x33c>)
10006044:	e7a5      	b.n	10005f92 <tud_task_ext+0x20e>
10006046:	464e      	mov	r6, r9
10006048:	465f      	mov	r7, fp
1000604a:	e7e4      	b.n	10006016 <tud_task_ext+0x292>
1000604c:	4d1d      	ldr	r5, [pc, #116]	@ (100060c4 <tud_task_ext+0x340>)
1000604e:	e6f8      	b.n	10005e42 <tud_task_ext+0xbe>
10006050:	2370      	movs	r3, #112	@ 0x70
10006052:	7a21      	ldrb	r1, [r4, #8]
10006054:	420b      	tst	r3, r1
10006056:	d117      	bne.n	10006088 <tud_task_ext+0x304>
10006058:	09c8      	lsrs	r0, r1, #7
1000605a:	4682      	mov	sl, r0
1000605c:	330f      	adds	r3, #15
1000605e:	400b      	ands	r3, r1
10006060:	005b      	lsls	r3, r3, #1
10006062:	4698      	mov	r8, r3
10006064:	4818      	ldr	r0, [pc, #96]	@ (100060c8 <tud_task_ext+0x344>)
10006066:	18eb      	adds	r3, r5, r3
10006068:	4453      	add	r3, sl
1000606a:	7d1b      	ldrb	r3, [r3, #20]
1000606c:	7800      	ldrb	r0, [r0, #0]
1000606e:	4283      	cmp	r3, r0
10006070:	d264      	bcs.n	1000613c <tud_task_ext+0x3b8>
10006072:	4816      	ldr	r0, [pc, #88]	@ (100060cc <tud_task_ext+0x348>)
10006074:	015b      	lsls	r3, r3, #5
10006076:	6800      	ldr	r0, [r0, #0]
10006078:	4681      	mov	r9, r0
1000607a:	4499      	add	r9, r3
1000607c:	2a00      	cmp	r2, #0
1000607e:	d100      	bne.n	10006082 <tud_task_ext+0x2fe>
10006080:	e155      	b.n	1000632e <tud_task_ext+0x5aa>
10006082:	464b      	mov	r3, r9
10006084:	2b00      	cmp	r3, #0
10006086:	d161      	bne.n	1000614c <tud_task_ext+0x3c8>
10006088:	7820      	ldrb	r0, [r4, #0]
1000608a:	2100      	movs	r1, #0
1000608c:	f7ff fd70 	bl	10005b70 <dcd_edpt_stall>
10006090:	2180      	movs	r1, #128	@ 0x80
10006092:	7820      	ldrb	r0, [r4, #0]
10006094:	f7ff fd6c 	bl	10005b70 <dcd_edpt_stall>
10006098:	e689      	b.n	10005dae <tud_task_ext+0x2a>
1000609a:	4810      	ldr	r0, [pc, #64]	@ (100060dc <tud_task_ext+0x358>)
1000609c:	f000 fb84 	bl	100067a8 <usbd_control_set_complete_callback>
100060a0:	2101      	movs	r1, #1
100060a2:	4658      	mov	r0, fp
100060a4:	aa0e      	add	r2, sp, #56	@ 0x38
100060a6:	f7ff fc23 	bl	100058f0 <tud_vendor_control_xfer_cb>
100060aa:	2800      	cmp	r0, #0
100060ac:	d000      	beq.n	100060b0 <tud_task_ext+0x32c>
100060ae:	e67e      	b.n	10005dae <tud_task_ext+0x2a>
100060b0:	e7ea      	b.n	10006088 <tud_task_ext+0x304>
100060b2:	46c0      	nop			@ (mov r8, r8)
100060b4:	20001064 	.word	0x20001064
100060b8:	10007c54 	.word	0x10007c54
100060bc:	20001500 	.word	0x20001500
100060c0:	200014a8 	.word	0x200014a8
100060c4:	10007cfc 	.word	0x10007cfc
100060c8:	20001c98 	.word	0x20001c98
100060cc:	200013c0 	.word	0x200013c0
100060d0:	20001c9a 	.word	0x20001c9a
100060d4:	10007c78 	.word	0x10007c78
100060d8:	200014ac 	.word	0x200014ac
100060dc:	100058f1 	.word	0x100058f1
100060e0:	7a23      	ldrb	r3, [r4, #8]
100060e2:	8922      	ldrh	r2, [r4, #8]
100060e4:	2b0f      	cmp	r3, #15
100060e6:	d8cf      	bhi.n	10006088 <tud_task_ext+0x304>
100060e8:	23ff      	movs	r3, #255	@ 0xff
100060ea:	4013      	ands	r3, r2
100060ec:	4ad1      	ldr	r2, [pc, #836]	@ (10006434 <tud_task_ext+0x6b0>)
100060ee:	18eb      	adds	r3, r5, r3
100060f0:	791b      	ldrb	r3, [r3, #4]
100060f2:	7812      	ldrb	r2, [r2, #0]
100060f4:	4293      	cmp	r3, r2
100060f6:	d334      	bcc.n	10006162 <tud_task_ext+0x3de>
100060f8:	d1c6      	bne.n	10006088 <tud_task_ext+0x304>
100060fa:	4dcf      	ldr	r5, [pc, #828]	@ (10006438 <tud_task_ext+0x6b4>)
100060fc:	6968      	ldr	r0, [r5, #20]
100060fe:	f000 fb53 	bl	100067a8 <usbd_control_set_complete_callback>
10006102:	2101      	movs	r1, #1
10006104:	4658      	mov	r0, fp
10006106:	696b      	ldr	r3, [r5, #20]
10006108:	aa0e      	add	r2, sp, #56	@ 0x38
1000610a:	4798      	blx	r3
1000610c:	2800      	cmp	r0, #0
1000610e:	d000      	beq.n	10006112 <tud_task_ext+0x38e>
10006110:	e64d      	b.n	10005dae <tud_task_ext+0x2a>
10006112:	2260      	movs	r2, #96	@ 0x60
10006114:	0015      	movs	r5, r2
10006116:	7923      	ldrb	r3, [r4, #4]
10006118:	401d      	ands	r5, r3
1000611a:	421a      	tst	r2, r3
1000611c:	d1b4      	bne.n	10006088 <tud_task_ext+0x304>
1000611e:	7963      	ldrb	r3, [r4, #5]
10006120:	3b0a      	subs	r3, #10
10006122:	2b01      	cmp	r3, #1
10006124:	d8b0      	bhi.n	10006088 <tud_task_ext+0x304>
10006126:	f000 fb3f 	bl	100067a8 <usbd_control_set_complete_callback>
1000612a:	7963      	ldrb	r3, [r4, #5]
1000612c:	2b0a      	cmp	r3, #10
1000612e:	d100      	bne.n	10006132 <tud_task_ext+0x3ae>
10006130:	e18a      	b.n	10006448 <tud_task_ext+0x6c4>
10006132:	4658      	mov	r0, fp
10006134:	a90e      	add	r1, sp, #56	@ 0x38
10006136:	f000 fac7 	bl	100066c8 <tud_control_status>
1000613a:	e638      	b.n	10005dae <tud_task_ext+0x2a>
1000613c:	4283      	cmp	r3, r0
1000613e:	d000      	beq.n	10006142 <tud_task_ext+0x3be>
10006140:	e0f0      	b.n	10006324 <tud_task_ext+0x5a0>
10006142:	4bbd      	ldr	r3, [pc, #756]	@ (10006438 <tud_task_ext+0x6b4>)
10006144:	4699      	mov	r9, r3
10006146:	2a00      	cmp	r2, #0
10006148:	d100      	bne.n	1000614c <tud_task_ext+0x3c8>
1000614a:	e0f0      	b.n	1000632e <tud_task_ext+0x5aa>
1000614c:	464b      	mov	r3, r9
1000614e:	6958      	ldr	r0, [r3, #20]
10006150:	f000 fb2a 	bl	100067a8 <usbd_control_set_complete_callback>
10006154:	464b      	mov	r3, r9
10006156:	2101      	movs	r1, #1
10006158:	4658      	mov	r0, fp
1000615a:	695b      	ldr	r3, [r3, #20]
1000615c:	aa0e      	add	r2, sp, #56	@ 0x38
1000615e:	4798      	blx	r3
10006160:	e7a3      	b.n	100060aa <tud_task_ext+0x326>
10006162:	4ab6      	ldr	r2, [pc, #728]	@ (1000643c <tud_task_ext+0x6b8>)
10006164:	015b      	lsls	r3, r3, #5
10006166:	6815      	ldr	r5, [r2, #0]
10006168:	18ed      	adds	r5, r5, r3
1000616a:	2d00      	cmp	r5, #0
1000616c:	d1c6      	bne.n	100060fc <tud_task_ext+0x378>
1000616e:	e78b      	b.n	10006088 <tud_task_ext+0x304>
10006170:	79a3      	ldrb	r3, [r4, #6]
10006172:	4699      	mov	r9, r3
10006174:	786b      	ldrb	r3, [r5, #1]
10006176:	4599      	cmp	r9, r3
10006178:	d0db      	beq.n	10006132 <tud_task_ext+0x3ae>
1000617a:	786b      	ldrb	r3, [r5, #1]
1000617c:	2b00      	cmp	r3, #0
1000617e:	d000      	beq.n	10006182 <tud_task_ext+0x3fe>
10006180:	e12c      	b.n	100063dc <tud_task_ext+0x658>
10006182:	464b      	mov	r3, r9
10006184:	706b      	strb	r3, [r5, #1]
10006186:	2b00      	cmp	r3, #0
10006188:	d100      	bne.n	1000618c <tud_task_ext+0x408>
1000618a:	e124      	b.n	100063d6 <tud_task_ext+0x652>
1000618c:	4648      	mov	r0, r9
1000618e:	3801      	subs	r0, #1
10006190:	b2c0      	uxtb	r0, r0
10006192:	f7ff fa09 	bl	100055a8 <tud_descriptor_configuration_cb>
10006196:	2800      	cmp	r0, #0
10006198:	d100      	bne.n	1000619c <tud_task_ext+0x418>
1000619a:	e174      	b.n	10006486 <tud_task_ext+0x702>
1000619c:	7843      	ldrb	r3, [r0, #1]
1000619e:	9307      	str	r3, [sp, #28]
100061a0:	2b02      	cmp	r3, #2
100061a2:	d000      	beq.n	100061a6 <tud_task_ext+0x422>
100061a4:	e16f      	b.n	10006486 <tud_task_ext+0x702>
100061a6:	2201      	movs	r2, #1
100061a8:	79c1      	ldrb	r1, [r0, #7]
100061aa:	46b1      	mov	r9, r6
100061ac:	118b      	asrs	r3, r1, #6
100061ae:	1149      	asrs	r1, r1, #5
100061b0:	4013      	ands	r3, r2
100061b2:	400a      	ands	r2, r1
100061b4:	2130      	movs	r1, #48	@ 0x30
100061b6:	0112      	lsls	r2, r2, #4
100061b8:	015b      	lsls	r3, r3, #5
100061ba:	4313      	orrs	r3, r2
100061bc:	782a      	ldrb	r2, [r5, #0]
100061be:	46a8      	mov	r8, r5
100061c0:	438a      	bics	r2, r1
100061c2:	4313      	orrs	r3, r2
100061c4:	702b      	strb	r3, [r5, #0]
100061c6:	2309      	movs	r3, #9
100061c8:	469a      	mov	sl, r3
100061ca:	4482      	add	sl, r0
100061cc:	4656      	mov	r6, sl
100061ce:	46ba      	mov	sl, r7
100061d0:	78c3      	ldrb	r3, [r0, #3]
100061d2:	7882      	ldrb	r2, [r0, #2]
100061d4:	021b      	lsls	r3, r3, #8
100061d6:	4313      	orrs	r3, r2
100061d8:	18c3      	adds	r3, r0, r3
100061da:	9305      	str	r3, [sp, #20]
100061dc:	4b95      	ldr	r3, [pc, #596]	@ (10006434 <tud_task_ext+0x6b0>)
100061de:	9304      	str	r3, [sp, #16]
100061e0:	4b95      	ldr	r3, [pc, #596]	@ (10006438 <tud_task_ext+0x6b4>)
100061e2:	9308      	str	r3, [sp, #32]
100061e4:	4b95      	ldr	r3, [pc, #596]	@ (1000643c <tud_task_ext+0x6b8>)
100061e6:	9309      	str	r3, [sp, #36]	@ 0x24
100061e8:	4b95      	ldr	r3, [pc, #596]	@ (10006440 <tud_task_ext+0x6bc>)
100061ea:	930a      	str	r3, [sp, #40]	@ 0x28
100061ec:	9b05      	ldr	r3, [sp, #20]
100061ee:	42b3      	cmp	r3, r6
100061f0:	d800      	bhi.n	100061f4 <tud_task_ext+0x470>
100061f2:	e14b      	b.n	1000648c <tud_task_ext+0x708>
100061f4:	7873      	ldrb	r3, [r6, #1]
100061f6:	2201      	movs	r2, #1
100061f8:	2b0b      	cmp	r3, #11
100061fa:	d103      	bne.n	10006204 <tud_task_ext+0x480>
100061fc:	7833      	ldrb	r3, [r6, #0]
100061fe:	78f2      	ldrb	r2, [r6, #3]
10006200:	18f6      	adds	r6, r6, r3
10006202:	7873      	ldrb	r3, [r6, #1]
10006204:	2b04      	cmp	r3, #4
10006206:	d000      	beq.n	1000620a <tud_task_ext+0x486>
10006208:	e13a      	b.n	10006480 <tud_task_ext+0x6fc>
1000620a:	9b05      	ldr	r3, [sp, #20]
1000620c:	2700      	movs	r7, #0
1000620e:	1b9b      	subs	r3, r3, r6
10006210:	b29b      	uxth	r3, r3
10006212:	9306      	str	r3, [sp, #24]
10006214:	9b04      	ldr	r3, [sp, #16]
10006216:	920b      	str	r2, [sp, #44]	@ 0x2c
10006218:	781d      	ldrb	r5, [r3, #0]
1000621a:	e019      	b.n	10006250 <tud_task_ext+0x4cc>
1000621c:	9a09      	ldr	r2, [sp, #36]	@ 0x24
1000621e:	017b      	lsls	r3, r7, #5
10006220:	6815      	ldr	r5, [r2, #0]
10006222:	18ed      	adds	r5, r5, r3
10006224:	2d00      	cmp	r5, #0
10006226:	d100      	bne.n	1000622a <tud_task_ext+0x4a6>
10006228:	e12a      	b.n	10006480 <tud_task_ext+0x6fc>
1000622a:	0031      	movs	r1, r6
1000622c:	4658      	mov	r0, fp
1000622e:	692b      	ldr	r3, [r5, #16]
10006230:	9a06      	ldr	r2, [sp, #24]
10006232:	4798      	blx	r3
10006234:	4684      	mov	ip, r0
10006236:	2808      	cmp	r0, #8
10006238:	d903      	bls.n	10006242 <tud_task_ext+0x4be>
1000623a:	9a06      	ldr	r2, [sp, #24]
1000623c:	4282      	cmp	r2, r0
1000623e:	d300      	bcc.n	10006242 <tud_task_ext+0x4be>
10006240:	e10b      	b.n	1000645a <tud_task_ext+0x6d6>
10006242:	9b04      	ldr	r3, [sp, #16]
10006244:	3701      	adds	r7, #1
10006246:	781d      	ldrb	r5, [r3, #0]
10006248:	b2ff      	uxtb	r7, r7
1000624a:	42bd      	cmp	r5, r7
1000624c:	d200      	bcs.n	10006250 <tud_task_ext+0x4cc>
1000624e:	e117      	b.n	10006480 <tud_task_ext+0x6fc>
10006250:	42bd      	cmp	r5, r7
10006252:	d8e3      	bhi.n	1000621c <tud_task_ext+0x498>
10006254:	9b08      	ldr	r3, [sp, #32]
10006256:	1b7d      	subs	r5, r7, r5
10006258:	016d      	lsls	r5, r5, #5
1000625a:	195d      	adds	r5, r3, r5
1000625c:	e7e5      	b.n	1000622a <tud_task_ext+0x4a6>
1000625e:	786b      	ldrb	r3, [r5, #1]
10006260:	aa0c      	add	r2, sp, #48	@ 0x30
10006262:	3202      	adds	r2, #2
10006264:	7013      	strb	r3, [r2, #0]
10006266:	4658      	mov	r0, fp
10006268:	2301      	movs	r3, #1
1000626a:	a90e      	add	r1, sp, #56	@ 0x38
1000626c:	f000 fa42 	bl	100066f4 <tud_control_xfer>
10006270:	e59d      	b.n	10005dae <tud_task_ext+0x2a>
10006272:	88e0      	ldrh	r0, [r4, #6]
10006274:	0a03      	lsrs	r3, r0, #8
10006276:	b2c0      	uxtb	r0, r0
10006278:	2b0f      	cmp	r3, #15
1000627a:	d900      	bls.n	1000627e <tud_task_ext+0x4fa>
1000627c:	e704      	b.n	10006088 <tud_task_ext+0x304>
1000627e:	4971      	ldr	r1, [pc, #452]	@ (10006444 <tud_task_ext+0x6c0>)
10006280:	009a      	lsls	r2, r3, #2
10006282:	588a      	ldr	r2, [r1, r2]
10006284:	4697      	mov	pc, r2
10006286:	a80e      	add	r0, sp, #56	@ 0x38
10006288:	f000 fa94 	bl	100067b4 <usbd_control_set_request>
1000628c:	4658      	mov	r0, fp
1000628e:	79a1      	ldrb	r1, [r4, #6]
10006290:	f7ff fbb4 	bl	100059fc <dcd_set_address>
10006294:	2202      	movs	r2, #2
10006296:	782b      	ldrb	r3, [r5, #0]
10006298:	4313      	orrs	r3, r2
1000629a:	702b      	strb	r3, [r5, #0]
1000629c:	e587      	b.n	10005dae <tud_task_ext+0x2a>
1000629e:	88e3      	ldrh	r3, [r4, #6]
100062a0:	2b01      	cmp	r3, #1
100062a2:	d000      	beq.n	100062a6 <tud_task_ext+0x522>
100062a4:	e6f0      	b.n	10006088 <tud_task_ext+0x304>
100062a6:	2208      	movs	r2, #8
100062a8:	782b      	ldrb	r3, [r5, #0]
100062aa:	4658      	mov	r0, fp
100062ac:	4393      	bics	r3, r2
100062ae:	a90e      	add	r1, sp, #56	@ 0x38
100062b0:	702b      	strb	r3, [r5, #0]
100062b2:	f000 fa09 	bl	100066c8 <tud_control_status>
100062b6:	e57a      	b.n	10005dae <tud_task_ext+0x2a>
100062b8:	2002      	movs	r0, #2
100062ba:	7829      	ldrb	r1, [r5, #0]
100062bc:	ab0c      	add	r3, sp, #48	@ 0x30
100062be:	1c9a      	adds	r2, r3, #2
100062c0:	068b      	lsls	r3, r1, #26
100062c2:	0889      	lsrs	r1, r1, #2
100062c4:	0fdb      	lsrs	r3, r3, #31
100062c6:	4001      	ands	r1, r0
100062c8:	430b      	orrs	r3, r1
100062ca:	8013      	strh	r3, [r2, #0]
100062cc:	4658      	mov	r0, fp
100062ce:	2302      	movs	r3, #2
100062d0:	a90e      	add	r1, sp, #56	@ 0x38
100062d2:	f000 fa0f 	bl	100066f4 <tud_control_xfer>
100062d6:	e56a      	b.n	10005dae <tud_task_ext+0x2a>
100062d8:	88e3      	ldrh	r3, [r4, #6]
100062da:	2b01      	cmp	r3, #1
100062dc:	d000      	beq.n	100062e0 <tud_task_ext+0x55c>
100062de:	e6d3      	b.n	10006088 <tud_task_ext+0x304>
100062e0:	2208      	movs	r2, #8
100062e2:	782b      	ldrb	r3, [r5, #0]
100062e4:	4313      	orrs	r3, r2
100062e6:	702b      	strb	r3, [r5, #0]
100062e8:	e723      	b.n	10006132 <tud_task_ext+0x3ae>
100062ea:	7a23      	ldrb	r3, [r4, #8]
100062ec:	8922      	ldrh	r2, [r4, #8]
100062ee:	2b0f      	cmp	r3, #15
100062f0:	d900      	bls.n	100062f4 <tud_task_ext+0x570>
100062f2:	e6c9      	b.n	10006088 <tud_task_ext+0x304>
100062f4:	23ff      	movs	r3, #255	@ 0xff
100062f6:	4013      	ands	r3, r2
100062f8:	4a4e      	ldr	r2, [pc, #312]	@ (10006434 <tud_task_ext+0x6b0>)
100062fa:	18eb      	adds	r3, r5, r3
100062fc:	791b      	ldrb	r3, [r3, #4]
100062fe:	7812      	ldrb	r2, [r2, #0]
10006300:	4293      	cmp	r3, r2
10006302:	d228      	bcs.n	10006356 <tud_task_ext+0x5d2>
10006304:	4a4d      	ldr	r2, [pc, #308]	@ (1000643c <tud_task_ext+0x6b8>)
10006306:	015b      	lsls	r3, r3, #5
10006308:	6815      	ldr	r5, [r2, #0]
1000630a:	18ed      	adds	r5, r5, r3
1000630c:	2d00      	cmp	r5, #0
1000630e:	d100      	bne.n	10006312 <tud_task_ext+0x58e>
10006310:	e6ba      	b.n	10006088 <tud_task_ext+0x304>
10006312:	6968      	ldr	r0, [r5, #20]
10006314:	f000 fa48 	bl	100067a8 <usbd_control_set_complete_callback>
10006318:	2101      	movs	r1, #1
1000631a:	4658      	mov	r0, fp
1000631c:	696b      	ldr	r3, [r5, #20]
1000631e:	aa0e      	add	r2, sp, #56	@ 0x38
10006320:	4798      	blx	r3
10006322:	e6c2      	b.n	100060aa <tud_task_ext+0x326>
10006324:	2a00      	cmp	r2, #0
10006326:	d000      	beq.n	1000632a <tud_task_ext+0x5a6>
10006328:	e6ae      	b.n	10006088 <tud_task_ext+0x304>
1000632a:	2300      	movs	r3, #0
1000632c:	4699      	mov	r9, r3
1000632e:	7962      	ldrb	r2, [r4, #5]
10006330:	2002      	movs	r0, #2
10006332:	0013      	movs	r3, r2
10006334:	9204      	str	r2, [sp, #16]
10006336:	4383      	bics	r3, r0
10006338:	2b01      	cmp	r3, #1
1000633a:	d011      	beq.n	10006360 <tud_task_ext+0x5dc>
1000633c:	2a00      	cmp	r2, #0
1000633e:	d000      	beq.n	10006342 <tud_task_ext+0x5be>
10006340:	e6a2      	b.n	10006088 <tud_task_ext+0x304>
10006342:	002b      	movs	r3, r5
10006344:	4443      	add	r3, r8
10006346:	4453      	add	r3, sl
10006348:	3330      	adds	r3, #48	@ 0x30
1000634a:	791b      	ldrb	r3, [r3, #4]
1000634c:	aa0c      	add	r2, sp, #48	@ 0x30
1000634e:	079b      	lsls	r3, r3, #30
10006350:	0fdb      	lsrs	r3, r3, #31
10006352:	3202      	adds	r2, #2
10006354:	e7b9      	b.n	100062ca <tud_task_ext+0x546>
10006356:	4293      	cmp	r3, r2
10006358:	d000      	beq.n	1000635c <tud_task_ext+0x5d8>
1000635a:	e695      	b.n	10006088 <tud_task_ext+0x304>
1000635c:	4d36      	ldr	r5, [pc, #216]	@ (10006438 <tud_task_ext+0x6b4>)
1000635e:	e7d8      	b.n	10006312 <tud_task_ext+0x58e>
10006360:	88e3      	ldrh	r3, [r4, #6]
10006362:	2b00      	cmp	r3, #0
10006364:	d112      	bne.n	1000638c <tud_task_ext+0x608>
10006366:	9b03      	ldr	r3, [sp, #12]
10006368:	7818      	ldrb	r0, [r3, #0]
1000636a:	9b04      	ldr	r3, [sp, #16]
1000636c:	2b01      	cmp	r3, #1
1000636e:	d023      	beq.n	100063b8 <tud_task_ext+0x634>
10006370:	f7ff fbfe 	bl	10005b70 <dcd_edpt_stall>
10006374:	4643      	mov	r3, r8
10006376:	2102      	movs	r1, #2
10006378:	18eb      	adds	r3, r5, r3
1000637a:	4453      	add	r3, sl
1000637c:	3330      	adds	r3, #48	@ 0x30
1000637e:	791a      	ldrb	r2, [r3, #4]
10006380:	430a      	orrs	r2, r1
10006382:	2101      	movs	r1, #1
10006384:	711a      	strb	r2, [r3, #4]
10006386:	791a      	ldrb	r2, [r3, #4]
10006388:	430a      	orrs	r2, r1
1000638a:	711a      	strb	r2, [r3, #4]
1000638c:	464b      	mov	r3, r9
1000638e:	2b00      	cmp	r3, #0
10006390:	d100      	bne.n	10006394 <tud_task_ext+0x610>
10006392:	e50c      	b.n	10005dae <tud_task_ext+0x2a>
10006394:	6958      	ldr	r0, [r3, #20]
10006396:	f000 fa07 	bl	100067a8 <usbd_control_set_complete_callback>
1000639a:	464b      	mov	r3, r9
1000639c:	2101      	movs	r1, #1
1000639e:	695b      	ldr	r3, [r3, #20]
100063a0:	aa0e      	add	r2, sp, #56	@ 0x38
100063a2:	4658      	mov	r0, fp
100063a4:	4798      	blx	r3
100063a6:	2000      	movs	r0, #0
100063a8:	f000 f9fe 	bl	100067a8 <usbd_control_set_complete_callback>
100063ac:	2335      	movs	r3, #53	@ 0x35
100063ae:	5ceb      	ldrb	r3, [r5, r3]
100063b0:	07db      	lsls	r3, r3, #31
100063b2:	d500      	bpl.n	100063b6 <tud_task_ext+0x632>
100063b4:	e4fb      	b.n	10005dae <tud_task_ext+0x2a>
100063b6:	e6bc      	b.n	10006132 <tud_task_ext+0x3ae>
100063b8:	f7ff fbf8 	bl	10005bac <dcd_edpt_clear_stall>
100063bc:	4643      	mov	r3, r8
100063be:	2102      	movs	r1, #2
100063c0:	18eb      	adds	r3, r5, r3
100063c2:	4453      	add	r3, sl
100063c4:	3330      	adds	r3, #48	@ 0x30
100063c6:	791a      	ldrb	r2, [r3, #4]
100063c8:	438a      	bics	r2, r1
100063ca:	711a      	strb	r2, [r3, #4]
100063cc:	791a      	ldrb	r2, [r3, #4]
100063ce:	9904      	ldr	r1, [sp, #16]
100063d0:	438a      	bics	r2, r1
100063d2:	711a      	strb	r2, [r3, #4]
100063d4:	e7da      	b.n	1000638c <tud_task_ext+0x608>
100063d6:	f7ff fc4b 	bl	10005c70 <tud_umount_cb>
100063da:	e6aa      	b.n	10006132 <tud_task_ext+0x3ae>
100063dc:	2100      	movs	r1, #0
100063de:	4658      	mov	r0, fp
100063e0:	f7ff fb16 	bl	10005a10 <dcd_sof_enable>
100063e4:	4658      	mov	r0, fp
100063e6:	f7ff fbad 	bl	10005b44 <dcd_edpt_close_all>
100063ea:	2200      	movs	r2, #0
100063ec:	4692      	mov	sl, r2
100063ee:	4a12      	ldr	r2, [pc, #72]	@ (10006438 <tud_task_ext+0x6b4>)
100063f0:	78ab      	ldrb	r3, [r5, #2]
100063f2:	9205      	str	r2, [sp, #20]
100063f4:	4a11      	ldr	r2, [pc, #68]	@ (1000643c <tud_task_ext+0x6b8>)
100063f6:	9304      	str	r3, [sp, #16]
100063f8:	9206      	str	r2, [sp, #24]
100063fa:	002a      	movs	r2, r5
100063fc:	4b0d      	ldr	r3, [pc, #52]	@ (10006434 <tud_task_ext+0x6b0>)
100063fe:	4655      	mov	r5, sl
10006400:	4698      	mov	r8, r3
10006402:	4692      	mov	sl, r2
10006404:	781b      	ldrb	r3, [r3, #0]
10006406:	e00e      	b.n	10006426 <tud_task_ext+0x6a2>
10006408:	9b06      	ldr	r3, [sp, #24]
1000640a:	016a      	lsls	r2, r5, #5
1000640c:	681b      	ldr	r3, [r3, #0]
1000640e:	189b      	adds	r3, r3, r2
10006410:	2b00      	cmp	r3, #0
10006412:	d054      	beq.n	100064be <tud_task_ext+0x73a>
10006414:	68db      	ldr	r3, [r3, #12]
10006416:	4658      	mov	r0, fp
10006418:	4798      	blx	r3
1000641a:	4643      	mov	r3, r8
1000641c:	3501      	adds	r5, #1
1000641e:	781b      	ldrb	r3, [r3, #0]
10006420:	b2ed      	uxtb	r5, r5
10006422:	42ab      	cmp	r3, r5
10006424:	d337      	bcc.n	10006496 <tud_task_ext+0x712>
10006426:	42ab      	cmp	r3, r5
10006428:	d8ee      	bhi.n	10006408 <tud_task_ext+0x684>
1000642a:	9a05      	ldr	r2, [sp, #20]
1000642c:	1aeb      	subs	r3, r5, r3
1000642e:	015b      	lsls	r3, r3, #5
10006430:	18d3      	adds	r3, r2, r3
10006432:	e7ef      	b.n	10006414 <tud_task_ext+0x690>
10006434:	20001c98 	.word	0x20001c98
10006438:	10007cfc 	.word	0x10007cfc
1000643c:	200013c0 	.word	0x200013c0
10006440:	200014bc 	.word	0x200014bc
10006444:	10007ca0 	.word	0x10007ca0
10006448:	ab0c      	add	r3, sp, #48	@ 0x30
1000644a:	1c9a      	adds	r2, r3, #2
1000644c:	4658      	mov	r0, fp
1000644e:	2301      	movs	r3, #1
10006450:	a90e      	add	r1, sp, #56	@ 0x38
10006452:	7015      	strb	r5, [r2, #0]
10006454:	f000 f94e 	bl	100066f4 <tud_control_xfer>
10006458:	e4a9      	b.n	10005dae <tud_task_ext+0x2a>
1000645a:	9a0b      	ldr	r2, [sp, #44]	@ 0x2c
1000645c:	2a01      	cmp	r2, #1
1000645e:	d04c      	beq.n	100064fa <tud_task_ext+0x776>
10006460:	2a00      	cmp	r2, #0
10006462:	d03c      	beq.n	100064de <tud_task_ext+0x75a>
10006464:	2300      	movs	r3, #0
10006466:	78b0      	ldrb	r0, [r6, #2]
10006468:	e004      	b.n	10006474 <tud_task_ext+0x6f0>
1000646a:	3301      	adds	r3, #1
1000646c:	b2db      	uxtb	r3, r3
1000646e:	710f      	strb	r7, [r1, #4]
10006470:	4293      	cmp	r3, r2
10006472:	d234      	bcs.n	100064de <tud_task_ext+0x75a>
10006474:	18c1      	adds	r1, r0, r3
10006476:	b2c9      	uxtb	r1, r1
10006478:	4441      	add	r1, r8
1000647a:	790d      	ldrb	r5, [r1, #4]
1000647c:	2dff      	cmp	r5, #255	@ 0xff
1000647e:	d0f4      	beq.n	1000646a <tud_task_ext+0x6e6>
10006480:	464e      	mov	r6, r9
10006482:	4645      	mov	r5, r8
10006484:	4657      	mov	r7, sl
10006486:	2300      	movs	r3, #0
10006488:	706b      	strb	r3, [r5, #1]
1000648a:	e5fd      	b.n	10006088 <tud_task_ext+0x304>
1000648c:	464e      	mov	r6, r9
1000648e:	4657      	mov	r7, sl
10006490:	f7ff fbec 	bl	10005c6c <tud_mount_cb>
10006494:	e64d      	b.n	10006132 <tud_task_ext+0x3ae>
10006496:	4655      	mov	r5, sl
10006498:	2254      	movs	r2, #84	@ 0x54
1000649a:	2100      	movs	r1, #0
1000649c:	0028      	movs	r0, r5
1000649e:	f7fd f8ab 	bl	100035f8 <__wrap_memset>
100064a2:	2210      	movs	r2, #16
100064a4:	21ff      	movs	r1, #255	@ 0xff
100064a6:	1d28      	adds	r0, r5, #4
100064a8:	f7fd f8a6 	bl	100035f8 <__wrap_memset>
100064ac:	0028      	movs	r0, r5
100064ae:	2220      	movs	r2, #32
100064b0:	21ff      	movs	r1, #255	@ 0xff
100064b2:	3014      	adds	r0, #20
100064b4:	f7fd f8a0 	bl	100035f8 <__wrap_memset>
100064b8:	9b04      	ldr	r3, [sp, #16]
100064ba:	70ab      	strb	r3, [r5, #2]
100064bc:	e661      	b.n	10006182 <tud_task_ext+0x3fe>
100064be:	4655      	mov	r5, sl
100064c0:	e7fa      	b.n	100064b8 <tud_task_ext+0x734>
100064c2:	f7ff fa11 	bl	100058e8 <tud_descriptor_bos_cb>
100064c6:	1e02      	subs	r2, r0, #0
100064c8:	d100      	bne.n	100064cc <tud_task_ext+0x748>
100064ca:	e5dd      	b.n	10006088 <tud_task_ext+0x304>
100064cc:	78d3      	ldrb	r3, [r2, #3]
100064ce:	7891      	ldrb	r1, [r2, #2]
100064d0:	021b      	lsls	r3, r3, #8
100064d2:	430b      	orrs	r3, r1
100064d4:	4658      	mov	r0, fp
100064d6:	a90e      	add	r1, sp, #56	@ 0x38
100064d8:	f000 f90c 	bl	100066f4 <tud_control_xfer>
100064dc:	e5e5      	b.n	100060aa <tud_task_ext+0x326>
100064de:	4665      	mov	r5, ip
100064e0:	003b      	movs	r3, r7
100064e2:	0031      	movs	r1, r6
100064e4:	002a      	movs	r2, r5
100064e6:	980a      	ldr	r0, [sp, #40]	@ 0x28
100064e8:	f000 fd46 	bl	10006f78 <tu_edpt_bind_driver>
100064ec:	9b04      	ldr	r3, [sp, #16]
100064ee:	1976      	adds	r6, r6, r5
100064f0:	781b      	ldrb	r3, [r3, #0]
100064f2:	42bb      	cmp	r3, r7
100064f4:	d300      	bcc.n	100064f8 <tud_task_ext+0x774>
100064f6:	e679      	b.n	100061ec <tud_task_ext+0x468>
100064f8:	e7c2      	b.n	10006480 <tud_task_ext+0x6fc>
100064fa:	4b17      	ldr	r3, [pc, #92]	@ (10006558 <tud_task_ext+0x7d4>)
100064fc:	6929      	ldr	r1, [r5, #16]
100064fe:	4299      	cmp	r1, r3
10006500:	d1b0      	bne.n	10006464 <tud_task_ext+0x6e0>
10006502:	9a07      	ldr	r2, [sp, #28]
10006504:	e7ae      	b.n	10006464 <tud_task_ext+0x6e0>
10006506:	f7ff fbad 	bl	10005c64 <tud_descriptor_device_qualifier_cb>
1000650a:	1e02      	subs	r2, r0, #0
1000650c:	d100      	bne.n	10006510 <tud_task_ext+0x78c>
1000650e:	e5bb      	b.n	10006088 <tud_task_ext+0x304>
10006510:	4658      	mov	r0, fp
10006512:	7813      	ldrb	r3, [r2, #0]
10006514:	a90e      	add	r1, sp, #56	@ 0x38
10006516:	f000 f8ed 	bl	100066f4 <tud_control_xfer>
1000651a:	e5c6      	b.n	100060aa <tud_task_ext+0x326>
1000651c:	8921      	ldrh	r1, [r4, #8]
1000651e:	f7ff f847 	bl	100055b0 <tud_descriptor_string_cb>
10006522:	1e02      	subs	r2, r0, #0
10006524:	d1f4      	bne.n	10006510 <tud_task_ext+0x78c>
10006526:	e5af      	b.n	10006088 <tud_task_ext+0x304>
10006528:	2b02      	cmp	r3, #2
1000652a:	d00f      	beq.n	1000654c <tud_task_ext+0x7c8>
1000652c:	f7ff fb9c 	bl	10005c68 <tud_descriptor_other_speed_configuration_cb>
10006530:	1e02      	subs	r2, r0, #0
10006532:	d1cb      	bne.n	100064cc <tud_task_ext+0x748>
10006534:	e5a8      	b.n	10006088 <tud_task_ext+0x304>
10006536:	f7ff f833 	bl	100055a0 <tud_descriptor_device_cb>
1000653a:	1e02      	subs	r2, r0, #0
1000653c:	d100      	bne.n	10006540 <tud_task_ext+0x7bc>
1000653e:	e5a3      	b.n	10006088 <tud_task_ext+0x304>
10006540:	2312      	movs	r3, #18
10006542:	4658      	mov	r0, fp
10006544:	a90e      	add	r1, sp, #56	@ 0x38
10006546:	f000 f8d5 	bl	100066f4 <tud_control_xfer>
1000654a:	e5ae      	b.n	100060aa <tud_task_ext+0x326>
1000654c:	f7ff f82c 	bl	100055a8 <tud_descriptor_configuration_cb>
10006550:	1e02      	subs	r2, r0, #0
10006552:	d1bb      	bne.n	100064cc <tud_task_ext+0x748>
10006554:	e598      	b.n	10006088 <tud_task_ext+0x304>
10006556:	46c0      	nop			@ (mov r8, r8)
10006558:	10006ba1 	.word	0x10006ba1

1000655c <usbd_open_edpt_pair>:
1000655c:	b5f0      	push	{r4, r5, r6, r7, lr}
1000655e:	464f      	mov	r7, r9
10006560:	4646      	mov	r6, r8
10006562:	46d6      	mov	lr, sl
10006564:	b5c0      	push	{r6, r7, lr}
10006566:	000c      	movs	r4, r1
10006568:	0016      	movs	r6, r2
1000656a:	001f      	movs	r7, r3
1000656c:	b082      	sub	sp, #8
1000656e:	2a00      	cmp	r2, #0
10006570:	d03a      	beq.n	100065e8 <usbd_open_edpt_pair+0x8c>
10006572:	2370      	movs	r3, #112	@ 0x70
10006574:	4698      	mov	r8, r3
10006576:	4b1d      	ldr	r3, [pc, #116]	@ (100065ec <usbd_open_edpt_pair+0x90>)
10006578:	2500      	movs	r5, #0
1000657a:	4699      	mov	r9, r3
1000657c:	4b1c      	ldr	r3, [pc, #112]	@ (100065f0 <usbd_open_edpt_pair+0x94>)
1000657e:	469a      	mov	sl, r3
10006580:	e01a      	b.n	100065b8 <usbd_open_edpt_pair+0x5c>
10006582:	464b      	mov	r3, r9
10006584:	781b      	ldrb	r3, [r3, #0]
10006586:	0020      	movs	r0, r4
10006588:	9301      	str	r3, [sp, #4]
1000658a:	4653      	mov	r3, sl
1000658c:	7899      	ldrb	r1, [r3, #2]
1000658e:	f000 fcb9 	bl	10006f04 <tu_edpt_validate>
10006592:	2800      	cmp	r0, #0
10006594:	d01c      	beq.n	100065d0 <usbd_open_edpt_pair+0x74>
10006596:	0021      	movs	r1, r4
10006598:	9801      	ldr	r0, [sp, #4]
1000659a:	f7ff fa55 	bl	10005a48 <dcd_edpt_open>
1000659e:	2800      	cmp	r0, #0
100065a0:	d016      	beq.n	100065d0 <usbd_open_edpt_pair+0x74>
100065a2:	78a3      	ldrb	r3, [r4, #2]
100065a4:	09da      	lsrs	r2, r3, #7
100065a6:	2a01      	cmp	r2, #1
100065a8:	d019      	beq.n	100065de <usbd_open_edpt_pair+0x82>
100065aa:	9a0a      	ldr	r2, [sp, #40]	@ 0x28
100065ac:	3501      	adds	r5, #1
100065ae:	7013      	strb	r3, [r2, #0]
100065b0:	42b5      	cmp	r5, r6
100065b2:	da19      	bge.n	100065e8 <usbd_open_edpt_pair+0x8c>
100065b4:	7823      	ldrb	r3, [r4, #0]
100065b6:	18e4      	adds	r4, r4, r3
100065b8:	7863      	ldrb	r3, [r4, #1]
100065ba:	2b05      	cmp	r3, #5
100065bc:	d108      	bne.n	100065d0 <usbd_open_edpt_pair+0x74>
100065be:	78e3      	ldrb	r3, [r4, #3]
100065c0:	079b      	lsls	r3, r3, #30
100065c2:	0f9b      	lsrs	r3, r3, #30
100065c4:	42bb      	cmp	r3, r7
100065c6:	d103      	bne.n	100065d0 <usbd_open_edpt_pair+0x74>
100065c8:	4642      	mov	r2, r8
100065ca:	78a3      	ldrb	r3, [r4, #2]
100065cc:	421a      	tst	r2, r3
100065ce:	d0d8      	beq.n	10006582 <usbd_open_edpt_pair+0x26>
100065d0:	2000      	movs	r0, #0
100065d2:	b002      	add	sp, #8
100065d4:	bce0      	pop	{r5, r6, r7}
100065d6:	46ba      	mov	sl, r7
100065d8:	46b1      	mov	r9, r6
100065da:	46a8      	mov	r8, r5
100065dc:	bdf0      	pop	{r4, r5, r6, r7, pc}
100065de:	9a0b      	ldr	r2, [sp, #44]	@ 0x2c
100065e0:	3501      	adds	r5, #1
100065e2:	7013      	strb	r3, [r2, #0]
100065e4:	42b5      	cmp	r5, r6
100065e6:	dbe5      	blt.n	100065b4 <usbd_open_edpt_pair+0x58>
100065e8:	2001      	movs	r0, #1
100065ea:	e7f2      	b.n	100065d2 <usbd_open_edpt_pair+0x76>
100065ec:	20001064 	.word	0x20001064
100065f0:	200014a8 	.word	0x200014a8

100065f4 <usbd_edpt_open>:
100065f4:	2270      	movs	r2, #112	@ 0x70
100065f6:	b570      	push	{r4, r5, r6, lr}
100065f8:	788b      	ldrb	r3, [r1, #2]
100065fa:	000c      	movs	r4, r1
100065fc:	421a      	tst	r2, r3
100065fe:	d001      	beq.n	10006604 <usbd_edpt_open+0x10>
10006600:	2000      	movs	r0, #0
10006602:	bd70      	pop	{r4, r5, r6, pc}
10006604:	4b06      	ldr	r3, [pc, #24]	@ (10006620 <usbd_edpt_open+0x2c>)
10006606:	0020      	movs	r0, r4
10006608:	781d      	ldrb	r5, [r3, #0]
1000660a:	4b06      	ldr	r3, [pc, #24]	@ (10006624 <usbd_edpt_open+0x30>)
1000660c:	7899      	ldrb	r1, [r3, #2]
1000660e:	f000 fc79 	bl	10006f04 <tu_edpt_validate>
10006612:	2800      	cmp	r0, #0
10006614:	d0f4      	beq.n	10006600 <usbd_edpt_open+0xc>
10006616:	0021      	movs	r1, r4
10006618:	0028      	movs	r0, r5
1000661a:	f7ff fa15 	bl	10005a48 <dcd_edpt_open>
1000661e:	e7f0      	b.n	10006602 <usbd_edpt_open+0xe>
10006620:	20001064 	.word	0x20001064
10006624:	200014a8 	.word	0x200014a8

10006628 <usbd_edpt_claim>:
10006628:	207f      	movs	r0, #127	@ 0x7f
1000662a:	4b07      	ldr	r3, [pc, #28]	@ (10006648 <usbd_edpt_claim+0x20>)
1000662c:	b510      	push	{r4, lr}
1000662e:	681a      	ldr	r2, [r3, #0]
10006630:	4008      	ands	r0, r1
10006632:	09cb      	lsrs	r3, r1, #7
10006634:	3334      	adds	r3, #52	@ 0x34
10006636:	0040      	lsls	r0, r0, #1
10006638:	18c0      	adds	r0, r0, r3
1000663a:	4b04      	ldr	r3, [pc, #16]	@ (1000664c <usbd_edpt_claim+0x24>)
1000663c:	0011      	movs	r1, r2
1000663e:	18c0      	adds	r0, r0, r3
10006640:	f000 fc1c 	bl	10006e7c <tu_edpt_claim>
10006644:	bd10      	pop	{r4, pc}
10006646:	46c0      	nop			@ (mov r8, r8)
10006648:	200014fc 	.word	0x200014fc
1000664c:	200014a8 	.word	0x200014a8

10006650 <usbd_edpt_release>:
10006650:	207f      	movs	r0, #127	@ 0x7f
10006652:	4b07      	ldr	r3, [pc, #28]	@ (10006670 <usbd_edpt_release+0x20>)
10006654:	b510      	push	{r4, lr}
10006656:	681a      	ldr	r2, [r3, #0]
10006658:	4008      	ands	r0, r1
1000665a:	09cb      	lsrs	r3, r1, #7
1000665c:	3334      	adds	r3, #52	@ 0x34
1000665e:	0040      	lsls	r0, r0, #1
10006660:	18c0      	adds	r0, r0, r3
10006662:	4b04      	ldr	r3, [pc, #16]	@ (10006674 <usbd_edpt_release+0x24>)
10006664:	0011      	movs	r1, r2
10006666:	18c0      	adds	r0, r0, r3
10006668:	f000 fc30 	bl	10006ecc <tu_edpt_release>
1000666c:	bd10      	pop	{r4, pc}
1000666e:	46c0      	nop			@ (mov r8, r8)
10006670:	200014fc 	.word	0x200014fc
10006674:	200014a8 	.word	0x200014a8

10006678 <usbd_edpt_xfer>:
10006678:	b570      	push	{r4, r5, r6, lr}
1000667a:	247f      	movs	r4, #127	@ 0x7f
1000667c:	09c8      	lsrs	r0, r1, #7
1000667e:	4684      	mov	ip, r0
10006680:	400c      	ands	r4, r1
10006682:	480f      	ldr	r0, [pc, #60]	@ (100066c0 <usbd_edpt_xfer+0x48>)
10006684:	0064      	lsls	r4, r4, #1
10006686:	1904      	adds	r4, r0, r4
10006688:	4464      	add	r4, ip
1000668a:	3430      	adds	r4, #48	@ 0x30
1000668c:	7920      	ldrb	r0, [r4, #4]
1000668e:	07c0      	lsls	r0, r0, #31
10006690:	d501      	bpl.n	10006696 <usbd_edpt_xfer+0x1e>
10006692:	2000      	movs	r0, #0
10006694:	bd70      	pop	{r4, r5, r6, pc}
10006696:	480b      	ldr	r0, [pc, #44]	@ (100066c4 <usbd_edpt_xfer+0x4c>)
10006698:	2501      	movs	r5, #1
1000669a:	7800      	ldrb	r0, [r0, #0]
1000669c:	4684      	mov	ip, r0
1000669e:	7920      	ldrb	r0, [r4, #4]
100066a0:	4328      	orrs	r0, r5
100066a2:	7120      	strb	r0, [r4, #4]
100066a4:	4660      	mov	r0, ip
100066a6:	f7ff fa51 	bl	10005b4c <dcd_edpt_xfer>
100066aa:	2800      	cmp	r0, #0
100066ac:	d1f2      	bne.n	10006694 <usbd_edpt_xfer+0x1c>
100066ae:	2201      	movs	r2, #1
100066b0:	7923      	ldrb	r3, [r4, #4]
100066b2:	4393      	bics	r3, r2
100066b4:	7123      	strb	r3, [r4, #4]
100066b6:	7923      	ldrb	r3, [r4, #4]
100066b8:	3203      	adds	r2, #3
100066ba:	4393      	bics	r3, r2
100066bc:	7123      	strb	r3, [r4, #4]
100066be:	e7e8      	b.n	10006692 <usbd_edpt_xfer+0x1a>
100066c0:	200014a8 	.word	0x200014a8
100066c4:	20001064 	.word	0x20001064

100066c8 <tud_control_status>:
100066c8:	b570      	push	{r4, r5, r6, lr}
100066ca:	4c09      	ldr	r4, [pc, #36]	@ (100066f0 <tud_control_status+0x28>)
100066cc:	0006      	movs	r6, r0
100066ce:	2208      	movs	r2, #8
100066d0:	0020      	movs	r0, r4
100066d2:	000d      	movs	r5, r1
100066d4:	f7fc ff96 	bl	10003604 <__wrap___aeabi_memcpy>
100066d8:	2300      	movs	r3, #0
100066da:	2180      	movs	r1, #128	@ 0x80
100066dc:	60e3      	str	r3, [r4, #12]
100066de:	60a3      	str	r3, [r4, #8]
100066e0:	782b      	ldrb	r3, [r5, #0]
100066e2:	0030      	movs	r0, r6
100066e4:	4399      	bics	r1, r3
100066e6:	2200      	movs	r2, #0
100066e8:	2300      	movs	r3, #0
100066ea:	f7ff ffc5 	bl	10006678 <usbd_edpt_xfer>
100066ee:	bd70      	pop	{r4, r5, r6, pc}
100066f0:	20001488 	.word	0x20001488

100066f4 <tud_control_xfer>:
100066f4:	b5f0      	push	{r4, r5, r6, r7, lr}
100066f6:	46c6      	mov	lr, r8
100066f8:	4c24      	ldr	r4, [pc, #144]	@ (1000678c <tud_control_xfer+0x98>)
100066fa:	0017      	movs	r7, r2
100066fc:	4680      	mov	r8, r0
100066fe:	2208      	movs	r2, #8
10006700:	0020      	movs	r0, r4
10006702:	b500      	push	{lr}
10006704:	000d      	movs	r5, r1
10006706:	001e      	movs	r6, r3
10006708:	f7fc ff7c 	bl	10003604 <__wrap___aeabi_memcpy>
1000670c:	2300      	movs	r3, #0
1000670e:	60a7      	str	r7, [r4, #8]
10006710:	81e3      	strh	r3, [r4, #14]
10006712:	79eb      	ldrb	r3, [r5, #7]
10006714:	79aa      	ldrb	r2, [r5, #6]
10006716:	021b      	lsls	r3, r3, #8
10006718:	4313      	orrs	r3, r2
1000671a:	1c1a      	adds	r2, r3, #0
1000671c:	42b3      	cmp	r3, r6
1000671e:	d900      	bls.n	10006722 <tud_control_xfer+0x2e>
10006720:	1c32      	adds	r2, r6, #0
10006722:	b296      	uxth	r6, r2
10006724:	81a2      	strh	r2, [r4, #12]
10006726:	2b00      	cmp	r3, #0
10006728:	d00c      	beq.n	10006744 <tud_control_xfer+0x50>
1000672a:	2e00      	cmp	r6, #0
1000672c:	d015      	beq.n	1000675a <tud_control_xfer+0x66>
1000672e:	2f00      	cmp	r7, #0
10006730:	d02a      	beq.n	10006788 <tud_control_xfer+0x94>
10006732:	2e40      	cmp	r6, #64	@ 0x40
10006734:	d81a      	bhi.n	1000676c <tud_control_xfer+0x78>
10006736:	7823      	ldrb	r3, [r4, #0]
10006738:	b296      	uxth	r6, r2
1000673a:	2b7f      	cmp	r3, #127	@ 0x7f
1000673c:	d81b      	bhi.n	10006776 <tud_control_xfer+0x82>
1000673e:	2100      	movs	r1, #0
10006740:	4a13      	ldr	r2, [pc, #76]	@ (10006790 <tud_control_xfer+0x9c>)
10006742:	e00e      	b.n	10006762 <tud_control_xfer+0x6e>
10006744:	2180      	movs	r1, #128	@ 0x80
10006746:	782b      	ldrb	r3, [r5, #0]
10006748:	2200      	movs	r2, #0
1000674a:	4399      	bics	r1, r3
1000674c:	4640      	mov	r0, r8
1000674e:	2300      	movs	r3, #0
10006750:	f7ff ff92 	bl	10006678 <usbd_edpt_xfer>
10006754:	bc80      	pop	{r7}
10006756:	46b8      	mov	r8, r7
10006758:	bdf0      	pop	{r4, r5, r6, r7, pc}
1000675a:	237f      	movs	r3, #127	@ 0x7f
1000675c:	2200      	movs	r2, #0
1000675e:	7821      	ldrb	r1, [r4, #0]
10006760:	4399      	bics	r1, r3
10006762:	0033      	movs	r3, r6
10006764:	4640      	mov	r0, r8
10006766:	f7ff ff87 	bl	10006678 <usbd_edpt_xfer>
1000676a:	e7f3      	b.n	10006754 <tud_control_xfer+0x60>
1000676c:	2240      	movs	r2, #64	@ 0x40
1000676e:	7823      	ldrb	r3, [r4, #0]
10006770:	b296      	uxth	r6, r2
10006772:	2b7f      	cmp	r3, #127	@ 0x7f
10006774:	d9e3      	bls.n	1000673e <tud_control_xfer+0x4a>
10006776:	4c06      	ldr	r4, [pc, #24]	@ (10006790 <tud_control_xfer+0x9c>)
10006778:	0032      	movs	r2, r6
1000677a:	0039      	movs	r1, r7
1000677c:	0020      	movs	r0, r4
1000677e:	f7fc ff41 	bl	10003604 <__wrap___aeabi_memcpy>
10006782:	2180      	movs	r1, #128	@ 0x80
10006784:	0022      	movs	r2, r4
10006786:	e7ec      	b.n	10006762 <tud_control_xfer+0x6e>
10006788:	2000      	movs	r0, #0
1000678a:	e7e3      	b.n	10006754 <tud_control_xfer+0x60>
1000678c:	20001488 	.word	0x20001488
10006790:	20001448 	.word	0x20001448

10006794 <usbd_control_reset>:
10006794:	b510      	push	{r4, lr}
10006796:	2214      	movs	r2, #20
10006798:	2100      	movs	r1, #0
1000679a:	4802      	ldr	r0, [pc, #8]	@ (100067a4 <usbd_control_reset+0x10>)
1000679c:	f7fc ff2c 	bl	100035f8 <__wrap_memset>
100067a0:	bd10      	pop	{r4, pc}
100067a2:	46c0      	nop			@ (mov r8, r8)
100067a4:	20001488 	.word	0x20001488

100067a8 <usbd_control_set_complete_callback>:
100067a8:	4b01      	ldr	r3, [pc, #4]	@ (100067b0 <usbd_control_set_complete_callback+0x8>)
100067aa:	6118      	str	r0, [r3, #16]
100067ac:	4770      	bx	lr
100067ae:	46c0      	nop			@ (mov r8, r8)
100067b0:	20001488 	.word	0x20001488

100067b4 <usbd_control_set_request>:
100067b4:	b510      	push	{r4, lr}
100067b6:	4c05      	ldr	r4, [pc, #20]	@ (100067cc <usbd_control_set_request+0x18>)
100067b8:	0001      	movs	r1, r0
100067ba:	2208      	movs	r2, #8
100067bc:	0020      	movs	r0, r4
100067be:	f7fc ff21 	bl	10003604 <__wrap___aeabi_memcpy>
100067c2:	2300      	movs	r3, #0
100067c4:	60a3      	str	r3, [r4, #8]
100067c6:	60e3      	str	r3, [r4, #12]
100067c8:	bd10      	pop	{r4, pc}
100067ca:	46c0      	nop			@ (mov r8, r8)
100067cc:	20001488 	.word	0x20001488

100067d0 <usbd_control_xfer_cb>:
100067d0:	b570      	push	{r4, r5, r6, lr}
100067d2:	4c37      	ldr	r4, [pc, #220]	@ (100068b0 <usbd_control_xfer_cb+0xe0>)
100067d4:	001d      	movs	r5, r3
100067d6:	7823      	ldrb	r3, [r4, #0]
100067d8:	0006      	movs	r6, r0
100067da:	09da      	lsrs	r2, r3, #7
100067dc:	09c9      	lsrs	r1, r1, #7
100067de:	428a      	cmp	r2, r1
100067e0:	d010      	beq.n	10006804 <usbd_control_xfer_cb+0x34>
100067e2:	2000      	movs	r0, #0
100067e4:	2d00      	cmp	r5, #0
100067e6:	d000      	beq.n	100067ea <usbd_control_xfer_cb+0x1a>
100067e8:	bd70      	pop	{r4, r5, r6, pc}
100067ea:	0021      	movs	r1, r4
100067ec:	0030      	movs	r0, r6
100067ee:	f7ff f91d 	bl	10005a2c <dcd_edpt0_status_complete>
100067f2:	6923      	ldr	r3, [r4, #16]
100067f4:	2b00      	cmp	r3, #0
100067f6:	d003      	beq.n	10006800 <usbd_control_xfer_cb+0x30>
100067f8:	0022      	movs	r2, r4
100067fa:	2103      	movs	r1, #3
100067fc:	0030      	movs	r0, r6
100067fe:	4798      	blx	r3
10006800:	2001      	movs	r0, #1
10006802:	e7f1      	b.n	100067e8 <usbd_control_xfer_cb+0x18>
10006804:	2b7f      	cmp	r3, #127	@ 0x7f
10006806:	d806      	bhi.n	10006816 <usbd_control_xfer_cb+0x46>
10006808:	68a0      	ldr	r0, [r4, #8]
1000680a:	2800      	cmp	r0, #0
1000680c:	d0ec      	beq.n	100067e8 <usbd_control_xfer_cb+0x18>
1000680e:	002a      	movs	r2, r5
10006810:	4928      	ldr	r1, [pc, #160]	@ (100068b4 <usbd_control_xfer_cb+0xe4>)
10006812:	f7fc fef7 	bl	10003604 <__wrap___aeabi_memcpy>
10006816:	89e2      	ldrh	r2, [r4, #14]
10006818:	68a1      	ldr	r1, [r4, #8]
1000681a:	1952      	adds	r2, r2, r5
1000681c:	88e3      	ldrh	r3, [r4, #6]
1000681e:	b292      	uxth	r2, r2
10006820:	1949      	adds	r1, r1, r5
10006822:	81e2      	strh	r2, [r4, #14]
10006824:	60a1      	str	r1, [r4, #8]
10006826:	4293      	cmp	r3, r2
10006828:	d014      	beq.n	10006854 <usbd_control_xfer_cb+0x84>
1000682a:	2d3f      	cmp	r5, #63	@ 0x3f
1000682c:	d912      	bls.n	10006854 <usbd_control_xfer_cb+0x84>
1000682e:	89a3      	ldrh	r3, [r4, #12]
10006830:	1a98      	subs	r0, r3, r2
10006832:	1c05      	adds	r5, r0, #0
10006834:	b280      	uxth	r0, r0
10006836:	2840      	cmp	r0, #64	@ 0x40
10006838:	d828      	bhi.n	1000688c <usbd_control_xfer_cb+0xbc>
1000683a:	7820      	ldrb	r0, [r4, #0]
1000683c:	b2ad      	uxth	r5, r5
1000683e:	287f      	cmp	r0, #127	@ 0x7f
10006840:	d826      	bhi.n	10006890 <usbd_control_xfer_cb+0xc0>
10006842:	2100      	movs	r1, #0
10006844:	429a      	cmp	r2, r3
10006846:	d030      	beq.n	100068aa <usbd_control_xfer_cb+0xda>
10006848:	4a1a      	ldr	r2, [pc, #104]	@ (100068b4 <usbd_control_xfer_cb+0xe4>)
1000684a:	002b      	movs	r3, r5
1000684c:	0030      	movs	r0, r6
1000684e:	f7ff ff13 	bl	10006678 <usbd_edpt_xfer>
10006852:	e7c9      	b.n	100067e8 <usbd_control_xfer_cb+0x18>
10006854:	6923      	ldr	r3, [r4, #16]
10006856:	2b00      	cmp	r3, #0
10006858:	d005      	beq.n	10006866 <usbd_control_xfer_cb+0x96>
1000685a:	0022      	movs	r2, r4
1000685c:	2102      	movs	r1, #2
1000685e:	0030      	movs	r0, r6
10006860:	4798      	blx	r3
10006862:	2800      	cmp	r0, #0
10006864:	d008      	beq.n	10006878 <usbd_control_xfer_cb+0xa8>
10006866:	2180      	movs	r1, #128	@ 0x80
10006868:	7823      	ldrb	r3, [r4, #0]
1000686a:	2200      	movs	r2, #0
1000686c:	4399      	bics	r1, r3
1000686e:	0030      	movs	r0, r6
10006870:	2300      	movs	r3, #0
10006872:	f7ff ff01 	bl	10006678 <usbd_edpt_xfer>
10006876:	e7b7      	b.n	100067e8 <usbd_control_xfer_cb+0x18>
10006878:	2100      	movs	r1, #0
1000687a:	0030      	movs	r0, r6
1000687c:	f7ff f978 	bl	10005b70 <dcd_edpt_stall>
10006880:	0030      	movs	r0, r6
10006882:	2180      	movs	r1, #128	@ 0x80
10006884:	f7ff f974 	bl	10005b70 <dcd_edpt_stall>
10006888:	2001      	movs	r0, #1
1000688a:	e7ad      	b.n	100067e8 <usbd_control_xfer_cb+0x18>
1000688c:	2540      	movs	r5, #64	@ 0x40
1000688e:	e7d4      	b.n	1000683a <usbd_control_xfer_cb+0x6a>
10006890:	429a      	cmp	r2, r3
10006892:	d007      	beq.n	100068a4 <usbd_control_xfer_cb+0xd4>
10006894:	4c07      	ldr	r4, [pc, #28]	@ (100068b4 <usbd_control_xfer_cb+0xe4>)
10006896:	002a      	movs	r2, r5
10006898:	0020      	movs	r0, r4
1000689a:	f7fc feb3 	bl	10003604 <__wrap___aeabi_memcpy>
1000689e:	2180      	movs	r1, #128	@ 0x80
100068a0:	0022      	movs	r2, r4
100068a2:	e7d2      	b.n	1000684a <usbd_control_xfer_cb+0x7a>
100068a4:	2180      	movs	r1, #128	@ 0x80
100068a6:	2200      	movs	r2, #0
100068a8:	e7cf      	b.n	1000684a <usbd_control_xfer_cb+0x7a>
100068aa:	2200      	movs	r2, #0
100068ac:	e7cd      	b.n	1000684a <usbd_control_xfer_cb+0x7a>
100068ae:	46c0      	nop			@ (mov r8, r8)
100068b0:	20001488 	.word	0x20001488
100068b4:	20001448 	.word	0x20001448

100068b8 <_prep_out_transaction.isra.0>:
100068b8:	b570      	push	{r4, r5, r6, lr}
100068ba:	0004      	movs	r4, r0
100068bc:	f7ff f9de 	bl	10005c7c <tud_mounted>
100068c0:	2800      	cmp	r0, #0
100068c2:	d100      	bne.n	100068c6 <_prep_out_transaction.isra.0+0xe>
100068c4:	bd70      	pop	{r4, r5, r6, pc}
100068c6:	f7ff f9e1 	bl	10005c8c <tud_suspended>
100068ca:	2800      	cmp	r0, #0
100068cc:	d1fa      	bne.n	100068c4 <_prep_out_transaction.isra.0+0xc>
100068ce:	23c8      	movs	r3, #200	@ 0xc8
100068d0:	4363      	muls	r3, r4
100068d2:	4a12      	ldr	r2, [pc, #72]	@ (1000691c <_prep_out_transaction.isra.0+0x64>)
100068d4:	0025      	movs	r5, r4
100068d6:	18d4      	adds	r4, r2, r3
100068d8:	78e1      	ldrb	r1, [r4, #3]
100068da:	2900      	cmp	r1, #0
100068dc:	d0f2      	beq.n	100068c4 <_prep_out_transaction.isra.0+0xc>
100068de:	3310      	adds	r3, #16
100068e0:	189e      	adds	r6, r3, r2
100068e2:	0030      	movs	r0, r6
100068e4:	f000 fbb6 	bl	10007054 <tu_fifo_remaining>
100068e8:	283f      	cmp	r0, #63	@ 0x3f
100068ea:	d9eb      	bls.n	100068c4 <_prep_out_transaction.isra.0+0xc>
100068ec:	2000      	movs	r0, #0
100068ee:	78e1      	ldrb	r1, [r4, #3]
100068f0:	f7ff fe9a 	bl	10006628 <usbd_edpt_claim>
100068f4:	2800      	cmp	r0, #0
100068f6:	d0e5      	beq.n	100068c4 <_prep_out_transaction.isra.0+0xc>
100068f8:	0030      	movs	r0, r6
100068fa:	f000 fbab 	bl	10007054 <tu_fifo_remaining>
100068fe:	78e1      	ldrb	r1, [r4, #3]
10006900:	283f      	cmp	r0, #63	@ 0x3f
10006902:	d907      	bls.n	10006914 <_prep_out_transaction.isra.0+0x5c>
10006904:	4b06      	ldr	r3, [pc, #24]	@ (10006920 <_prep_out_transaction.isra.0+0x68>)
10006906:	01ea      	lsls	r2, r5, #7
10006908:	18d2      	adds	r2, r2, r3
1000690a:	2000      	movs	r0, #0
1000690c:	2340      	movs	r3, #64	@ 0x40
1000690e:	f7ff feb3 	bl	10006678 <usbd_edpt_xfer>
10006912:	e7d7      	b.n	100068c4 <_prep_out_transaction.isra.0+0xc>
10006914:	2000      	movs	r0, #0
10006916:	f7ff fe9b 	bl	10006650 <usbd_edpt_release>
1000691a:	e7d3      	b.n	100068c4 <_prep_out_transaction.isra.0+0xc>
1000691c:	20001070 	.word	0x20001070
10006920:	200013c4 	.word	0x200013c4

10006924 <tud_cdc_n_connected>:
10006924:	b510      	push	{r4, lr}
10006926:	0004      	movs	r4, r0
10006928:	f7ff f9a8 	bl	10005c7c <tud_mounted>
1000692c:	2800      	cmp	r0, #0
1000692e:	d101      	bne.n	10006934 <tud_cdc_n_connected+0x10>
10006930:	2000      	movs	r0, #0
10006932:	bd10      	pop	{r4, pc}
10006934:	f7ff f9aa 	bl	10005c8c <tud_suspended>
10006938:	2800      	cmp	r0, #0
1000693a:	d1f9      	bne.n	10006930 <tud_cdc_n_connected+0xc>
1000693c:	22c8      	movs	r2, #200	@ 0xc8
1000693e:	4362      	muls	r2, r4
10006940:	4b02      	ldr	r3, [pc, #8]	@ (1000694c <tud_cdc_n_connected+0x28>)
10006942:	3001      	adds	r0, #1
10006944:	189b      	adds	r3, r3, r2
10006946:	791b      	ldrb	r3, [r3, #4]
10006948:	4018      	ands	r0, r3
1000694a:	e7f2      	b.n	10006932 <tud_cdc_n_connected+0xe>
1000694c:	20001070 	.word	0x20001070

10006950 <tud_cdc_n_available>:
10006950:	23c8      	movs	r3, #200	@ 0xc8
10006952:	b510      	push	{r4, lr}
10006954:	4343      	muls	r3, r0
10006956:	4802      	ldr	r0, [pc, #8]	@ (10006960 <tud_cdc_n_available+0x10>)
10006958:	1818      	adds	r0, r3, r0
1000695a:	f000 fb5d 	bl	10007018 <tu_fifo_count>
1000695e:	bd10      	pop	{r4, pc}
10006960:	20001080 	.word	0x20001080

10006964 <tud_cdc_n_read>:
10006964:	b5f8      	push	{r3, r4, r5, r6, r7, lr}
10006966:	23c8      	movs	r3, #200	@ 0xc8
10006968:	4343      	muls	r3, r0
1000696a:	4d1d      	ldr	r5, [pc, #116]	@ (100069e0 <tud_cdc_n_read+0x7c>)
1000696c:	3310      	adds	r3, #16
1000696e:	18ee      	adds	r6, r5, r3
10006970:	2380      	movs	r3, #128	@ 0x80
10006972:	0004      	movs	r4, r0
10006974:	025b      	lsls	r3, r3, #9
10006976:	429a      	cmp	r2, r3
10006978:	d300      	bcc.n	1000697c <tud_cdc_n_read+0x18>
1000697a:	4a1a      	ldr	r2, [pc, #104]	@ (100069e4 <tud_cdc_n_read+0x80>)
1000697c:	0030      	movs	r0, r6
1000697e:	b292      	uxth	r2, r2
10006980:	f000 fbcc 	bl	1000711c <tu_fifo_read_n>
10006984:	0007      	movs	r7, r0
10006986:	f7ff f979 	bl	10005c7c <tud_mounted>
1000698a:	2800      	cmp	r0, #0
1000698c:	d101      	bne.n	10006992 <tud_cdc_n_read+0x2e>
1000698e:	0038      	movs	r0, r7
10006990:	bdf8      	pop	{r3, r4, r5, r6, r7, pc}
10006992:	f7ff f97b 	bl	10005c8c <tud_suspended>
10006996:	2800      	cmp	r0, #0
10006998:	d1f9      	bne.n	1000698e <tud_cdc_n_read+0x2a>
1000699a:	23c8      	movs	r3, #200	@ 0xc8
1000699c:	4363      	muls	r3, r4
1000699e:	18ed      	adds	r5, r5, r3
100069a0:	78eb      	ldrb	r3, [r5, #3]
100069a2:	2b00      	cmp	r3, #0
100069a4:	d0f3      	beq.n	1000698e <tud_cdc_n_read+0x2a>
100069a6:	0030      	movs	r0, r6
100069a8:	f000 fb54 	bl	10007054 <tu_fifo_remaining>
100069ac:	283f      	cmp	r0, #63	@ 0x3f
100069ae:	d9ee      	bls.n	1000698e <tud_cdc_n_read+0x2a>
100069b0:	2000      	movs	r0, #0
100069b2:	78e9      	ldrb	r1, [r5, #3]
100069b4:	f7ff fe38 	bl	10006628 <usbd_edpt_claim>
100069b8:	2800      	cmp	r0, #0
100069ba:	d0e8      	beq.n	1000698e <tud_cdc_n_read+0x2a>
100069bc:	0030      	movs	r0, r6
100069be:	f000 fb49 	bl	10007054 <tu_fifo_remaining>
100069c2:	78e9      	ldrb	r1, [r5, #3]
100069c4:	283f      	cmp	r0, #63	@ 0x3f
100069c6:	d907      	bls.n	100069d8 <tud_cdc_n_read+0x74>
100069c8:	4b07      	ldr	r3, [pc, #28]	@ (100069e8 <tud_cdc_n_read+0x84>)
100069ca:	01e2      	lsls	r2, r4, #7
100069cc:	18d2      	adds	r2, r2, r3
100069ce:	2000      	movs	r0, #0
100069d0:	2340      	movs	r3, #64	@ 0x40
100069d2:	f7ff fe51 	bl	10006678 <usbd_edpt_xfer>
100069d6:	e7da      	b.n	1000698e <tud_cdc_n_read+0x2a>
100069d8:	2000      	movs	r0, #0
100069da:	f7ff fe39 	bl	10006650 <usbd_edpt_release>
100069de:	e7d6      	b.n	1000698e <tud_cdc_n_read+0x2a>
100069e0:	20001070 	.word	0x20001070
100069e4:	0000ffff 	.word	0x0000ffff
100069e8:	200013c4 	.word	0x200013c4

100069ec <tud_cdc_n_write_flush>:
100069ec:	b5f8      	push	{r3, r4, r5, r6, r7, lr}
100069ee:	0004      	movs	r4, r0
100069f0:	f7ff f944 	bl	10005c7c <tud_mounted>
100069f4:	2800      	cmp	r0, #0
100069f6:	d101      	bne.n	100069fc <tud_cdc_n_write_flush+0x10>
100069f8:	2000      	movs	r0, #0
100069fa:	bdf8      	pop	{r3, r4, r5, r6, r7, pc}
100069fc:	f7ff f946 	bl	10005c8c <tud_suspended>
10006a00:	2800      	cmp	r0, #0
10006a02:	d1f9      	bne.n	100069f8 <tud_cdc_n_write_flush+0xc>
10006a04:	23c8      	movs	r3, #200	@ 0xc8
10006a06:	0025      	movs	r5, r4
10006a08:	435d      	muls	r5, r3
10006a0a:	002b      	movs	r3, r5
10006a0c:	4e13      	ldr	r6, [pc, #76]	@ (10006a5c <tud_cdc_n_write_flush+0x70>)
10006a0e:	3324      	adds	r3, #36	@ 0x24
10006a10:	18f7      	adds	r7, r6, r3
10006a12:	0038      	movs	r0, r7
10006a14:	f000 fb00 	bl	10007018 <tu_fifo_count>
10006a18:	2800      	cmp	r0, #0
10006a1a:	d0ed      	beq.n	100069f8 <tud_cdc_n_write_flush+0xc>
10006a1c:	1975      	adds	r5, r6, r5
10006a1e:	2000      	movs	r0, #0
10006a20:	78a9      	ldrb	r1, [r5, #2]
10006a22:	f7ff fe01 	bl	10006628 <usbd_edpt_claim>
10006a26:	2800      	cmp	r0, #0
10006a28:	d0e6      	beq.n	100069f8 <tud_cdc_n_write_flush+0xc>
10006a2a:	4a0d      	ldr	r2, [pc, #52]	@ (10006a60 <tud_cdc_n_write_flush+0x74>)
10006a2c:	01e3      	lsls	r3, r4, #7
10006a2e:	189c      	adds	r4, r3, r2
10006a30:	0021      	movs	r1, r4
10006a32:	2240      	movs	r2, #64	@ 0x40
10006a34:	0038      	movs	r0, r7
10006a36:	f000 fb71 	bl	1000711c <tu_fifo_read_n>
10006a3a:	78a9      	ldrb	r1, [r5, #2]
10006a3c:	0003      	movs	r3, r0
10006a3e:	1e05      	subs	r5, r0, #0
10006a40:	d007      	beq.n	10006a52 <tud_cdc_n_write_flush+0x66>
10006a42:	0022      	movs	r2, r4
10006a44:	2000      	movs	r0, #0
10006a46:	f7ff fe17 	bl	10006678 <usbd_edpt_xfer>
10006a4a:	2800      	cmp	r0, #0
10006a4c:	d0d4      	beq.n	100069f8 <tud_cdc_n_write_flush+0xc>
10006a4e:	0028      	movs	r0, r5
10006a50:	e7d3      	b.n	100069fa <tud_cdc_n_write_flush+0xe>
10006a52:	2000      	movs	r0, #0
10006a54:	f7ff fdfc 	bl	10006650 <usbd_edpt_release>
10006a58:	e7ce      	b.n	100069f8 <tud_cdc_n_write_flush+0xc>
10006a5a:	46c0      	nop			@ (mov r8, r8)
10006a5c:	20001070 	.word	0x20001070
10006a60:	20001404 	.word	0x20001404

10006a64 <tud_cdc_n_write>:
10006a64:	b570      	push	{r4, r5, r6, lr}
10006a66:	24c8      	movs	r4, #200	@ 0xc8
10006a68:	4344      	muls	r4, r0
10006a6a:	4b0c      	ldr	r3, [pc, #48]	@ (10006a9c <tud_cdc_n_write+0x38>)
10006a6c:	0005      	movs	r5, r0
10006a6e:	18e4      	adds	r4, r4, r3
10006a70:	2380      	movs	r3, #128	@ 0x80
10006a72:	025b      	lsls	r3, r3, #9
10006a74:	429a      	cmp	r2, r3
10006a76:	d300      	bcc.n	10006a7a <tud_cdc_n_write+0x16>
10006a78:	4a09      	ldr	r2, [pc, #36]	@ (10006aa0 <tud_cdc_n_write+0x3c>)
10006a7a:	0020      	movs	r0, r4
10006a7c:	b292      	uxth	r2, r2
10006a7e:	f000 fc15 	bl	100072ac <tu_fifo_write_n>
10006a82:	0006      	movs	r6, r0
10006a84:	0020      	movs	r0, r4
10006a86:	f000 fac7 	bl	10007018 <tu_fifo_count>
10006a8a:	283f      	cmp	r0, #63	@ 0x3f
10006a8c:	d801      	bhi.n	10006a92 <tud_cdc_n_write+0x2e>
10006a8e:	0030      	movs	r0, r6
10006a90:	bd70      	pop	{r4, r5, r6, pc}
10006a92:	0028      	movs	r0, r5
10006a94:	f7ff ffaa 	bl	100069ec <tud_cdc_n_write_flush>
10006a98:	e7f9      	b.n	10006a8e <tud_cdc_n_write+0x2a>
10006a9a:	46c0      	nop			@ (mov r8, r8)
10006a9c:	20001094 	.word	0x20001094
10006aa0:	0000ffff 	.word	0x0000ffff

10006aa4 <tud_cdc_n_write_available>:
10006aa4:	23c8      	movs	r3, #200	@ 0xc8
10006aa6:	b510      	push	{r4, lr}
10006aa8:	4343      	muls	r3, r0
10006aaa:	4802      	ldr	r0, [pc, #8]	@ (10006ab4 <tud_cdc_n_write_available+0x10>)
10006aac:	1818      	adds	r0, r3, r0
10006aae:	f000 fad1 	bl	10007054 <tu_fifo_remaining>
10006ab2:	bd10      	pop	{r4, pc}
10006ab4:	20001094 	.word	0x20001094

10006ab8 <cdcd_init>:
10006ab8:	b5f0      	push	{r4, r5, r6, r7, lr}
10006aba:	2500      	movs	r5, #0
10006abc:	4c18      	ldr	r4, [pc, #96]	@ (10006b20 <cdcd_init+0x68>)
10006abe:	b083      	sub	sp, #12
10006ac0:	22c8      	movs	r2, #200	@ 0xc8
10006ac2:	2100      	movs	r1, #0
10006ac4:	0020      	movs	r0, r4
10006ac6:	f7fc fd97 	bl	100035f8 <__wrap_memset>
10006aca:	4b16      	ldr	r3, [pc, #88]	@ (10006b24 <cdcd_init+0x6c>)
10006acc:	0021      	movs	r1, r4
10006ace:	701d      	strb	r5, [r3, #0]
10006ad0:	23ff      	movs	r3, #255	@ 0xff
10006ad2:	7163      	strb	r3, [r4, #5]
10006ad4:	23e1      	movs	r3, #225	@ 0xe1
10006ad6:	025b      	lsls	r3, r3, #9
10006ad8:	60a3      	str	r3, [r4, #8]
10006ada:	0020      	movs	r0, r4
10006adc:	2308      	movs	r3, #8
10006ade:	2240      	movs	r2, #64	@ 0x40
10006ae0:	73a3      	strb	r3, [r4, #14]
10006ae2:	3138      	adds	r1, #56	@ 0x38
10006ae4:	9500      	str	r5, [sp, #0]
10006ae6:	3b07      	subs	r3, #7
10006ae8:	3010      	adds	r0, #16
10006aea:	f000 fa5f 	bl	10006fac <tu_fifo_config>
10006aee:	0027      	movs	r7, r4
10006af0:	2301      	movs	r3, #1
10006af2:	0021      	movs	r1, r4
10006af4:	0020      	movs	r0, r4
10006af6:	0026      	movs	r6, r4
10006af8:	2240      	movs	r2, #64	@ 0x40
10006afa:	3178      	adds	r1, #120	@ 0x78
10006afc:	9300      	str	r3, [sp, #0]
10006afe:	37b8      	adds	r7, #184	@ 0xb8
10006b00:	3024      	adds	r0, #36	@ 0x24
10006b02:	f000 fa53 	bl	10006fac <tu_fifo_config>
10006b06:	36c0      	adds	r6, #192	@ 0xc0
10006b08:	0038      	movs	r0, r7
10006b0a:	f7fb f98b 	bl	10001e24 <mutex_init>
10006b0e:	0030      	movs	r0, r6
10006b10:	f7fb f988 	bl	10001e24 <mutex_init>
10006b14:	61e5      	str	r5, [r4, #28]
10006b16:	6227      	str	r7, [r4, #32]
10006b18:	6326      	str	r6, [r4, #48]	@ 0x30
10006b1a:	6365      	str	r5, [r4, #52]	@ 0x34
10006b1c:	b003      	add	sp, #12
10006b1e:	bdf0      	pop	{r4, r5, r6, r7, pc}
10006b20:	20001070 	.word	0x20001070
10006b24:	20001444 	.word	0x20001444

10006b28 <cdcd_deinit>:
10006b28:	4b0a      	ldr	r3, [pc, #40]	@ (10006b54 <cdcd_deinit+0x2c>)
10006b2a:	6b19      	ldr	r1, [r3, #48]	@ 0x30
10006b2c:	6a1a      	ldr	r2, [r3, #32]
10006b2e:	2900      	cmp	r1, #0
10006b30:	d00c      	beq.n	10006b4c <cdcd_deinit+0x24>
10006b32:	2a00      	cmp	r2, #0
10006b34:	d007      	beq.n	10006b46 <cdcd_deinit+0x1e>
10006b36:	2200      	movs	r2, #0
10006b38:	61da      	str	r2, [r3, #28]
10006b3a:	635a      	str	r2, [r3, #52]	@ 0x34
10006b3c:	631a      	str	r2, [r3, #48]	@ 0x30
10006b3e:	2200      	movs	r2, #0
10006b40:	621a      	str	r2, [r3, #32]
10006b42:	2001      	movs	r0, #1
10006b44:	4770      	bx	lr
10006b46:	635a      	str	r2, [r3, #52]	@ 0x34
10006b48:	631a      	str	r2, [r3, #48]	@ 0x30
10006b4a:	e7fa      	b.n	10006b42 <cdcd_deinit+0x1a>
10006b4c:	2a00      	cmp	r2, #0
10006b4e:	d0f8      	beq.n	10006b42 <cdcd_deinit+0x1a>
10006b50:	61d9      	str	r1, [r3, #28]
10006b52:	e7f4      	b.n	10006b3e <cdcd_deinit+0x16>
10006b54:	20001070 	.word	0x20001070

10006b58 <cdcd_reset>:
10006b58:	b570      	push	{r4, r5, r6, lr}
10006b5a:	2205      	movs	r2, #5
10006b5c:	2100      	movs	r1, #0
10006b5e:	480d      	ldr	r0, [pc, #52]	@ (10006b94 <cdcd_reset+0x3c>)
10006b60:	f7fc fd4a 	bl	100035f8 <__wrap_memset>
10006b64:	4d0c      	ldr	r5, [pc, #48]	@ (10006b98 <cdcd_reset+0x40>)
10006b66:	782b      	ldrb	r3, [r5, #0]
10006b68:	07da      	lsls	r2, r3, #31
10006b6a:	d507      	bpl.n	10006b7c <cdcd_reset+0x24>
10006b6c:	4c0b      	ldr	r4, [pc, #44]	@ (10006b9c <cdcd_reset+0x44>)
10006b6e:	079b      	lsls	r3, r3, #30
10006b70:	d50c      	bpl.n	10006b8c <cdcd_reset+0x34>
10006b72:	2101      	movs	r1, #1
10006b74:	0020      	movs	r0, r4
10006b76:	f000 fc6d 	bl	10007454 <tu_fifo_set_overwritable>
10006b7a:	bd70      	pop	{r4, r5, r6, pc}
10006b7c:	4805      	ldr	r0, [pc, #20]	@ (10006b94 <cdcd_reset+0x3c>)
10006b7e:	3010      	adds	r0, #16
10006b80:	f000 fc48 	bl	10007414 <tu_fifo_clear>
10006b84:	782b      	ldrb	r3, [r5, #0]
10006b86:	4c05      	ldr	r4, [pc, #20]	@ (10006b9c <cdcd_reset+0x44>)
10006b88:	079b      	lsls	r3, r3, #30
10006b8a:	d4f2      	bmi.n	10006b72 <cdcd_reset+0x1a>
10006b8c:	0020      	movs	r0, r4
10006b8e:	f000 fc41 	bl	10007414 <tu_fifo_clear>
10006b92:	e7ee      	b.n	10006b72 <cdcd_reset+0x1a>
10006b94:	20001070 	.word	0x20001070
10006b98:	20001444 	.word	0x20001444
10006b9c:	20001094 	.word	0x20001094

10006ba0 <cdcd_open>:
10006ba0:	b5f0      	push	{r4, r5, r6, r7, lr}
10006ba2:	794b      	ldrb	r3, [r1, #5]
10006ba4:	0007      	movs	r7, r0
10006ba6:	b083      	sub	sp, #12
10006ba8:	2b02      	cmp	r3, #2
10006baa:	d102      	bne.n	10006bb2 <cdcd_open+0x12>
10006bac:	798b      	ldrb	r3, [r1, #6]
10006bae:	2b02      	cmp	r3, #2
10006bb0:	d003      	beq.n	10006bba <cdcd_open+0x1a>
10006bb2:	2400      	movs	r4, #0
10006bb4:	0020      	movs	r0, r4
10006bb6:	b003      	add	sp, #12
10006bb8:	bdf0      	pop	{r4, r5, r6, r7, pc}
10006bba:	4b21      	ldr	r3, [pc, #132]	@ (10006c40 <cdcd_open+0xa0>)
10006bbc:	001e      	movs	r6, r3
10006bbe:	789b      	ldrb	r3, [r3, #2]
10006bc0:	2b00      	cmp	r3, #0
10006bc2:	d1f6      	bne.n	10006bb2 <cdcd_open+0x12>
10006bc4:	788b      	ldrb	r3, [r1, #2]
10006bc6:	2409      	movs	r4, #9
10006bc8:	7033      	strb	r3, [r6, #0]
10006bca:	780d      	ldrb	r5, [r1, #0]
10006bcc:	194d      	adds	r5, r1, r5
10006bce:	786b      	ldrb	r3, [r5, #1]
10006bd0:	2b24      	cmp	r3, #36	@ 0x24
10006bd2:	d007      	beq.n	10006be4 <cdcd_open+0x44>
10006bd4:	e00c      	b.n	10006bf0 <cdcd_open+0x50>
10006bd6:	782b      	ldrb	r3, [r5, #0]
10006bd8:	18ed      	adds	r5, r5, r3
10006bda:	191c      	adds	r4, r3, r4
10006bdc:	786b      	ldrb	r3, [r5, #1]
10006bde:	b2a4      	uxth	r4, r4
10006be0:	2b24      	cmp	r3, #36	@ 0x24
10006be2:	d105      	bne.n	10006bf0 <cdcd_open+0x50>
10006be4:	42a2      	cmp	r2, r4
10006be6:	d2f6      	bcs.n	10006bd6 <cdcd_open+0x36>
10006be8:	2000      	movs	r0, #0
10006bea:	f7ff fe65 	bl	100068b8 <_prep_out_transaction.isra.0>
10006bee:	e7e1      	b.n	10006bb4 <cdcd_open+0x14>
10006bf0:	001a      	movs	r2, r3
10006bf2:	2b05      	cmp	r3, #5
10006bf4:	d015      	beq.n	10006c22 <cdcd_open+0x82>
10006bf6:	2a04      	cmp	r2, #4
10006bf8:	d1f6      	bne.n	10006be8 <cdcd_open+0x48>
10006bfa:	796b      	ldrb	r3, [r5, #5]
10006bfc:	2b0a      	cmp	r3, #10
10006bfe:	d1f3      	bne.n	10006be8 <cdcd_open+0x48>
10006c00:	4b10      	ldr	r3, [pc, #64]	@ (10006c44 <cdcd_open+0xa4>)
10006c02:	782e      	ldrb	r6, [r5, #0]
10006c04:	9301      	str	r3, [sp, #4]
10006c06:	3301      	adds	r3, #1
10006c08:	9300      	str	r3, [sp, #0]
10006c0a:	0038      	movs	r0, r7
10006c0c:	2302      	movs	r3, #2
10006c0e:	19a9      	adds	r1, r5, r6
10006c10:	3a02      	subs	r2, #2
10006c12:	f7ff fca3 	bl	1000655c <usbd_open_edpt_pair>
10006c16:	2800      	cmp	r0, #0
10006c18:	d0cb      	beq.n	10006bb2 <cdcd_open+0x12>
10006c1a:	340e      	adds	r4, #14
10006c1c:	19a4      	adds	r4, r4, r6
10006c1e:	b2a4      	uxth	r4, r4
10006c20:	e7e2      	b.n	10006be8 <cdcd_open+0x48>
10006c22:	0029      	movs	r1, r5
10006c24:	0038      	movs	r0, r7
10006c26:	f7ff fce5 	bl	100065f4 <usbd_edpt_open>
10006c2a:	2800      	cmp	r0, #0
10006c2c:	d0c1      	beq.n	10006bb2 <cdcd_open+0x12>
10006c2e:	78ab      	ldrb	r3, [r5, #2]
10006c30:	7073      	strb	r3, [r6, #1]
10006c32:	782b      	ldrb	r3, [r5, #0]
10006c34:	191c      	adds	r4, r3, r4
10006c36:	18ed      	adds	r5, r5, r3
10006c38:	786a      	ldrb	r2, [r5, #1]
10006c3a:	b2a4      	uxth	r4, r4
10006c3c:	e7db      	b.n	10006bf6 <cdcd_open+0x56>
10006c3e:	46c0      	nop			@ (mov r8, r8)
10006c40:	20001070 	.word	0x20001070
10006c44:	20001072 	.word	0x20001072

10006c48 <cdcd_control_xfer_cb>:
10006c48:	2360      	movs	r3, #96	@ 0x60
10006c4a:	468c      	mov	ip, r1
10006c4c:	0011      	movs	r1, r2
10006c4e:	7812      	ldrb	r2, [r2, #0]
10006c50:	b570      	push	{r4, r5, r6, lr}
10006c52:	4013      	ands	r3, r2
10006c54:	2200      	movs	r2, #0
10006c56:	2b20      	cmp	r3, #32
10006c58:	d108      	bne.n	10006c6c <cdcd_control_xfer_cb+0x24>
10006c5a:	4c32      	ldr	r4, [pc, #200]	@ (10006d24 <cdcd_control_xfer_cb+0xdc>)
10006c5c:	794b      	ldrb	r3, [r1, #5]
10006c5e:	0026      	movs	r6, r4
10006c60:	790d      	ldrb	r5, [r1, #4]
10006c62:	7824      	ldrb	r4, [r4, #0]
10006c64:	021b      	lsls	r3, r3, #8
10006c66:	432b      	orrs	r3, r5
10006c68:	429c      	cmp	r4, r3
10006c6a:	d001      	beq.n	10006c70 <cdcd_control_xfer_cb+0x28>
10006c6c:	0010      	movs	r0, r2
10006c6e:	bd70      	pop	{r4, r5, r6, pc}
10006c70:	784b      	ldrb	r3, [r1, #1]
10006c72:	2b22      	cmp	r3, #34	@ 0x22
10006c74:	d01c      	beq.n	10006cb0 <cdcd_control_xfer_cb+0x68>
10006c76:	d808      	bhi.n	10006c8a <cdcd_control_xfer_cb+0x42>
10006c78:	2b20      	cmp	r3, #32
10006c7a:	d039      	beq.n	10006cf0 <cdcd_control_xfer_cb+0xa8>
10006c7c:	2b21      	cmp	r3, #33	@ 0x21
10006c7e:	d1f5      	bne.n	10006c6c <cdcd_control_xfer_cb+0x24>
10006c80:	4663      	mov	r3, ip
10006c82:	2b01      	cmp	r3, #1
10006c84:	d043      	beq.n	10006d0e <cdcd_control_xfer_cb+0xc6>
10006c86:	2201      	movs	r2, #1
10006c88:	e7f0      	b.n	10006c6c <cdcd_control_xfer_cb+0x24>
10006c8a:	2b23      	cmp	r3, #35	@ 0x23
10006c8c:	d1ee      	bne.n	10006c6c <cdcd_control_xfer_cb+0x24>
10006c8e:	4663      	mov	r3, ip
10006c90:	2b01      	cmp	r3, #1
10006c92:	d042      	beq.n	10006d1a <cdcd_control_xfer_cb+0xd2>
10006c94:	2b03      	cmp	r3, #3
10006c96:	d1f6      	bne.n	10006c86 <cdcd_control_xfer_cb+0x3e>
10006c98:	4b23      	ldr	r3, [pc, #140]	@ (10006d28 <cdcd_control_xfer_cb+0xe0>)
10006c9a:	2b00      	cmp	r3, #0
10006c9c:	d0f3      	beq.n	10006c86 <cdcd_control_xfer_cb+0x3e>
10006c9e:	788b      	ldrb	r3, [r1, #2]
10006ca0:	78c9      	ldrb	r1, [r1, #3]
10006ca2:	2000      	movs	r0, #0
10006ca4:	0209      	lsls	r1, r1, #8
10006ca6:	4319      	orrs	r1, r3
10006ca8:	e000      	b.n	10006cac <cdcd_control_xfer_cb+0x64>
10006caa:	bf00      	nop
10006cac:	2201      	movs	r2, #1
10006cae:	e7dd      	b.n	10006c6c <cdcd_control_xfer_cb+0x24>
10006cb0:	4663      	mov	r3, ip
10006cb2:	2b01      	cmp	r3, #1
10006cb4:	d031      	beq.n	10006d1a <cdcd_control_xfer_cb+0xd2>
10006cb6:	2b03      	cmp	r3, #3
10006cb8:	d1e5      	bne.n	10006c86 <cdcd_control_xfer_cb+0x3e>
10006cba:	2501      	movs	r5, #1
10006cbc:	78cb      	ldrb	r3, [r1, #3]
10006cbe:	788a      	ldrb	r2, [r1, #2]
10006cc0:	021b      	lsls	r3, r3, #8
10006cc2:	4313      	orrs	r3, r2
10006cc4:	001c      	movs	r4, r3
10006cc6:	401d      	ands	r5, r3
10006cc8:	0033      	movs	r3, r6
10006cca:	2101      	movs	r1, #1
10006ccc:	3324      	adds	r3, #36	@ 0x24
10006cce:	0018      	movs	r0, r3
10006cd0:	4069      	eors	r1, r5
10006cd2:	7134      	strb	r4, [r6, #4]
10006cd4:	f000 fbbe 	bl	10007454 <tu_fifo_set_overwritable>
10006cd8:	4b14      	ldr	r3, [pc, #80]	@ (10006d2c <cdcd_control_xfer_cb+0xe4>)
10006cda:	2b00      	cmp	r3, #0
10006cdc:	d0d3      	beq.n	10006c86 <cdcd_control_xfer_cb+0x3e>
10006cde:	2301      	movs	r3, #1
10006ce0:	0862      	lsrs	r2, r4, #1
10006ce2:	401a      	ands	r2, r3
10006ce4:	0029      	movs	r1, r5
10006ce6:	2000      	movs	r0, #0
10006ce8:	e000      	b.n	10006cec <cdcd_control_xfer_cb+0xa4>
10006cea:	bf00      	nop
10006cec:	2201      	movs	r2, #1
10006cee:	e7bd      	b.n	10006c6c <cdcd_control_xfer_cb+0x24>
10006cf0:	4663      	mov	r3, ip
10006cf2:	2b01      	cmp	r3, #1
10006cf4:	d00b      	beq.n	10006d0e <cdcd_control_xfer_cb+0xc6>
10006cf6:	2b03      	cmp	r3, #3
10006cf8:	d1c5      	bne.n	10006c86 <cdcd_control_xfer_cb+0x3e>
10006cfa:	4b0d      	ldr	r3, [pc, #52]	@ (10006d30 <cdcd_control_xfer_cb+0xe8>)
10006cfc:	2b00      	cmp	r3, #0
10006cfe:	d0c2      	beq.n	10006c86 <cdcd_control_xfer_cb+0x3e>
10006d00:	0031      	movs	r1, r6
10006d02:	2000      	movs	r0, #0
10006d04:	3108      	adds	r1, #8
10006d06:	f7fe fe15 	bl	10005934 <tud_cdc_line_coding_cb>
10006d0a:	2201      	movs	r2, #1
10006d0c:	e7ae      	b.n	10006c6c <cdcd_control_xfer_cb+0x24>
10006d0e:	4a09      	ldr	r2, [pc, #36]	@ (10006d34 <cdcd_control_xfer_cb+0xec>)
10006d10:	2307      	movs	r3, #7
10006d12:	f7ff fcef 	bl	100066f4 <tud_control_xfer>
10006d16:	2201      	movs	r2, #1
10006d18:	e7a8      	b.n	10006c6c <cdcd_control_xfer_cb+0x24>
10006d1a:	f7ff fcd5 	bl	100066c8 <tud_control_status>
10006d1e:	2201      	movs	r2, #1
10006d20:	e7a4      	b.n	10006c6c <cdcd_control_xfer_cb+0x24>
10006d22:	46c0      	nop			@ (mov r8, r8)
10006d24:	20001070 	.word	0x20001070
	...
10006d30:	10005935 	.word	0x10005935
10006d34:	20001078 	.word	0x20001078

10006d38 <cdcd_xfer_cb>:
10006d38:	b5f8      	push	{r3, r4, r5, r6, r7, lr}
10006d3a:	4647      	mov	r7, r8
10006d3c:	46ce      	mov	lr, r9
10006d3e:	b580      	push	{r7, lr}
10006d40:	4c34      	ldr	r4, [pc, #208]	@ (10006e14 <cdcd_xfer_cb+0xdc>)
10006d42:	001f      	movs	r7, r3
10006d44:	78e3      	ldrb	r3, [r4, #3]
10006d46:	4680      	mov	r8, r0
10006d48:	000d      	movs	r5, r1
10006d4a:	428b      	cmp	r3, r1
10006d4c:	d03b      	beq.n	10006dc6 <cdcd_xfer_cb+0x8e>
10006d4e:	78a3      	ldrb	r3, [r4, #2]
10006d50:	2000      	movs	r0, #0
10006d52:	428b      	cmp	r3, r1
10006d54:	d011      	beq.n	10006d7a <cdcd_xfer_cb+0x42>
10006d56:	bcc0      	pop	{r6, r7}
10006d58:	46b9      	mov	r9, r7
10006d5a:	46b0      	mov	r8, r6
10006d5c:	bdf8      	pop	{r3, r4, r5, r6, r7, pc}
10006d5e:	4b2e      	ldr	r3, [pc, #184]	@ (10006e18 <cdcd_xfer_cb+0xe0>)
10006d60:	2b00      	cmp	r3, #0
10006d62:	d004      	beq.n	10006d6e <cdcd_xfer_cb+0x36>
10006d64:	482d      	ldr	r0, [pc, #180]	@ (10006e1c <cdcd_xfer_cb+0xe4>)
10006d66:	f000 f96d 	bl	10007044 <tu_fifo_empty>
10006d6a:	2800      	cmp	r0, #0
10006d6c:	d04f      	beq.n	10006e0e <cdcd_xfer_cb+0xd6>
10006d6e:	2000      	movs	r0, #0
10006d70:	f7ff fda2 	bl	100068b8 <_prep_out_transaction.isra.0>
10006d74:	78a3      	ldrb	r3, [r4, #2]
10006d76:	42ab      	cmp	r3, r5
10006d78:	d10a      	bne.n	10006d90 <cdcd_xfer_cb+0x58>
10006d7a:	4b29      	ldr	r3, [pc, #164]	@ (10006e20 <cdcd_xfer_cb+0xe8>)
10006d7c:	2b00      	cmp	r3, #0
10006d7e:	d002      	beq.n	10006d86 <cdcd_xfer_cb+0x4e>
10006d80:	2000      	movs	r0, #0
10006d82:	e000      	b.n	10006d86 <cdcd_xfer_cb+0x4e>
10006d84:	bf00      	nop
10006d86:	2000      	movs	r0, #0
10006d88:	f7ff fe30 	bl	100069ec <tud_cdc_n_write_flush>
10006d8c:	2800      	cmp	r0, #0
10006d8e:	d001      	beq.n	10006d94 <cdcd_xfer_cb+0x5c>
10006d90:	2001      	movs	r0, #1
10006d92:	e7e0      	b.n	10006d56 <cdcd_xfer_cb+0x1e>
10006d94:	4c23      	ldr	r4, [pc, #140]	@ (10006e24 <cdcd_xfer_cb+0xec>)
10006d96:	0020      	movs	r0, r4
10006d98:	f000 f93e 	bl	10007018 <tu_fifo_count>
10006d9c:	2800      	cmp	r0, #0
10006d9e:	d1f7      	bne.n	10006d90 <cdcd_xfer_cb+0x58>
10006da0:	2f00      	cmp	r7, #0
10006da2:	d0f5      	beq.n	10006d90 <cdcd_xfer_cb+0x58>
10006da4:	06bb      	lsls	r3, r7, #26
10006da6:	d1f3      	bne.n	10006d90 <cdcd_xfer_cb+0x58>
10006da8:	3c24      	subs	r4, #36	@ 0x24
10006daa:	4640      	mov	r0, r8
10006dac:	78a1      	ldrb	r1, [r4, #2]
10006dae:	f7ff fc3b 	bl	10006628 <usbd_edpt_claim>
10006db2:	2800      	cmp	r0, #0
10006db4:	d0ec      	beq.n	10006d90 <cdcd_xfer_cb+0x58>
10006db6:	2300      	movs	r3, #0
10006db8:	2200      	movs	r2, #0
10006dba:	4640      	mov	r0, r8
10006dbc:	78a1      	ldrb	r1, [r4, #2]
10006dbe:	f7ff fc5b 	bl	10006678 <usbd_edpt_xfer>
10006dc2:	2001      	movs	r0, #1
10006dc4:	e7c7      	b.n	10006d56 <cdcd_xfer_cb+0x1e>
10006dc6:	4e18      	ldr	r6, [pc, #96]	@ (10006e28 <cdcd_xfer_cb+0xf0>)
10006dc8:	4814      	ldr	r0, [pc, #80]	@ (10006e1c <cdcd_xfer_cb+0xe4>)
10006dca:	0031      	movs	r1, r6
10006dcc:	b2ba      	uxth	r2, r7
10006dce:	f000 fa6d 	bl	100072ac <tu_fifo_write_n>
10006dd2:	4b16      	ldr	r3, [pc, #88]	@ (10006e2c <cdcd_xfer_cb+0xf4>)
10006dd4:	2b00      	cmp	r3, #0
10006dd6:	d0c2      	beq.n	10006d5e <cdcd_xfer_cb+0x26>
10006dd8:	7963      	ldrb	r3, [r4, #5]
10006dda:	2bff      	cmp	r3, #255	@ 0xff
10006ddc:	d0bf      	beq.n	10006d5e <cdcd_xfer_cb+0x26>
10006dde:	2f00      	cmp	r7, #0
10006de0:	d0bd      	beq.n	10006d5e <cdcd_xfer_cb+0x26>
10006de2:	46bc      	mov	ip, r7
10006de4:	44b4      	add	ip, r6
10006de6:	46e1      	mov	r9, ip
10006de8:	e003      	b.n	10006df2 <cdcd_xfer_cb+0xba>
10006dea:	3601      	adds	r6, #1
10006dec:	454e      	cmp	r6, r9
10006dee:	d0b6      	beq.n	10006d5e <cdcd_xfer_cb+0x26>
10006df0:	7963      	ldrb	r3, [r4, #5]
10006df2:	7832      	ldrb	r2, [r6, #0]
10006df4:	429a      	cmp	r2, r3
10006df6:	d1f8      	bne.n	10006dea <cdcd_xfer_cb+0xb2>
10006df8:	4808      	ldr	r0, [pc, #32]	@ (10006e1c <cdcd_xfer_cb+0xe4>)
10006dfa:	f000 f923 	bl	10007044 <tu_fifo_empty>
10006dfe:	2800      	cmp	r0, #0
10006e00:	d1f3      	bne.n	10006dea <cdcd_xfer_cb+0xb2>
10006e02:	4b06      	ldr	r3, [pc, #24]	@ (10006e1c <cdcd_xfer_cb+0xe4>)
10006e04:	3b10      	subs	r3, #16
10006e06:	7959      	ldrb	r1, [r3, #5]
10006e08:	e000      	b.n	10006e0c <cdcd_xfer_cb+0xd4>
10006e0a:	bf00      	nop
10006e0c:	e7ed      	b.n	10006dea <cdcd_xfer_cb+0xb2>
10006e0e:	e000      	b.n	10006e12 <cdcd_xfer_cb+0xda>
10006e10:	bf00      	nop
10006e12:	e7ac      	b.n	10006d6e <cdcd_xfer_cb+0x36>
10006e14:	20001070 	.word	0x20001070
10006e18:	00000000 	.word	0x00000000
10006e1c:	20001080 	.word	0x20001080
10006e20:	00000000 	.word	0x00000000
10006e24:	20001094 	.word	0x20001094
10006e28:	200013c4 	.word	0x200013c4
10006e2c:	00000000 	.word	0x00000000

10006e30 <tusb_rhport_init>:
10006e30:	b500      	push	{lr}
10006e32:	0003      	movs	r3, r0
10006e34:	b083      	sub	sp, #12
10006e36:	2900      	cmp	r1, #0
10006e38:	d010      	beq.n	10006e5c <tusb_rhport_init+0x2c>
10006e3a:	2000      	movs	r0, #0
10006e3c:	2b01      	cmp	r3, #1
10006e3e:	d807      	bhi.n	10006e50 <tusb_rhport_init+0x20>
10006e40:	780a      	ldrb	r2, [r1, #0]
10006e42:	2a00      	cmp	r2, #0
10006e44:	d004      	beq.n	10006e50 <tusb_rhport_init+0x20>
10006e46:	480c      	ldr	r0, [pc, #48]	@ (10006e78 <tusb_rhport_init+0x48>)
10006e48:	54c2      	strb	r2, [r0, r3]
10006e4a:	2001      	movs	r0, #1
10006e4c:	2a01      	cmp	r2, #1
10006e4e:	d001      	beq.n	10006e54 <tusb_rhport_init+0x24>
10006e50:	b003      	add	sp, #12
10006e52:	bd00      	pop	{pc}
10006e54:	0018      	movs	r0, r3
10006e56:	f7fe ff21 	bl	10005c9c <tud_rhport_init>
10006e5a:	e7f9      	b.n	10006e50 <tusb_rhport_init+0x20>
10006e5c:	2301      	movs	r3, #1
10006e5e:	466a      	mov	r2, sp
10006e60:	2000      	movs	r0, #0
10006e62:	a901      	add	r1, sp, #4
10006e64:	8093      	strh	r3, [r2, #4]
10006e66:	f7fe ff19 	bl	10005c9c <tud_rhport_init>
10006e6a:	2800      	cmp	r0, #0
10006e6c:	d0f0      	beq.n	10006e50 <tusb_rhport_init+0x20>
10006e6e:	2201      	movs	r2, #1
10006e70:	4b01      	ldr	r3, [pc, #4]	@ (10006e78 <tusb_rhport_init+0x48>)
10006e72:	701a      	strb	r2, [r3, #0]
10006e74:	e7ec      	b.n	10006e50 <tusb_rhport_init+0x20>
10006e76:	46c0      	nop			@ (mov r8, r8)
10006e78:	2000149c 	.word	0x2000149c

10006e7c <tu_edpt_claim>:
10006e7c:	b570      	push	{r4, r5, r6, lr}
10006e7e:	0004      	movs	r4, r0
10006e80:	7823      	ldrb	r3, [r4, #0]
10006e82:	0008      	movs	r0, r1
10006e84:	07db      	lsls	r3, r3, #31
10006e86:	000e      	movs	r6, r1
10006e88:	0fdd      	lsrs	r5, r3, #31
10006e8a:	2b00      	cmp	r3, #0
10006e8c:	d116      	bne.n	10006ebc <tu_edpt_claim+0x40>
10006e8e:	7823      	ldrb	r3, [r4, #0]
10006e90:	075b      	lsls	r3, r3, #29
10006e92:	d501      	bpl.n	10006e98 <tu_edpt_claim+0x1c>
10006e94:	0028      	movs	r0, r5
10006e96:	bd70      	pop	{r4, r5, r6, pc}
10006e98:	2101      	movs	r1, #1
10006e9a:	4249      	negs	r1, r1
10006e9c:	f000 fb88 	bl	100075b0 <__mutex_enter_timeout_ms_veneer>
10006ea0:	7823      	ldrb	r3, [r4, #0]
10006ea2:	07db      	lsls	r3, r3, #31
10006ea4:	0fdd      	lsrs	r5, r3, #31
10006ea6:	2b00      	cmp	r3, #0
10006ea8:	d10a      	bne.n	10006ec0 <tu_edpt_claim+0x44>
10006eaa:	7823      	ldrb	r3, [r4, #0]
10006eac:	075b      	lsls	r3, r3, #29
10006eae:	d408      	bmi.n	10006ec2 <tu_edpt_claim+0x46>
10006eb0:	2204      	movs	r2, #4
10006eb2:	7823      	ldrb	r3, [r4, #0]
10006eb4:	2501      	movs	r5, #1
10006eb6:	4313      	orrs	r3, r2
10006eb8:	7023      	strb	r3, [r4, #0]
10006eba:	e002      	b.n	10006ec2 <tu_edpt_claim+0x46>
10006ebc:	2500      	movs	r5, #0
10006ebe:	e7e9      	b.n	10006e94 <tu_edpt_claim+0x18>
10006ec0:	2500      	movs	r5, #0
10006ec2:	0030      	movs	r0, r6
10006ec4:	f000 fb1c 	bl	10007500 <__mutex_exit_veneer>
10006ec8:	e7e4      	b.n	10006e94 <tu_edpt_claim+0x18>
10006eca:	46c0      	nop			@ (mov r8, r8)

10006ecc <tu_edpt_release>:
10006ecc:	b570      	push	{r4, r5, r6, lr}
10006ece:	000d      	movs	r5, r1
10006ed0:	2101      	movs	r1, #1
10006ed2:	0004      	movs	r4, r0
10006ed4:	4249      	negs	r1, r1
10006ed6:	0028      	movs	r0, r5
10006ed8:	f000 fb6a 	bl	100075b0 <__mutex_enter_timeout_ms_veneer>
10006edc:	7823      	ldrb	r3, [r4, #0]
10006ede:	075b      	lsls	r3, r3, #29
10006ee0:	0fde      	lsrs	r6, r3, #31
10006ee2:	2b00      	cmp	r3, #0
10006ee4:	db04      	blt.n	10006ef0 <tu_edpt_release+0x24>
10006ee6:	0028      	movs	r0, r5
10006ee8:	f000 fb0a 	bl	10007500 <__mutex_exit_veneer>
10006eec:	0030      	movs	r0, r6
10006eee:	bd70      	pop	{r4, r5, r6, pc}
10006ef0:	7823      	ldrb	r3, [r4, #0]
10006ef2:	07db      	lsls	r3, r3, #31
10006ef4:	d404      	bmi.n	10006f00 <tu_edpt_release+0x34>
10006ef6:	2204      	movs	r2, #4
10006ef8:	7823      	ldrb	r3, [r4, #0]
10006efa:	4393      	bics	r3, r2
10006efc:	7023      	strb	r3, [r4, #0]
10006efe:	e7f2      	b.n	10006ee6 <tu_edpt_release+0x1a>
10006f00:	2600      	movs	r6, #0
10006f02:	e7f0      	b.n	10006ee6 <tu_edpt_release+0x1a>

10006f04 <tu_edpt_validate>:
10006f04:	7943      	ldrb	r3, [r0, #5]
10006f06:	7902      	ldrb	r2, [r0, #4]
10006f08:	021b      	lsls	r3, r3, #8
10006f0a:	4313      	orrs	r3, r2
10006f0c:	78c2      	ldrb	r2, [r0, #3]
10006f0e:	055b      	lsls	r3, r3, #21
10006f10:	0792      	lsls	r2, r2, #30
10006f12:	0d5b      	lsrs	r3, r3, #21
10006f14:	0f92      	lsrs	r2, r2, #30
10006f16:	2a02      	cmp	r2, #2
10006f18:	d01a      	beq.n	10006f50 <tu_edpt_validate+0x4c>
10006f1a:	2a03      	cmp	r2, #3
10006f1c:	d00b      	beq.n	10006f36 <tu_edpt_validate+0x32>
10006f1e:	2000      	movs	r0, #0
10006f20:	2a01      	cmp	r2, #1
10006f22:	d107      	bne.n	10006f34 <tu_edpt_validate+0x30>
10006f24:	3902      	subs	r1, #2
10006f26:	424a      	negs	r2, r1
10006f28:	4151      	adcs	r1, r2
10006f2a:	4a10      	ldr	r2, [pc, #64]	@ (10006f6c <tu_edpt_validate+0x68>)
10006f2c:	1889      	adds	r1, r1, r2
10006f2e:	4299      	cmp	r1, r3
10006f30:	4140      	adcs	r0, r0
10006f32:	b2c0      	uxtb	r0, r0
10006f34:	4770      	bx	lr
10006f36:	3902      	subs	r1, #2
10006f38:	1e4a      	subs	r2, r1, #1
10006f3a:	4191      	sbcs	r1, r2
10006f3c:	4a0c      	ldr	r2, [pc, #48]	@ (10006f70 <tu_edpt_validate+0x6c>)
10006f3e:	4249      	negs	r1, r1
10006f40:	4011      	ands	r1, r2
10006f42:	2280      	movs	r2, #128	@ 0x80
10006f44:	2000      	movs	r0, #0
10006f46:	00d2      	lsls	r2, r2, #3
10006f48:	1889      	adds	r1, r1, r2
10006f4a:	4299      	cmp	r1, r3
10006f4c:	4140      	adcs	r0, r0
10006f4e:	e7f1      	b.n	10006f34 <tu_edpt_validate+0x30>
10006f50:	2902      	cmp	r1, #2
10006f52:	d004      	beq.n	10006f5e <tu_edpt_validate+0x5a>
10006f54:	2000      	movs	r0, #0
10006f56:	2240      	movs	r2, #64	@ 0x40
10006f58:	429a      	cmp	r2, r3
10006f5a:	4140      	adcs	r0, r0
10006f5c:	e7ea      	b.n	10006f34 <tu_edpt_validate+0x30>
10006f5e:	4a05      	ldr	r2, [pc, #20]	@ (10006f74 <tu_edpt_validate+0x70>)
10006f60:	1898      	adds	r0, r3, r2
10006f62:	4243      	negs	r3, r0
10006f64:	4158      	adcs	r0, r3
10006f66:	b2c0      	uxtb	r0, r0
10006f68:	e7e4      	b.n	10006f34 <tu_edpt_validate+0x30>
10006f6a:	46c0      	nop			@ (mov r8, r8)
10006f6c:	000003ff 	.word	0x000003ff
10006f70:	fffffc40 	.word	0xfffffc40
10006f74:	fffffe00 	.word	0xfffffe00

10006f78 <tu_edpt_bind_driver>:
10006f78:	4684      	mov	ip, r0
10006f7a:	1888      	adds	r0, r1, r2
10006f7c:	b530      	push	{r4, r5, lr}
10006f7e:	001c      	movs	r4, r3
10006f80:	4281      	cmp	r1, r0
10006f82:	d206      	bcs.n	10006f92 <tu_edpt_bind_driver+0x1a>
10006f84:	784a      	ldrb	r2, [r1, #1]
10006f86:	2a05      	cmp	r2, #5
10006f88:	d004      	beq.n	10006f94 <tu_edpt_bind_driver+0x1c>
10006f8a:	780a      	ldrb	r2, [r1, #0]
10006f8c:	1889      	adds	r1, r1, r2
10006f8e:	4288      	cmp	r0, r1
10006f90:	d8f8      	bhi.n	10006f84 <tu_edpt_bind_driver+0xc>
10006f92:	bd30      	pop	{r4, r5, pc}
10006f94:	227f      	movs	r2, #127	@ 0x7f
10006f96:	788b      	ldrb	r3, [r1, #2]
10006f98:	401a      	ands	r2, r3
10006f9a:	0052      	lsls	r2, r2, #1
10006f9c:	4462      	add	r2, ip
10006f9e:	09db      	lsrs	r3, r3, #7
10006fa0:	54d4      	strb	r4, [r2, r3]
10006fa2:	780a      	ldrb	r2, [r1, #0]
10006fa4:	1889      	adds	r1, r1, r2
10006fa6:	4288      	cmp	r0, r1
10006fa8:	d8ec      	bhi.n	10006f84 <tu_edpt_bind_driver+0xc>
10006faa:	e7f2      	b.n	10006f92 <tu_edpt_bind_driver+0x1a>

10006fac <tu_fifo_config>:
10006fac:	b5f0      	push	{r4, r5, r6, r7, lr}
10006fae:	46c6      	mov	lr, r8
10006fb0:	b500      	push	{lr}
10006fb2:	4698      	mov	r8, r3
10006fb4:	466b      	mov	r3, sp
10006fb6:	7e1e      	ldrb	r6, [r3, #24]
10006fb8:	2380      	movs	r3, #128	@ 0x80
10006fba:	0004      	movs	r4, r0
10006fbc:	000f      	movs	r7, r1
10006fbe:	0015      	movs	r5, r2
10006fc0:	021b      	lsls	r3, r3, #8
10006fc2:	429a      	cmp	r2, r3
10006fc4:	d826      	bhi.n	10007014 <tu_fifo_config+0x68>
10006fc6:	68c0      	ldr	r0, [r0, #12]
10006fc8:	2800      	cmp	r0, #0
10006fca:	d003      	beq.n	10006fd4 <tu_fifo_config+0x28>
10006fcc:	2101      	movs	r1, #1
10006fce:	4249      	negs	r1, r1
10006fd0:	f000 faee 	bl	100075b0 <__mutex_enter_timeout_ms_veneer>
10006fd4:	6920      	ldr	r0, [r4, #16]
10006fd6:	2800      	cmp	r0, #0
10006fd8:	d003      	beq.n	10006fe2 <tu_fifo_config+0x36>
10006fda:	2101      	movs	r1, #1
10006fdc:	4249      	negs	r1, r1
10006fde:	f000 fae7 	bl	100075b0 <__mutex_enter_timeout_ms_veneer>
10006fe2:	4642      	mov	r2, r8
10006fe4:	0452      	lsls	r2, r2, #17
10006fe6:	03f3      	lsls	r3, r6, #15
10006fe8:	0c52      	lsrs	r2, r2, #17
10006fea:	4313      	orrs	r3, r2
10006fec:	80e3      	strh	r3, [r4, #6]
10006fee:	2300      	movs	r3, #0
10006ff0:	68e0      	ldr	r0, [r4, #12]
10006ff2:	8163      	strh	r3, [r4, #10]
10006ff4:	6027      	str	r7, [r4, #0]
10006ff6:	80a5      	strh	r5, [r4, #4]
10006ff8:	8123      	strh	r3, [r4, #8]
10006ffa:	2800      	cmp	r0, #0
10006ffc:	d001      	beq.n	10007002 <tu_fifo_config+0x56>
10006ffe:	f000 fa7f 	bl	10007500 <__mutex_exit_veneer>
10007002:	6920      	ldr	r0, [r4, #16]
10007004:	2800      	cmp	r0, #0
10007006:	d001      	beq.n	1000700c <tu_fifo_config+0x60>
10007008:	f000 fa7a 	bl	10007500 <__mutex_exit_veneer>
1000700c:	2001      	movs	r0, #1
1000700e:	bc80      	pop	{r7}
10007010:	46b8      	mov	r8, r7
10007012:	bdf0      	pop	{r4, r5, r6, r7, pc}
10007014:	2000      	movs	r0, #0
10007016:	e7fa      	b.n	1000700e <tu_fifo_config+0x62>

10007018 <tu_fifo_count>:
10007018:	8903      	ldrh	r3, [r0, #8]
1000701a:	8941      	ldrh	r1, [r0, #10]
1000701c:	469c      	mov	ip, r3
1000701e:	8882      	ldrh	r2, [r0, #4]
10007020:	b29b      	uxth	r3, r3
10007022:	b288      	uxth	r0, r1
10007024:	458c      	cmp	ip, r1
10007026:	d307      	bcc.n	10007038 <tu_fifo_count+0x20>
10007028:	1a1b      	subs	r3, r3, r0
1000702a:	b29b      	uxth	r3, r3
1000702c:	1c10      	adds	r0, r2, #0
1000702e:	429a      	cmp	r2, r3
10007030:	d900      	bls.n	10007034 <tu_fifo_count+0x1c>
10007032:	1c18      	adds	r0, r3, #0
10007034:	b280      	uxth	r0, r0
10007036:	4770      	bx	lr
10007038:	0051      	lsls	r1, r2, #1
1000703a:	1a09      	subs	r1, r1, r0
1000703c:	185b      	adds	r3, r3, r1
1000703e:	b29b      	uxth	r3, r3
10007040:	e7f4      	b.n	1000702c <tu_fifo_count+0x14>
10007042:	46c0      	nop			@ (mov r8, r8)

10007044 <tu_fifo_empty>:
10007044:	8903      	ldrh	r3, [r0, #8]
10007046:	8940      	ldrh	r0, [r0, #10]
10007048:	1a18      	subs	r0, r3, r0
1000704a:	4243      	negs	r3, r0
1000704c:	4158      	adcs	r0, r3
1000704e:	b2c0      	uxtb	r0, r0
10007050:	4770      	bx	lr
10007052:	46c0      	nop			@ (mov r8, r8)

10007054 <tu_fifo_remaining>:
10007054:	8903      	ldrh	r3, [r0, #8]
10007056:	8941      	ldrh	r1, [r0, #10]
10007058:	469c      	mov	ip, r3
1000705a:	8882      	ldrh	r2, [r0, #4]
1000705c:	b29b      	uxth	r3, r3
1000705e:	b288      	uxth	r0, r1
10007060:	458c      	cmp	ip, r1
10007062:	d307      	bcc.n	10007074 <tu_fifo_remaining+0x20>
10007064:	1a1b      	subs	r3, r3, r0
10007066:	b29b      	uxth	r3, r3
10007068:	2000      	movs	r0, #0
1000706a:	429a      	cmp	r2, r3
1000706c:	d901      	bls.n	10007072 <tu_fifo_remaining+0x1e>
1000706e:	1ad2      	subs	r2, r2, r3
10007070:	b290      	uxth	r0, r2
10007072:	4770      	bx	lr
10007074:	0051      	lsls	r1, r2, #1
10007076:	1a09      	subs	r1, r1, r0
10007078:	185b      	adds	r3, r3, r1
1000707a:	b29b      	uxth	r3, r3
1000707c:	e7f4      	b.n	10007068 <tu_fifo_remaining+0x14>
1000707e:	46c0      	nop			@ (mov r8, r8)

10007080 <tu_fifo_read>:
10007080:	b570      	push	{r4, r5, r6, lr}
10007082:	0004      	movs	r4, r0
10007084:	6900      	ldr	r0, [r0, #16]
10007086:	000d      	movs	r5, r1
10007088:	2800      	cmp	r0, #0
1000708a:	d003      	beq.n	10007094 <tu_fifo_read+0x14>
1000708c:	2101      	movs	r1, #1
1000708e:	4249      	negs	r1, r1
10007090:	f000 fa8e 	bl	100075b0 <__mutex_enter_timeout_ms_veneer>
10007094:	8923      	ldrh	r3, [r4, #8]
10007096:	8962      	ldrh	r2, [r4, #10]
10007098:	469c      	mov	ip, r3
1000709a:	b298      	uxth	r0, r3
1000709c:	b291      	uxth	r1, r2
1000709e:	88a3      	ldrh	r3, [r4, #4]
100070a0:	4594      	cmp	ip, r2
100070a2:	d332      	bcc.n	1000710a <tu_fifo_read+0x8a>
100070a4:	1a42      	subs	r2, r0, r1
100070a6:	b292      	uxth	r2, r2
100070a8:	2a00      	cmp	r2, #0
100070aa:	d027      	beq.n	100070fc <tu_fifo_read+0x7c>
100070ac:	4293      	cmp	r3, r2
100070ae:	d208      	bcs.n	100070c2 <tu_fifo_read+0x42>
100070b0:	4298      	cmp	r0, r3
100070b2:	d32f      	bcc.n	10007114 <tu_fifo_read+0x94>
100070b4:	1ac0      	subs	r0, r0, r3
100070b6:	b281      	uxth	r1, r0
100070b8:	8161      	strh	r1, [r4, #10]
100070ba:	428b      	cmp	r3, r1
100070bc:	d803      	bhi.n	100070c6 <tu_fifo_read+0x46>
100070be:	1ac9      	subs	r1, r1, r3
100070c0:	b289      	uxth	r1, r1
100070c2:	428b      	cmp	r3, r1
100070c4:	d9fb      	bls.n	100070be <tu_fifo_read+0x3e>
100070c6:	88e2      	ldrh	r2, [r4, #6]
100070c8:	6823      	ldr	r3, [r4, #0]
100070ca:	0452      	lsls	r2, r2, #17
100070cc:	0c52      	lsrs	r2, r2, #17
100070ce:	4351      	muls	r1, r2
100070d0:	0028      	movs	r0, r5
100070d2:	1859      	adds	r1, r3, r1
100070d4:	f7fc fa96 	bl	10003604 <__wrap___aeabi_memcpy>
100070d8:	8961      	ldrh	r1, [r4, #10]
100070da:	2501      	movs	r5, #1
100070dc:	1c4a      	adds	r2, r1, #1
100070de:	b292      	uxth	r2, r2
100070e0:	88a3      	ldrh	r3, [r4, #4]
100070e2:	4291      	cmp	r1, r2
100070e4:	d90d      	bls.n	10007102 <tu_fifo_read+0x82>
100070e6:	2200      	movs	r2, #0
100070e8:	005b      	lsls	r3, r3, #1
100070ea:	1ad2      	subs	r2, r2, r3
100070ec:	6920      	ldr	r0, [r4, #16]
100070ee:	8162      	strh	r2, [r4, #10]
100070f0:	2800      	cmp	r0, #0
100070f2:	d001      	beq.n	100070f8 <tu_fifo_read+0x78>
100070f4:	f000 fa04 	bl	10007500 <__mutex_exit_veneer>
100070f8:	0028      	movs	r0, r5
100070fa:	bd70      	pop	{r4, r5, r6, pc}
100070fc:	2500      	movs	r5, #0
100070fe:	8962      	ldrh	r2, [r4, #10]
10007100:	b292      	uxth	r2, r2
10007102:	005b      	lsls	r3, r3, #1
10007104:	429a      	cmp	r2, r3
10007106:	dbf1      	blt.n	100070ec <tu_fifo_read+0x6c>
10007108:	e7ef      	b.n	100070ea <tu_fifo_read+0x6a>
1000710a:	005a      	lsls	r2, r3, #1
1000710c:	1a52      	subs	r2, r2, r1
1000710e:	1882      	adds	r2, r0, r2
10007110:	b292      	uxth	r2, r2
10007112:	e7c9      	b.n	100070a8 <tu_fifo_read+0x28>
10007114:	18c0      	adds	r0, r0, r3
10007116:	b281      	uxth	r1, r0
10007118:	8161      	strh	r1, [r4, #10]
1000711a:	e7ce      	b.n	100070ba <tu_fifo_read+0x3a>

1000711c <tu_fifo_read_n>:
1000711c:	b5f0      	push	{r4, r5, r6, r7, lr}
1000711e:	4646      	mov	r6, r8
10007120:	46d6      	mov	lr, sl
10007122:	464f      	mov	r7, r9
10007124:	b5c0      	push	{r6, r7, lr}
10007126:	0006      	movs	r6, r0
10007128:	6900      	ldr	r0, [r0, #16]
1000712a:	468a      	mov	sl, r1
1000712c:	4690      	mov	r8, r2
1000712e:	b082      	sub	sp, #8
10007130:	2800      	cmp	r0, #0
10007132:	d003      	beq.n	1000713c <tu_fifo_read_n+0x20>
10007134:	2101      	movs	r1, #1
10007136:	4249      	negs	r1, r1
10007138:	f000 fa3a 	bl	100075b0 <__mutex_enter_timeout_ms_veneer>
1000713c:	8931      	ldrh	r1, [r6, #8]
1000713e:	8972      	ldrh	r2, [r6, #10]
10007140:	88b5      	ldrh	r5, [r6, #4]
10007142:	b28b      	uxth	r3, r1
10007144:	b294      	uxth	r4, r2
10007146:	4291      	cmp	r1, r2
10007148:	d355      	bcc.n	100071f6 <tu_fifo_read_n+0xda>
1000714a:	1b1f      	subs	r7, r3, r4
1000714c:	b2bf      	uxth	r7, r7
1000714e:	2f00      	cmp	r7, #0
10007150:	d04b      	beq.n	100071ea <tu_fifo_read_n+0xce>
10007152:	42bd      	cmp	r5, r7
10007154:	d205      	bcs.n	10007162 <tu_fifo_read_n+0x46>
10007156:	42ab      	cmp	r3, r5
10007158:	d252      	bcs.n	10007200 <tu_fifo_read_n+0xe4>
1000715a:	195b      	adds	r3, r3, r5
1000715c:	b29c      	uxth	r4, r3
1000715e:	002f      	movs	r7, r5
10007160:	8174      	strh	r4, [r6, #10]
10007162:	4643      	mov	r3, r8
10007164:	45b8      	cmp	r8, r7
10007166:	d83e      	bhi.n	100071e6 <tu_fifo_read_n+0xca>
10007168:	b29f      	uxth	r7, r3
1000716a:	42a5      	cmp	r5, r4
1000716c:	d803      	bhi.n	10007176 <tu_fifo_read_n+0x5a>
1000716e:	1b64      	subs	r4, r4, r5
10007170:	b2a4      	uxth	r4, r4
10007172:	42a5      	cmp	r5, r4
10007174:	d9fb      	bls.n	1000716e <tu_fifo_read_n+0x52>
10007176:	88f2      	ldrh	r2, [r6, #6]
10007178:	6831      	ldr	r1, [r6, #0]
1000717a:	0452      	lsls	r2, r2, #17
1000717c:	0c50      	lsrs	r0, r2, #17
1000717e:	0002      	movs	r2, r0
10007180:	4362      	muls	r2, r4
10007182:	1b2b      	subs	r3, r5, r4
10007184:	b29b      	uxth	r3, r3
10007186:	1889      	adds	r1, r1, r2
10007188:	9001      	str	r0, [sp, #4]
1000718a:	0002      	movs	r2, r0
1000718c:	429f      	cmp	r7, r3
1000718e:	d925      	bls.n	100071dc <tu_fifo_read_n+0xc0>
10007190:	4343      	muls	r3, r0
10007192:	b29b      	uxth	r3, r3
10007194:	001a      	movs	r2, r3
10007196:	4650      	mov	r0, sl
10007198:	4699      	mov	r9, r3
1000719a:	f7fc fa33 	bl	10003604 <__wrap___aeabi_memcpy>
1000719e:	4650      	mov	r0, sl
100071a0:	9a01      	ldr	r2, [sp, #4]
100071a2:	1b7d      	subs	r5, r7, r5
100071a4:	1964      	adds	r4, r4, r5
100071a6:	4354      	muls	r4, r2
100071a8:	6831      	ldr	r1, [r6, #0]
100071aa:	4448      	add	r0, r9
100071ac:	b2a2      	uxth	r2, r4
100071ae:	f7fc fa29 	bl	10003604 <__wrap___aeabi_memcpy>
100071b2:	8971      	ldrh	r1, [r6, #10]
100071b4:	88b5      	ldrh	r5, [r6, #4]
100071b6:	19cb      	adds	r3, r1, r7
100071b8:	b29b      	uxth	r3, r3
100071ba:	006a      	lsls	r2, r5, #1
100071bc:	4299      	cmp	r1, r3
100071be:	d916      	bls.n	100071ee <tu_fifo_read_n+0xd2>
100071c0:	1a9b      	subs	r3, r3, r2
100071c2:	6930      	ldr	r0, [r6, #16]
100071c4:	8173      	strh	r3, [r6, #10]
100071c6:	2800      	cmp	r0, #0
100071c8:	d001      	beq.n	100071ce <tu_fifo_read_n+0xb2>
100071ca:	f000 f999 	bl	10007500 <__mutex_exit_veneer>
100071ce:	0038      	movs	r0, r7
100071d0:	b002      	add	sp, #8
100071d2:	bce0      	pop	{r5, r6, r7}
100071d4:	46ba      	mov	sl, r7
100071d6:	46b1      	mov	r9, r6
100071d8:	46a8      	mov	r8, r5
100071da:	bdf0      	pop	{r4, r5, r6, r7, pc}
100071dc:	4650      	mov	r0, sl
100071de:	437a      	muls	r2, r7
100071e0:	f7fc fa10 	bl	10003604 <__wrap___aeabi_memcpy>
100071e4:	e7e5      	b.n	100071b2 <tu_fifo_read_n+0x96>
100071e6:	1c3b      	adds	r3, r7, #0
100071e8:	e7be      	b.n	10007168 <tu_fifo_read_n+0x4c>
100071ea:	8973      	ldrh	r3, [r6, #10]
100071ec:	b29b      	uxth	r3, r3
100071ee:	006a      	lsls	r2, r5, #1
100071f0:	4293      	cmp	r3, r2
100071f2:	dbe6      	blt.n	100071c2 <tu_fifo_read_n+0xa6>
100071f4:	e7e4      	b.n	100071c0 <tu_fifo_read_n+0xa4>
100071f6:	006f      	lsls	r7, r5, #1
100071f8:	1b3f      	subs	r7, r7, r4
100071fa:	19df      	adds	r7, r3, r7
100071fc:	b2bf      	uxth	r7, r7
100071fe:	e7a6      	b.n	1000714e <tu_fifo_read_n+0x32>
10007200:	1b5b      	subs	r3, r3, r5
10007202:	b29c      	uxth	r4, r3
10007204:	e7ab      	b.n	1000715e <tu_fifo_read_n+0x42>
10007206:	46c0      	nop			@ (mov r8, r8)

10007208 <tu_fifo_write>:
10007208:	b5f8      	push	{r3, r4, r5, r6, r7, lr}
1000720a:	0004      	movs	r4, r0
1000720c:	68c0      	ldr	r0, [r0, #12]
1000720e:	000f      	movs	r7, r1
10007210:	2800      	cmp	r0, #0
10007212:	d003      	beq.n	1000721c <tu_fifo_write+0x14>
10007214:	2101      	movs	r1, #1
10007216:	4249      	negs	r1, r1
10007218:	f000 f9ca 	bl	100075b0 <__mutex_enter_timeout_ms_veneer>
1000721c:	8925      	ldrh	r5, [r4, #8]
1000721e:	8920      	ldrh	r0, [r4, #8]
10007220:	8961      	ldrh	r1, [r4, #10]
10007222:	88a2      	ldrh	r2, [r4, #4]
10007224:	b2ad      	uxth	r5, r5
10007226:	b283      	uxth	r3, r0
10007228:	b28e      	uxth	r6, r1
1000722a:	4288      	cmp	r0, r1
1000722c:	d328      	bcc.n	10007280 <tu_fifo_write+0x78>
1000722e:	1b9b      	subs	r3, r3, r6
10007230:	b29b      	uxth	r3, r3
10007232:	429a      	cmp	r2, r3
10007234:	d809      	bhi.n	1000724a <tu_fifo_write+0x42>
10007236:	79e6      	ldrb	r6, [r4, #7]
10007238:	09f6      	lsrs	r6, r6, #7
1000723a:	d106      	bne.n	1000724a <tu_fifo_write+0x42>
1000723c:	68e0      	ldr	r0, [r4, #12]
1000723e:	2800      	cmp	r0, #0
10007240:	d001      	beq.n	10007246 <tu_fifo_write+0x3e>
10007242:	f000 f95d 	bl	10007500 <__mutex_exit_veneer>
10007246:	0030      	movs	r0, r6
10007248:	bdf8      	pop	{r3, r4, r5, r6, r7, pc}
1000724a:	002b      	movs	r3, r5
1000724c:	4295      	cmp	r5, r2
1000724e:	d31c      	bcc.n	1000728a <tu_fifo_write+0x82>
10007250:	1a9b      	subs	r3, r3, r2
10007252:	b29b      	uxth	r3, r3
10007254:	4293      	cmp	r3, r2
10007256:	d2fb      	bcs.n	10007250 <tu_fifo_write+0x48>
10007258:	88e2      	ldrh	r2, [r4, #6]
1000725a:	6820      	ldr	r0, [r4, #0]
1000725c:	0452      	lsls	r2, r2, #17
1000725e:	0c52      	lsrs	r2, r2, #17
10007260:	4353      	muls	r3, r2
10007262:	0039      	movs	r1, r7
10007264:	18c0      	adds	r0, r0, r3
10007266:	f7fc f9cd 	bl	10003604 <__wrap___aeabi_memcpy>
1000726a:	1c6b      	adds	r3, r5, #1
1000726c:	b29b      	uxth	r3, r3
1000726e:	88a2      	ldrh	r2, [r4, #4]
10007270:	429d      	cmp	r5, r3
10007272:	d916      	bls.n	100072a2 <tu_fifo_write+0x9a>
10007274:	2300      	movs	r3, #0
10007276:	0052      	lsls	r2, r2, #1
10007278:	1a9b      	subs	r3, r3, r2
1000727a:	2601      	movs	r6, #1
1000727c:	8123      	strh	r3, [r4, #8]
1000727e:	e7dd      	b.n	1000723c <tu_fifo_write+0x34>
10007280:	0051      	lsls	r1, r2, #1
10007282:	1b89      	subs	r1, r1, r6
10007284:	185b      	adds	r3, r3, r1
10007286:	b29b      	uxth	r3, r3
10007288:	e7d3      	b.n	10007232 <tu_fifo_write+0x2a>
1000728a:	88e2      	ldrh	r2, [r4, #6]
1000728c:	6820      	ldr	r0, [r4, #0]
1000728e:	0452      	lsls	r2, r2, #17
10007290:	0c52      	lsrs	r2, r2, #17
10007292:	4353      	muls	r3, r2
10007294:	0039      	movs	r1, r7
10007296:	18c0      	adds	r0, r0, r3
10007298:	f7fc f9b4 	bl	10003604 <__wrap___aeabi_memcpy>
1000729c:	3501      	adds	r5, #1
1000729e:	88a2      	ldrh	r2, [r4, #4]
100072a0:	b2ab      	uxth	r3, r5
100072a2:	0052      	lsls	r2, r2, #1
100072a4:	4293      	cmp	r3, r2
100072a6:	dbe8      	blt.n	1000727a <tu_fifo_write+0x72>
100072a8:	e7e6      	b.n	10007278 <tu_fifo_write+0x70>
100072aa:	46c0      	nop			@ (mov r8, r8)

100072ac <tu_fifo_write_n>:
100072ac:	b5f0      	push	{r4, r5, r6, r7, lr}
100072ae:	464e      	mov	r6, r9
100072b0:	4645      	mov	r5, r8
100072b2:	46de      	mov	lr, fp
100072b4:	4657      	mov	r7, sl
100072b6:	b5e0      	push	{r5, r6, r7, lr}
100072b8:	4689      	mov	r9, r1
100072ba:	0005      	movs	r5, r0
100072bc:	0016      	movs	r6, r2
100072be:	b083      	sub	sp, #12
100072c0:	2a00      	cmp	r2, #0
100072c2:	d06b      	beq.n	1000739c <tu_fifo_write_n+0xf0>
100072c4:	68c0      	ldr	r0, [r0, #12]
100072c6:	2800      	cmp	r0, #0
100072c8:	d003      	beq.n	100072d2 <tu_fifo_write_n+0x26>
100072ca:	2101      	movs	r1, #1
100072cc:	4249      	negs	r1, r1
100072ce:	f000 f96f 	bl	100075b0 <__mutex_enter_timeout_ms_veneer>
100072d2:	892f      	ldrh	r7, [r5, #8]
100072d4:	79ea      	ldrb	r2, [r5, #7]
100072d6:	b2bb      	uxth	r3, r7
100072d8:	4698      	mov	r8, r3
100072da:	896b      	ldrh	r3, [r5, #10]
100072dc:	88af      	ldrh	r7, [r5, #4]
100072de:	b29b      	uxth	r3, r3
100072e0:	09d2      	lsrs	r2, r2, #7
100072e2:	d13d      	bne.n	10007360 <tu_fifo_write_n+0xb4>
100072e4:	4598      	cmp	r8, r3
100072e6:	d262      	bcs.n	100073ae <tu_fifo_write_n+0x102>
100072e8:	007a      	lsls	r2, r7, #1
100072ea:	1ad3      	subs	r3, r2, r3
100072ec:	4443      	add	r3, r8
100072ee:	b29b      	uxth	r3, r3
100072f0:	42bb      	cmp	r3, r7
100072f2:	d261      	bcs.n	100073b8 <tu_fifo_write_n+0x10c>
100072f4:	1afb      	subs	r3, r7, r3
100072f6:	1c1a      	adds	r2, r3, #0
100072f8:	b29b      	uxth	r3, r3
100072fa:	42b3      	cmp	r3, r6
100072fc:	d900      	bls.n	10007300 <tu_fifo_write_n+0x54>
100072fe:	1c32      	adds	r2, r6, #0
10007300:	b296      	uxth	r6, r2
10007302:	1bf3      	subs	r3, r6, r7
10007304:	9301      	str	r3, [sp, #4]
10007306:	4643      	mov	r3, r8
10007308:	18f3      	adds	r3, r6, r3
1000730a:	b29b      	uxth	r3, r3
1000730c:	469b      	mov	fp, r3
1000730e:	88ea      	ldrh	r2, [r5, #6]
10007310:	4644      	mov	r4, r8
10007312:	45b8      	cmp	r8, r7
10007314:	d303      	bcc.n	1000731e <tu_fifo_write_n+0x72>
10007316:	1be4      	subs	r4, r4, r7
10007318:	b2a4      	uxth	r4, r4
1000731a:	42bc      	cmp	r4, r7
1000731c:	d2fb      	bcs.n	10007316 <tu_fifo_write_n+0x6a>
1000731e:	0452      	lsls	r2, r2, #17
10007320:	1b3b      	subs	r3, r7, r4
10007322:	0c57      	lsrs	r7, r2, #17
10007324:	003a      	movs	r2, r7
10007326:	4362      	muls	r2, r4
10007328:	6828      	ldr	r0, [r5, #0]
1000732a:	b29b      	uxth	r3, r3
1000732c:	1880      	adds	r0, r0, r2
1000732e:	42b3      	cmp	r3, r6
10007330:	d356      	bcc.n	100073e0 <tu_fifo_write_n+0x134>
10007332:	003a      	movs	r2, r7
10007334:	4649      	mov	r1, r9
10007336:	4372      	muls	r2, r6
10007338:	f7fc f964 	bl	10003604 <__wrap___aeabi_memcpy>
1000733c:	88ab      	ldrh	r3, [r5, #4]
1000733e:	005b      	lsls	r3, r3, #1
10007340:	45d8      	cmp	r8, fp
10007342:	d801      	bhi.n	10007348 <tu_fifo_write_n+0x9c>
10007344:	459b      	cmp	fp, r3
10007346:	db02      	blt.n	1000734e <tu_fifo_write_n+0xa2>
10007348:	465a      	mov	r2, fp
1000734a:	1ad3      	subs	r3, r2, r3
1000734c:	469b      	mov	fp, r3
1000734e:	465b      	mov	r3, fp
10007350:	0037      	movs	r7, r6
10007352:	812b      	strh	r3, [r5, #8]
10007354:	68e8      	ldr	r0, [r5, #12]
10007356:	2800      	cmp	r0, #0
10007358:	d021      	beq.n	1000739e <tu_fifo_write_n+0xf2>
1000735a:	f000 f8d1 	bl	10007500 <__mutex_exit_veneer>
1000735e:	e01e      	b.n	1000739e <tu_fifo_write_n+0xf2>
10007360:	42be      	cmp	r6, r7
10007362:	d22b      	bcs.n	100073bc <tu_fifo_write_n+0x110>
10007364:	4598      	cmp	r8, r3
10007366:	d34c      	bcc.n	10007402 <tu_fifo_write_n+0x156>
10007368:	4642      	mov	r2, r8
1000736a:	1ad2      	subs	r2, r2, r3
1000736c:	b292      	uxth	r2, r2
1000736e:	0079      	lsls	r1, r7, #1
10007370:	1bf0      	subs	r0, r6, r7
10007372:	1992      	adds	r2, r2, r6
10007374:	9001      	str	r0, [sp, #4]
10007376:	428a      	cmp	r2, r1
10007378:	dbc5      	blt.n	10007306 <tu_fifo_write_n+0x5a>
1000737a:	19da      	adds	r2, r3, r7
1000737c:	b292      	uxth	r2, r2
1000737e:	4693      	mov	fp, r2
10007380:	1b92      	subs	r2, r2, r6
10007382:	b292      	uxth	r2, r2
10007384:	4690      	mov	r8, r2
10007386:	4293      	cmp	r3, r2
10007388:	d940      	bls.n	1000740c <tu_fifo_write_n+0x160>
1000738a:	4643      	mov	r3, r8
1000738c:	1a59      	subs	r1, r3, r1
1000738e:	b28b      	uxth	r3, r1
10007390:	4698      	mov	r8, r3
10007392:	18f3      	adds	r3, r6, r3
10007394:	b29b      	uxth	r3, r3
10007396:	469b      	mov	fp, r3
10007398:	88ea      	ldrh	r2, [r5, #6]
1000739a:	e7b9      	b.n	10007310 <tu_fifo_write_n+0x64>
1000739c:	2700      	movs	r7, #0
1000739e:	0038      	movs	r0, r7
100073a0:	b003      	add	sp, #12
100073a2:	bcf0      	pop	{r4, r5, r6, r7}
100073a4:	46bb      	mov	fp, r7
100073a6:	46b2      	mov	sl, r6
100073a8:	46a9      	mov	r9, r5
100073aa:	46a0      	mov	r8, r4
100073ac:	bdf0      	pop	{r4, r5, r6, r7, pc}
100073ae:	4642      	mov	r2, r8
100073b0:	1ad3      	subs	r3, r2, r3
100073b2:	b29b      	uxth	r3, r3
100073b4:	42bb      	cmp	r3, r7
100073b6:	d39d      	bcc.n	100072f4 <tu_fifo_write_n+0x48>
100073b8:	2700      	movs	r7, #0
100073ba:	e7cb      	b.n	10007354 <tu_fifo_write_n+0xa8>
100073bc:	2f00      	cmp	r7, #0
100073be:	d0c9      	beq.n	10007354 <tu_fifo_write_n+0xa8>
100073c0:	46cc      	mov	ip, r9
100073c2:	88ea      	ldrh	r2, [r5, #6]
100073c4:	1bf6      	subs	r6, r6, r7
100073c6:	0451      	lsls	r1, r2, #17
100073c8:	0c49      	lsrs	r1, r1, #17
100073ca:	4371      	muls	r1, r6
100073cc:	4698      	mov	r8, r3
100073ce:	448c      	add	ip, r1
100073d0:	19d9      	adds	r1, r3, r7
100073d2:	2300      	movs	r3, #0
100073d4:	b289      	uxth	r1, r1
100073d6:	46e1      	mov	r9, ip
100073d8:	468b      	mov	fp, r1
100073da:	003e      	movs	r6, r7
100073dc:	9301      	str	r3, [sp, #4]
100073de:	e797      	b.n	10007310 <tu_fifo_write_n+0x64>
100073e0:	437b      	muls	r3, r7
100073e2:	b29b      	uxth	r3, r3
100073e4:	001a      	movs	r2, r3
100073e6:	4649      	mov	r1, r9
100073e8:	469a      	mov	sl, r3
100073ea:	f7fc f90b 	bl	10003604 <__wrap___aeabi_memcpy>
100073ee:	4649      	mov	r1, r9
100073f0:	9b01      	ldr	r3, [sp, #4]
100073f2:	6828      	ldr	r0, [r5, #0]
100073f4:	18e2      	adds	r2, r4, r3
100073f6:	437a      	muls	r2, r7
100073f8:	4451      	add	r1, sl
100073fa:	b292      	uxth	r2, r2
100073fc:	f7fc f902 	bl	10003604 <__wrap___aeabi_memcpy>
10007400:	e79c      	b.n	1000733c <tu_fifo_write_n+0x90>
10007402:	0079      	lsls	r1, r7, #1
10007404:	1aca      	subs	r2, r1, r3
10007406:	4442      	add	r2, r8
10007408:	b292      	uxth	r2, r2
1000740a:	e7b1      	b.n	10007370 <tu_fifo_write_n+0xc4>
1000740c:	4291      	cmp	r1, r2
1000740e:	ddbc      	ble.n	1000738a <tu_fifo_write_n+0xde>
10007410:	e7c2      	b.n	10007398 <tu_fifo_write_n+0xec>
10007412:	46c0      	nop			@ (mov r8, r8)

10007414 <tu_fifo_clear>:
10007414:	b510      	push	{r4, lr}
10007416:	0004      	movs	r4, r0
10007418:	68c0      	ldr	r0, [r0, #12]
1000741a:	2800      	cmp	r0, #0
1000741c:	d003      	beq.n	10007426 <tu_fifo_clear+0x12>
1000741e:	2101      	movs	r1, #1
10007420:	4249      	negs	r1, r1
10007422:	f000 f8c5 	bl	100075b0 <__mutex_enter_timeout_ms_veneer>
10007426:	6920      	ldr	r0, [r4, #16]
10007428:	2800      	cmp	r0, #0
1000742a:	d003      	beq.n	10007434 <tu_fifo_clear+0x20>
1000742c:	2101      	movs	r1, #1
1000742e:	4249      	negs	r1, r1
10007430:	f000 f8be 	bl	100075b0 <__mutex_enter_timeout_ms_veneer>
10007434:	2300      	movs	r3, #0
10007436:	68e0      	ldr	r0, [r4, #12]
10007438:	8163      	strh	r3, [r4, #10]
1000743a:	8123      	strh	r3, [r4, #8]
1000743c:	2800      	cmp	r0, #0
1000743e:	d001      	beq.n	10007444 <tu_fifo_clear+0x30>
10007440:	f000 f85e 	bl	10007500 <__mutex_exit_veneer>
10007444:	6920      	ldr	r0, [r4, #16]
10007446:	2800      	cmp	r0, #0
10007448:	d001      	beq.n	1000744e <tu_fifo_clear+0x3a>
1000744a:	f000 f859 	bl	10007500 <__mutex_exit_veneer>
1000744e:	2001      	movs	r0, #1
10007450:	bd10      	pop	{r4, pc}
10007452:	46c0      	nop			@ (mov r8, r8)

10007454 <tu_fifo_set_overwritable>:
10007454:	b570      	push	{r4, r5, r6, lr}
10007456:	0004      	movs	r4, r0
10007458:	68c0      	ldr	r0, [r0, #12]
1000745a:	000d      	movs	r5, r1
1000745c:	2800      	cmp	r0, #0
1000745e:	d003      	beq.n	10007468 <tu_fifo_set_overwritable+0x14>
10007460:	2101      	movs	r1, #1
10007462:	4249      	negs	r1, r1
10007464:	f000 f8a4 	bl	100075b0 <__mutex_enter_timeout_ms_veneer>
10007468:	6920      	ldr	r0, [r4, #16]
1000746a:	2800      	cmp	r0, #0
1000746c:	d003      	beq.n	10007476 <tu_fifo_set_overwritable+0x22>
1000746e:	2101      	movs	r1, #1
10007470:	4249      	negs	r1, r1
10007472:	f000 f89d 	bl	100075b0 <__mutex_enter_timeout_ms_veneer>
10007476:	217f      	movs	r1, #127	@ 0x7f
10007478:	79e2      	ldrb	r2, [r4, #7]
1000747a:	01eb      	lsls	r3, r5, #7
1000747c:	4011      	ands	r1, r2
1000747e:	68e0      	ldr	r0, [r4, #12]
10007480:	4319      	orrs	r1, r3
10007482:	71e1      	strb	r1, [r4, #7]
10007484:	2800      	cmp	r0, #0
10007486:	d001      	beq.n	1000748c <tu_fifo_set_overwritable+0x38>
10007488:	f000 f83a 	bl	10007500 <__mutex_exit_veneer>
1000748c:	6920      	ldr	r0, [r4, #16]
1000748e:	2800      	cmp	r0, #0
10007490:	d001      	beq.n	10007496 <tu_fifo_set_overwritable+0x42>
10007492:	f000 f835 	bl	10007500 <__mutex_exit_veneer>
10007496:	2001      	movs	r0, #1
10007498:	bd70      	pop	{r4, r5, r6, pc}
1000749a:	46c0      	nop			@ (mov r8, r8)

1000749c <strlen>:
1000749c:	0003      	movs	r3, r0
1000749e:	4684      	mov	ip, r0
100074a0:	079b      	lsls	r3, r3, #30
100074a2:	d00b      	beq.n	100074bc <strlen+0x20>
100074a4:	0003      	movs	r3, r0
100074a6:	2103      	movs	r1, #3
100074a8:	e002      	b.n	100074b0 <strlen+0x14>
100074aa:	3301      	adds	r3, #1
100074ac:	420b      	tst	r3, r1
100074ae:	d006      	beq.n	100074be <strlen+0x22>
100074b0:	781a      	ldrb	r2, [r3, #0]
100074b2:	2a00      	cmp	r2, #0
100074b4:	d1f9      	bne.n	100074aa <strlen+0xe>
100074b6:	4662      	mov	r2, ip
100074b8:	1a98      	subs	r0, r3, r2
100074ba:	4770      	bx	lr
100074bc:	0003      	movs	r3, r0
100074be:	6819      	ldr	r1, [r3, #0]
100074c0:	4a0c      	ldr	r2, [pc, #48]	@ (100074f4 <strlen+0x58>)
100074c2:	480d      	ldr	r0, [pc, #52]	@ (100074f8 <strlen+0x5c>)
100074c4:	188a      	adds	r2, r1, r2
100074c6:	438a      	bics	r2, r1
100074c8:	4202      	tst	r2, r0
100074ca:	d10f      	bne.n	100074ec <strlen+0x50>
100074cc:	6859      	ldr	r1, [r3, #4]
100074ce:	4a09      	ldr	r2, [pc, #36]	@ (100074f4 <strlen+0x58>)
100074d0:	3304      	adds	r3, #4
100074d2:	188a      	adds	r2, r1, r2
100074d4:	438a      	bics	r2, r1
100074d6:	4202      	tst	r2, r0
100074d8:	d108      	bne.n	100074ec <strlen+0x50>
100074da:	6859      	ldr	r1, [r3, #4]
100074dc:	4a05      	ldr	r2, [pc, #20]	@ (100074f4 <strlen+0x58>)
100074de:	3304      	adds	r3, #4
100074e0:	188a      	adds	r2, r1, r2
100074e2:	438a      	bics	r2, r1
100074e4:	4202      	tst	r2, r0
100074e6:	d0f1      	beq.n	100074cc <strlen+0x30>
100074e8:	e000      	b.n	100074ec <strlen+0x50>
100074ea:	3301      	adds	r3, #1
100074ec:	781a      	ldrb	r2, [r3, #0]
100074ee:	2a00      	cmp	r2, #0
100074f0:	d1fb      	bne.n	100074ea <strlen+0x4e>
100074f2:	e7e0      	b.n	100074b6 <strlen+0x1a>
100074f4:	fefefeff 	.word	0xfefefeff
100074f8:	80808080 	.word	0x80808080
100074fc:	00000000 	.word	0x00000000

10007500 <__mutex_exit_veneer>:
10007500:	b401      	push	{r0}
10007502:	4802      	ldr	r0, [pc, #8]	@ (1000750c <__mutex_exit_veneer+0xc>)
10007504:	4684      	mov	ip, r0
10007506:	bc01      	pop	{r0}
10007508:	4760      	bx	ip
1000750a:	bf00      	nop
1000750c:	20000225 	.word	0x20000225

10007510 <___hw_endpoint_buffer_control_update32_veneer>:
10007510:	b401      	push	{r0}
10007512:	4802      	ldr	r0, [pc, #8]	@ (1000751c <___hw_endpoint_buffer_control_update32_veneer+0xc>)
10007514:	4684      	mov	ip, r0
10007516:	bc01      	pop	{r0}
10007518:	4760      	bx	ip
1000751a:	bf00      	nop
1000751c:	20000c3d 	.word	0x20000c3d

10007520 <__mutex_try_enter_veneer>:
10007520:	b401      	push	{r0}
10007522:	4802      	ldr	r0, [pc, #8]	@ (1000752c <__mutex_try_enter_veneer+0xc>)
10007524:	4684      	mov	ip, r0
10007526:	bc01      	pop	{r0}
10007528:	4760      	bx	ip
1000752a:	bf00      	nop
1000752c:	200000c1 	.word	0x200000c1

10007530 <__reset_non_control_endpoints_veneer>:
10007530:	b401      	push	{r0}
10007532:	4802      	ldr	r0, [pc, #8]	@ (1000753c <__reset_non_control_endpoints_veneer+0xc>)
10007534:	4684      	mov	ip, r0
10007536:	bc01      	pop	{r0}
10007538:	4760      	bx	ip
1000753a:	bf00      	nop
1000753c:	20000421 	.word	0x20000421

10007540 <__e15_is_critical_frame_period_veneer>:
10007540:	b401      	push	{r0}
10007542:	4802      	ldr	r0, [pc, #8]	@ (1000754c <__e15_is_critical_frame_period_veneer+0xc>)
10007544:	4684      	mov	ip, r0
10007546:	bc01      	pop	{r0}
10007548:	4760      	bx	ip
1000754a:	bf00      	nop
1000754c:	20000c01 	.word	0x20000c01

10007550 <____aeabi_ldiv0_veneer>:
10007550:	b401      	push	{r0}
10007552:	4802      	ldr	r0, [pc, #8]	@ (1000755c <____aeabi_ldiv0_veneer+0xc>)
10007554:	4684      	mov	ip, r0
10007556:	bc01      	pop	{r0}
10007558:	4760      	bx	ip
1000755a:	bf00      	nop
1000755c:	20000f09 	.word	0x20000f09

10007560 <__mutex_try_enter_block_until_veneer>:
10007560:	b401      	push	{r0}
10007562:	4802      	ldr	r0, [pc, #8]	@ (1000756c <__mutex_try_enter_block_until_veneer+0xc>)
10007564:	4684      	mov	ip, r0
10007566:	bc01      	pop	{r0}
10007568:	4760      	bx	ip
1000756a:	bf00      	nop
1000756c:	20000101 	.word	0x20000101

10007570 <__e15_is_bulkin_ep_veneer>:
10007570:	b401      	push	{r0}
10007572:	4802      	ldr	r0, [pc, #8]	@ (1000757c <__e15_is_bulkin_ep_veneer+0xc>)
10007574:	4684      	mov	ip, r0
10007576:	bc01      	pop	{r0}
10007578:	4760      	bx	ip
1000757a:	bf00      	nop
1000757c:	20000bd9 	.word	0x20000bd9

10007580 <__flash_do_cmd_cs_veneer>:
10007580:	b401      	push	{r0}
10007582:	4802      	ldr	r0, [pc, #8]	@ (1000758c <__flash_do_cmd_cs_veneer+0xc>)
10007584:	4684      	mov	ip, r0
10007586:	bc01      	pop	{r0}
10007588:	4760      	bx	ip
1000758a:	bf00      	nop
1000758c:	200002d9 	.word	0x200002d9

10007590 <__hw_endpoint_start_next_buffer_veneer>:
10007590:	b401      	push	{r0}
10007592:	4802      	ldr	r0, [pc, #8]	@ (1000759c <__hw_endpoint_start_next_buffer_veneer+0xc>)
10007594:	4684      	mov	ip, r0
10007596:	bc01      	pop	{r0}
10007598:	4760      	bx	ip
1000759a:	bf00      	nop
1000759c:	20000c8d 	.word	0x20000c8d

100075a0 <____aeabi_idiv0_veneer>:
100075a0:	b401      	push	{r0}
100075a2:	4802      	ldr	r0, [pc, #8]	@ (100075ac <____aeabi_idiv0_veneer+0xc>)
100075a4:	4684      	mov	ip, r0
100075a6:	bc01      	pop	{r0}
100075a8:	4760      	bx	ip
100075aa:	bf00      	nop
100075ac:	20000f09 	.word	0x20000f09

100075b0 <__mutex_enter_timeout_ms_veneer>:
100075b0:	b401      	push	{r0}
100075b2:	4802      	ldr	r0, [pc, #8]	@ (100075bc <__mutex_enter_timeout_ms_veneer+0xc>)
100075b4:	4684      	mov	ip, r0
100075b6:	bc01      	pop	{r0}
100075b8:	4760      	bx	ip
100075ba:	bf00      	nop
100075bc:	20000199 	.word	0x20000199

100075c0 <__pre_init_runtime_init_early_resets>:
100075c0:	10002ad1                                .*..

100075c4 <__pre_init_runtime_init_usb_power_down>:
100075c4:	10002afd 10002ce1 100035e9 10003369     .*...,...5..i3..
100075d4:	10003589                                .5..

100075d8 <__pre_init_runtime_init_clocks>:
100075d8:	10002c09                                .,..

100075dc <__pre_init_runtime_init_post_clock_resets>:
100075dc:	10002b19                                .+..

100075e0 <__pre_init_runtime_init_rp2040_gpio_ie_disable>:
100075e0:	10002b39                                9+..

100075e4 <__pre_init_runtime_init_spin_locks_reset>:
100075e4:	10002b4d                                M+..

100075e8 <__pre_init_runtime_init_mutex>:
100075e8:	10001dd5                                ....

100075ec <__pre_init_runtime_init_install_ram_vector_table>:
100075ec:	10002b55                                U+..

100075f0 <__pre_init_runtime_init_default_alarm_pool>:
100075f0:	100021a1                                .!..

100075f4 <__pre_init_first_per_core_initializer>:
100075f4:	10002a99                                .*..

100075f8 <__pre_init_runtime_init_per_core_irq_priorities>:
100075f8:	10001851                                Q...

100075fc <__init_array_start>:
100075fc:	10005621 	.word	0x10005621

Disassembly of section .data:

200000c0 <mutex_try_enter>:
200000c0:	0003      	movs	r3, r0
200000c2:	6800      	ldr	r0, [r0, #0]
200000c4:	f3ef 8c10 	mrs	ip, PRIMASK
200000c8:	b672      	cpsid	i
200000ca:	6802      	ldr	r2, [r0, #0]
200000cc:	2a00      	cmp	r2, #0
200000ce:	d0fc      	beq.n	200000ca <mutex_try_enter+0xa>
200000d0:	f3bf 8f5f 	dmb	sy
200000d4:	2204      	movs	r2, #4
200000d6:	569a      	ldrsb	r2, [r3, r2]
200000d8:	2a00      	cmp	r2, #0
200000da:	db0b      	blt.n	200000f4 <mutex_try_enter+0x34>
200000dc:	2900      	cmp	r1, #0
200000de:	d000      	beq.n	200000e2 <mutex_try_enter+0x22>
200000e0:	600a      	str	r2, [r1, #0]
200000e2:	2000      	movs	r0, #0
200000e4:	681b      	ldr	r3, [r3, #0]
200000e6:	f3bf 8f5f 	dmb	sy
200000ea:	2200      	movs	r2, #0
200000ec:	601a      	str	r2, [r3, #0]
200000ee:	f38c 8810 	msr	PRIMASK, ip
200000f2:	4770      	bx	lr
200000f4:	22d0      	movs	r2, #208	@ 0xd0
200000f6:	0612      	lsls	r2, r2, #24
200000f8:	6812      	ldr	r2, [r2, #0]
200000fa:	2001      	movs	r0, #1
200000fc:	711a      	strb	r2, [r3, #4]
200000fe:	e7f1      	b.n	200000e4 <mutex_try_enter+0x24>

20000100 <mutex_try_enter_block_until>:
20000100:	b5f0      	push	{r4, r5, r6, r7, lr}
20000102:	46c6      	mov	lr, r8
20000104:	0016      	movs	r6, r2
20000106:	b500      	push	{lr}
20000108:	0004      	movs	r4, r0
2000010a:	001f      	movs	r7, r3
2000010c:	6802      	ldr	r2, [r0, #0]
2000010e:	f3ef 8110 	mrs	r1, PRIMASK
20000112:	b672      	cpsid	i
20000114:	6813      	ldr	r3, [r2, #0]
20000116:	2b00      	cmp	r3, #0
20000118:	d0fc      	beq.n	20000114 <mutex_try_enter_block_until+0x14>
2000011a:	f3bf 8f5f 	dmb	sy
2000011e:	2304      	movs	r3, #4
20000120:	56e3      	ldrsb	r3, [r4, r3]
20000122:	6822      	ldr	r2, [r4, #0]
20000124:	2b00      	cmp	r3, #0
20000126:	db2b      	blt.n	20000180 <mutex_try_enter_block_until+0x80>
20000128:	f3bf 8f5f 	dmb	sy
2000012c:	2000      	movs	r0, #0
2000012e:	6010      	str	r0, [r2, #0]
20000130:	f381 8810 	msr	PRIMASK, r1
20000134:	22d0      	movs	r2, #208	@ 0xd0
20000136:	0612      	lsls	r2, r2, #24
20000138:	7812      	ldrb	r2, [r2, #0]
2000013a:	2500      	movs	r5, #0
2000013c:	b252      	sxtb	r2, r2
2000013e:	4690      	mov	r8, r2
20000140:	429a      	cmp	r2, r3
20000142:	d10e      	bne.n	20000162 <mutex_try_enter_block_until+0x62>
20000144:	2000      	movs	r0, #0
20000146:	bc80      	pop	{r7}
20000148:	46b8      	mov	r8, r7
2000014a:	bdf0      	pop	{r4, r5, r6, r7, pc}
2000014c:	f3bf 8f5f 	dmb	sy
20000150:	6015      	str	r5, [r2, #0]
20000152:	f381 8810 	msr	PRIMASK, r1
20000156:	0030      	movs	r0, r6
20000158:	0039      	movs	r1, r7
2000015a:	f000 fed9 	bl	20000f10 <__best_effort_wfe_or_timeout_veneer>
2000015e:	2800      	cmp	r0, #0
20000160:	d1f0      	bne.n	20000144 <mutex_try_enter_block_until+0x44>
20000162:	6822      	ldr	r2, [r4, #0]
20000164:	f3ef 8110 	mrs	r1, PRIMASK
20000168:	b672      	cpsid	i
2000016a:	6813      	ldr	r3, [r2, #0]
2000016c:	2b00      	cmp	r3, #0
2000016e:	d0fc      	beq.n	2000016a <mutex_try_enter_block_until+0x6a>
20000170:	f3bf 8f5f 	dmb	sy
20000174:	7923      	ldrb	r3, [r4, #4]
20000176:	6822      	ldr	r2, [r4, #0]
20000178:	2b7f      	cmp	r3, #127	@ 0x7f
2000017a:	d9e7      	bls.n	2000014c <mutex_try_enter_block_until+0x4c>
2000017c:	4643      	mov	r3, r8
2000017e:	e002      	b.n	20000186 <mutex_try_enter_block_until+0x86>
20000180:	23d0      	movs	r3, #208	@ 0xd0
20000182:	061b      	lsls	r3, r3, #24
20000184:	681b      	ldr	r3, [r3, #0]
20000186:	7123      	strb	r3, [r4, #4]
20000188:	f3bf 8f5f 	dmb	sy
2000018c:	2300      	movs	r3, #0
2000018e:	6013      	str	r3, [r2, #0]
20000190:	f381 8810 	msr	PRIMASK, r1
20000194:	2001      	movs	r0, #1
20000196:	e7d6      	b.n	20000146 <mutex_try_enter_block_until+0x46>

20000198 <mutex_enter_timeout_ms>:
20000198:	b5f0      	push	{r4, r5, r6, r7, lr}
2000019a:	46c6      	mov	lr, r8
2000019c:	b500      	push	{lr}
2000019e:	000f      	movs	r7, r1
200001a0:	0004      	movs	r4, r0
200001a2:	f000 febd 	bl	20000f20 <__time_us_64_veneer>
200001a6:	22fa      	movs	r2, #250	@ 0xfa
200001a8:	000e      	movs	r6, r1
200001aa:	0005      	movs	r5, r0
200001ac:	2300      	movs	r3, #0
200001ae:	0038      	movs	r0, r7
200001b0:	2100      	movs	r1, #0
200001b2:	0092      	lsls	r2, r2, #2
200001b4:	f000 febc 	bl	20000f30 <____wrap___aeabi_lmul_veneer>
200001b8:	1940      	adds	r0, r0, r5
200001ba:	4171      	adcs	r1, r6
200001bc:	0006      	movs	r6, r0
200001be:	1e0f      	subs	r7, r1, #0
200001c0:	da02      	bge.n	200001c8 <mutex_enter_timeout_ms+0x30>
200001c2:	2601      	movs	r6, #1
200001c4:	4f16      	ldr	r7, [pc, #88]	@ (20000220 <mutex_enter_timeout_ms+0x88>)
200001c6:	4276      	negs	r6, r6
200001c8:	23d0      	movs	r3, #208	@ 0xd0
200001ca:	061b      	lsls	r3, r3, #24
200001cc:	681b      	ldr	r3, [r3, #0]
200001ce:	2500      	movs	r5, #0
200001d0:	4698      	mov	r8, r3
200001d2:	e00a      	b.n	200001ea <mutex_enter_timeout_ms+0x52>
200001d4:	f3bf 8f5f 	dmb	sy
200001d8:	6015      	str	r5, [r2, #0]
200001da:	f381 8810 	msr	PRIMASK, r1
200001de:	0030      	movs	r0, r6
200001e0:	0039      	movs	r1, r7
200001e2:	f000 fe95 	bl	20000f10 <__best_effort_wfe_or_timeout_veneer>
200001e6:	2800      	cmp	r0, #0
200001e8:	d118      	bne.n	2000021c <mutex_enter_timeout_ms+0x84>
200001ea:	6822      	ldr	r2, [r4, #0]
200001ec:	f3ef 8110 	mrs	r1, PRIMASK
200001f0:	b672      	cpsid	i
200001f2:	6813      	ldr	r3, [r2, #0]
200001f4:	2b00      	cmp	r3, #0
200001f6:	d0fc      	beq.n	200001f2 <mutex_enter_timeout_ms+0x5a>
200001f8:	f3bf 8f5f 	dmb	sy
200001fc:	7923      	ldrb	r3, [r4, #4]
200001fe:	6822      	ldr	r2, [r4, #0]
20000200:	2b7f      	cmp	r3, #127	@ 0x7f
20000202:	d9e7      	bls.n	200001d4 <mutex_enter_timeout_ms+0x3c>
20000204:	4643      	mov	r3, r8
20000206:	7123      	strb	r3, [r4, #4]
20000208:	f3bf 8f5f 	dmb	sy
2000020c:	2300      	movs	r3, #0
2000020e:	6013      	str	r3, [r2, #0]
20000210:	f381 8810 	msr	PRIMASK, r1
20000214:	2001      	movs	r0, #1
20000216:	bc80      	pop	{r7}
20000218:	46b8      	mov	r8, r7
2000021a:	bdf0      	pop	{r4, r5, r6, r7, pc}
2000021c:	2000      	movs	r0, #0
2000021e:	e7fa      	b.n	20000216 <mutex_enter_timeout_ms+0x7e>
20000220:	7fffffff 	.word	0x7fffffff

20000224 <mutex_exit>:
20000224:	6802      	ldr	r2, [r0, #0]
20000226:	f3ef 8110 	mrs	r1, PRIMASK
2000022a:	b672      	cpsid	i
2000022c:	6813      	ldr	r3, [r2, #0]
2000022e:	2b00      	cmp	r3, #0
20000230:	d0fc      	beq.n	2000022c <mutex_exit+0x8>
20000232:	f3bf 8f5f 	dmb	sy
20000236:	23ff      	movs	r3, #255	@ 0xff
20000238:	7103      	strb	r3, [r0, #4]
2000023a:	6803      	ldr	r3, [r0, #0]
2000023c:	f3bf 8f5f 	dmb	sy
20000240:	2200      	movs	r2, #0
20000242:	601a      	str	r2, [r3, #0]
20000244:	f381 8810 	msr	PRIMASK, r1
20000248:	bf40      	sev
2000024a:	4770      	bx	lr

2000024c <flash_init_boot2_copyout>:
2000024c:	4b08      	ldr	r3, [pc, #32]	@ (20000270 <flash_init_boot2_copyout+0x24>)
2000024e:	469c      	mov	ip, r3
20000250:	781b      	ldrb	r3, [r3, #0]
20000252:	2b00      	cmp	r3, #0
20000254:	d10b      	bne.n	2000026e <flash_init_boot2_copyout+0x22>
20000256:	2380      	movs	r3, #128	@ 0x80
20000258:	4806      	ldr	r0, [pc, #24]	@ (20000274 <flash_init_boot2_copyout+0x28>)
2000025a:	4907      	ldr	r1, [pc, #28]	@ (20000278 <flash_init_boot2_copyout+0x2c>)
2000025c:	055b      	lsls	r3, r3, #21
2000025e:	681a      	ldr	r2, [r3, #0]
20000260:	50c2      	str	r2, [r0, r3]
20000262:	3304      	adds	r3, #4
20000264:	428b      	cmp	r3, r1
20000266:	d1fa      	bne.n	2000025e <flash_init_boot2_copyout+0x12>
20000268:	2301      	movs	r3, #1
2000026a:	4662      	mov	r2, ip
2000026c:	7013      	strb	r3, [r2, #0]
2000026e:	4770      	bx	lr
20000270:	20001c9b 	.word	0x20001c9b
20000274:	100015c4 	.word	0x100015c4
20000278:	10000100 	.word	0x10000100

2000027c <flash_enable_xip_via_boot2>:
2000027c:	b510      	push	{r4, lr}
2000027e:	4b01      	ldr	r3, [pc, #4]	@ (20000284 <flash_enable_xip_via_boot2+0x8>)
20000280:	4798      	blx	r3
20000282:	bd10      	pop	{r4, pc}
20000284:	200015c5 	.word	0x200015c5

20000288 <flash_save_hardware_state>:
20000288:	4b08      	ldr	r3, [pc, #32]	@ (200002ac <flash_save_hardware_state+0x24>)
2000028a:	685a      	ldr	r2, [r3, #4]
2000028c:	6042      	str	r2, [r0, #4]
2000028e:	689a      	ldr	r2, [r3, #8]
20000290:	6082      	str	r2, [r0, #8]
20000292:	68da      	ldr	r2, [r3, #12]
20000294:	60c2      	str	r2, [r0, #12]
20000296:	691a      	ldr	r2, [r3, #16]
20000298:	6102      	str	r2, [r0, #16]
2000029a:	695a      	ldr	r2, [r3, #20]
2000029c:	6142      	str	r2, [r0, #20]
2000029e:	699b      	ldr	r3, [r3, #24]
200002a0:	6183      	str	r3, [r0, #24]
200002a2:	23a0      	movs	r3, #160	@ 0xa0
200002a4:	055b      	lsls	r3, r3, #21
200002a6:	681b      	ldr	r3, [r3, #0]
200002a8:	6003      	str	r3, [r0, #0]
200002aa:	4770      	bx	lr
200002ac:	40020000 	.word	0x40020000

200002b0 <flash_restore_hardware_state>:
200002b0:	6842      	ldr	r2, [r0, #4]
200002b2:	4b08      	ldr	r3, [pc, #32]	@ (200002d4 <flash_restore_hardware_state+0x24>)
200002b4:	605a      	str	r2, [r3, #4]
200002b6:	6882      	ldr	r2, [r0, #8]
200002b8:	609a      	str	r2, [r3, #8]
200002ba:	68c2      	ldr	r2, [r0, #12]
200002bc:	60da      	str	r2, [r3, #12]
200002be:	6902      	ldr	r2, [r0, #16]
200002c0:	611a      	str	r2, [r3, #16]
200002c2:	6942      	ldr	r2, [r0, #20]
200002c4:	615a      	str	r2, [r3, #20]
200002c6:	6982      	ldr	r2, [r0, #24]
200002c8:	619a      	str	r2, [r3, #24]
200002ca:	23a0      	movs	r3, #160	@ 0xa0
200002cc:	6802      	ldr	r2, [r0, #0]
200002ce:	055b      	lsls	r3, r3, #21
200002d0:	601a      	str	r2, [r3, #0]
200002d2:	4770      	bx	lr
200002d4:	40020000 	.word	0x40020000

200002d8 <flash_do_cmd_cs>:
200002d8:	b5f0      	push	{r4, r5, r6, r7, lr}
200002da:	46d6      	mov	lr, sl
200002dc:	464f      	mov	r7, r9
200002de:	4646      	mov	r6, r8
200002e0:	2300      	movs	r3, #0
200002e2:	b5c0      	push	{r6, r7, lr}
200002e4:	2718      	movs	r7, #24
200002e6:	b088      	sub	sp, #32
200002e8:	001e      	movs	r6, r3
200002ea:	4681      	mov	r9, r0
200002ec:	000d      	movs	r5, r1
200002ee:	8a98      	ldrh	r0, [r3, #20]
200002f0:	4946      	ldr	r1, [pc, #280]	@ (2000040c <flash_do_cmd_cs+0x134>)
200002f2:	883b      	ldrh	r3, [r7, #0]
200002f4:	0014      	movs	r4, r2
200002f6:	4798      	blx	r3
200002f8:	883b      	ldrh	r3, [r7, #0]
200002fa:	4680      	mov	r8, r0
200002fc:	4944      	ldr	r1, [pc, #272]	@ (20000410 <flash_do_cmd_cs+0x138>)
200002fe:	8ab0      	ldrh	r0, [r6, #20]
20000300:	4798      	blx	r3
20000302:	2300      	movs	r3, #0
20000304:	4943      	ldr	r1, [pc, #268]	@ (20000414 <flash_do_cmd_cs+0x13c>)
20000306:	0006      	movs	r6, r0
20000308:	8a98      	ldrh	r0, [r3, #20]
2000030a:	883b      	ldrh	r3, [r7, #0]
2000030c:	4798      	blx	r3
2000030e:	4682      	mov	sl, r0
20000310:	f7ff ff9c 	bl	2000024c <flash_init_boot2_copyout>
20000314:	a801      	add	r0, sp, #4
20000316:	f7ff ffb7 	bl	20000288 <flash_save_hardware_state>
2000031a:	47c0      	blx	r8
2000031c:	47b0      	blx	r6
2000031e:	4b3e      	ldr	r3, [pc, #248]	@ (20000418 <flash_do_cmd_cs+0x140>)
20000320:	0021      	movs	r1, r4
20000322:	681a      	ldr	r2, [r3, #0]
20000324:	2380      	movs	r3, #128	@ 0x80
20000326:	009b      	lsls	r3, r3, #2
20000328:	4053      	eors	r3, r2
2000032a:	22c0      	movs	r2, #192	@ 0xc0
2000032c:	0092      	lsls	r2, r2, #2
2000032e:	4013      	ands	r3, r2
20000330:	4a3a      	ldr	r2, [pc, #232]	@ (2000041c <flash_do_cmd_cs+0x144>)
20000332:	6013      	str	r3, [r2, #0]
20000334:	2c00      	cmp	r4, #0
20000336:	d01c      	beq.n	20000372 <flash_do_cmd_cs+0x9a>
20000338:	2308      	movs	r3, #8
2000033a:	20c0      	movs	r0, #192	@ 0xc0
2000033c:	469c      	mov	ip, r3
2000033e:	0540      	lsls	r0, r0, #21
20000340:	3f16      	subs	r7, #22
20000342:	4662      	mov	r2, ip
20000344:	6a83      	ldr	r3, [r0, #40]	@ 0x28
20000346:	401a      	ands	r2, r3
20000348:	421f      	tst	r7, r3
2000034a:	d039      	beq.n	200003c0 <flash_do_cmd_cs+0xe8>
2000034c:	1a63      	subs	r3, r4, r1
2000034e:	2900      	cmp	r1, #0
20000350:	d12b      	bne.n	200003aa <flash_do_cmd_cs+0xd2>
20000352:	2a00      	cmp	r2, #0
20000354:	d10b      	bne.n	2000036e <flash_do_cmd_cs+0x96>
20000356:	2c00      	cmp	r4, #0
20000358:	d00b      	beq.n	20000372 <flash_do_cmd_cs+0x9a>
2000035a:	23c0      	movs	r3, #192	@ 0xc0
2000035c:	2208      	movs	r2, #8
2000035e:	2602      	movs	r6, #2
20000360:	055b      	lsls	r3, r3, #21
20000362:	6a9b      	ldr	r3, [r3, #40]	@ 0x28
20000364:	401a      	ands	r2, r3
20000366:	421e      	tst	r6, r3
20000368:	d042      	beq.n	200003f0 <flash_do_cmd_cs+0x118>
2000036a:	2a00      	cmp	r2, #0
2000036c:	d0f5      	beq.n	2000035a <flash_do_cmd_cs+0x82>
2000036e:	2c00      	cmp	r4, #0
20000370:	d130      	bne.n	200003d4 <flash_do_cmd_cs+0xfc>
20000372:	4b29      	ldr	r3, [pc, #164]	@ (20000418 <flash_do_cmd_cs+0x140>)
20000374:	681a      	ldr	r2, [r3, #0]
20000376:	23c0      	movs	r3, #192	@ 0xc0
20000378:	009b      	lsls	r3, r3, #2
2000037a:	4393      	bics	r3, r2
2000037c:	4a27      	ldr	r2, [pc, #156]	@ (2000041c <flash_do_cmd_cs+0x144>)
2000037e:	6013      	str	r3, [r2, #0]
20000380:	47d0      	blx	sl
20000382:	f7ff ff7b 	bl	2000027c <flash_enable_xip_via_boot2>
20000386:	a801      	add	r0, sp, #4
20000388:	f7ff ff92 	bl	200002b0 <flash_restore_hardware_state>
2000038c:	b008      	add	sp, #32
2000038e:	bce0      	pop	{r5, r6, r7}
20000390:	46ba      	mov	sl, r7
20000392:	46b1      	mov	r9, r6
20000394:	46a8      	mov	r8, r5
20000396:	bdf0      	pop	{r4, r5, r6, r7, pc}
20000398:	2c00      	cmp	r4, #0
2000039a:	d12b      	bne.n	200003f4 <flash_do_cmd_cs+0x11c>
2000039c:	22c0      	movs	r2, #192	@ 0xc0
2000039e:	0552      	lsls	r2, r2, #21
200003a0:	6a96      	ldr	r6, [r2, #40]	@ 0x28
200003a2:	2208      	movs	r2, #8
200003a4:	4032      	ands	r2, r6
200003a6:	07b6      	lsls	r6, r6, #30
200003a8:	d52b      	bpl.n	20000402 <flash_do_cmd_cs+0x12a>
200003aa:	2b0d      	cmp	r3, #13
200003ac:	d919      	bls.n	200003e2 <flash_do_cmd_cs+0x10a>
200003ae:	2a00      	cmp	r2, #0
200003b0:	d1f2      	bne.n	20000398 <flash_do_cmd_cs+0xc0>
200003b2:	22c0      	movs	r2, #192	@ 0xc0
200003b4:	0552      	lsls	r2, r2, #21
200003b6:	6a96      	ldr	r6, [r2, #40]	@ 0x28
200003b8:	2208      	movs	r2, #8
200003ba:	4032      	ands	r2, r6
200003bc:	07b6      	lsls	r6, r6, #30
200003be:	d4f4      	bmi.n	200003aa <flash_do_cmd_cs+0xd2>
200003c0:	2a00      	cmp	r2, #0
200003c2:	d104      	bne.n	200003ce <flash_do_cmd_cs+0xf6>
200003c4:	000b      	movs	r3, r1
200003c6:	4323      	orrs	r3, r4
200003c8:	2b00      	cmp	r3, #0
200003ca:	d1ba      	bne.n	20000342 <flash_do_cmd_cs+0x6a>
200003cc:	e7d1      	b.n	20000372 <flash_do_cmd_cs+0x9a>
200003ce:	000b      	movs	r3, r1
200003d0:	2c00      	cmp	r4, #0
200003d2:	d0f9      	beq.n	200003c8 <flash_do_cmd_cs+0xf0>
200003d4:	6e03      	ldr	r3, [r0, #96]	@ 0x60
200003d6:	3c01      	subs	r4, #1
200003d8:	702b      	strb	r3, [r5, #0]
200003da:	0023      	movs	r3, r4
200003dc:	3501      	adds	r5, #1
200003de:	430b      	orrs	r3, r1
200003e0:	e7f2      	b.n	200003c8 <flash_do_cmd_cs+0xf0>
200003e2:	464b      	mov	r3, r9
200003e4:	781b      	ldrb	r3, [r3, #0]
200003e6:	3901      	subs	r1, #1
200003e8:	6603      	str	r3, [r0, #96]	@ 0x60
200003ea:	2301      	movs	r3, #1
200003ec:	4499      	add	r9, r3
200003ee:	e7e7      	b.n	200003c0 <flash_do_cmd_cs+0xe8>
200003f0:	2100      	movs	r1, #0
200003f2:	e7e5      	b.n	200003c0 <flash_do_cmd_cs+0xe8>
200003f4:	23c0      	movs	r3, #192	@ 0xc0
200003f6:	055b      	lsls	r3, r3, #21
200003f8:	6e1b      	ldr	r3, [r3, #96]	@ 0x60
200003fa:	3c01      	subs	r4, #1
200003fc:	702b      	strb	r3, [r5, #0]
200003fe:	3501      	adds	r5, #1
20000400:	e79f      	b.n	20000342 <flash_do_cmd_cs+0x6a>
20000402:	000b      	movs	r3, r1
20000404:	42a2      	cmp	r2, r4
20000406:	d1df      	bne.n	200003c8 <flash_do_cmd_cs+0xf0>
20000408:	e7dc      	b.n	200003c4 <flash_do_cmd_cs+0xec>
2000040a:	46c0      	nop			@ (mov r8, r8)
2000040c:	00004649 	.word	0x00004649
20000410:	00005845 	.word	0x00005845
20000414:	00004346 	.word	0x00004346
20000418:	4001800c 	.word	0x4001800c
2000041c:	4001900c 	.word	0x4001900c

20000420 <reset_non_control_endpoints>:
20000420:	2200      	movs	r2, #0
20000422:	4b15      	ldr	r3, [pc, #84]	@ (20000478 <reset_non_control_endpoints+0x58>)
20000424:	b510      	push	{r4, lr}
20000426:	609a      	str	r2, [r3, #8]
20000428:	60da      	str	r2, [r3, #12]
2000042a:	611a      	str	r2, [r3, #16]
2000042c:	615a      	str	r2, [r3, #20]
2000042e:	619a      	str	r2, [r3, #24]
20000430:	61da      	str	r2, [r3, #28]
20000432:	621a      	str	r2, [r3, #32]
20000434:	625a      	str	r2, [r3, #36]	@ 0x24
20000436:	629a      	str	r2, [r3, #40]	@ 0x28
20000438:	62da      	str	r2, [r3, #44]	@ 0x2c
2000043a:	631a      	str	r2, [r3, #48]	@ 0x30
2000043c:	635a      	str	r2, [r3, #52]	@ 0x34
2000043e:	639a      	str	r2, [r3, #56]	@ 0x38
20000440:	63da      	str	r2, [r3, #60]	@ 0x3c
20000442:	641a      	str	r2, [r3, #64]	@ 0x40
20000444:	645a      	str	r2, [r3, #68]	@ 0x44
20000446:	649a      	str	r2, [r3, #72]	@ 0x48
20000448:	64da      	str	r2, [r3, #76]	@ 0x4c
2000044a:	651a      	str	r2, [r3, #80]	@ 0x50
2000044c:	655a      	str	r2, [r3, #84]	@ 0x54
2000044e:	659a      	str	r2, [r3, #88]	@ 0x58
20000450:	65da      	str	r2, [r3, #92]	@ 0x5c
20000452:	661a      	str	r2, [r3, #96]	@ 0x60
20000454:	665a      	str	r2, [r3, #100]	@ 0x64
20000456:	669a      	str	r2, [r3, #104]	@ 0x68
20000458:	66da      	str	r2, [r3, #108]	@ 0x6c
2000045a:	671a      	str	r2, [r3, #112]	@ 0x70
2000045c:	675a      	str	r2, [r3, #116]	@ 0x74
2000045e:	679a      	str	r2, [r3, #120]	@ 0x78
20000460:	67da      	str	r2, [r3, #124]	@ 0x7c
20000462:	32f0      	adds	r2, #240	@ 0xf0
20000464:	0092      	lsls	r2, r2, #2
20000466:	2100      	movs	r1, #0
20000468:	4804      	ldr	r0, [pc, #16]	@ (2000047c <reset_non_control_endpoints+0x5c>)
2000046a:	f000 fd79 	bl	20000f60 <____wrap_memset_veneer>
2000046e:	4b04      	ldr	r3, [pc, #16]	@ (20000480 <reset_non_control_endpoints+0x60>)
20000470:	4a04      	ldr	r2, [pc, #16]	@ (20000484 <reset_non_control_endpoints+0x64>)
20000472:	601a      	str	r2, [r3, #0]
20000474:	bd10      	pop	{r4, pc}
20000476:	46c0      	nop			@ (mov r8, r8)
20000478:	50100000 	.word	0x50100000
2000047c:	20001778 	.word	0x20001778
20000480:	20001b40 	.word	0x20001b40
20000484:	50100180 	.word	0x50100180

20000488 <hw_handle_buff_status>:
20000488:	b5f0      	push	{r4, r5, r6, r7, lr}
2000048a:	4647      	mov	r7, r8
2000048c:	46ce      	mov	lr, r9
2000048e:	b580      	push	{r7, lr}
20000490:	4b1c      	ldr	r3, [pc, #112]	@ (20000504 <hw_handle_buff_status+0x7c>)
20000492:	2400      	movs	r4, #0
20000494:	6d9f      	ldr	r7, [r3, #88]	@ 0x58
20000496:	2601      	movs	r6, #1
20000498:	b085      	sub	sp, #20
2000049a:	2f00      	cmp	r7, #0
2000049c:	d01b      	beq.n	200004d6 <hw_handle_buff_status+0x4e>
2000049e:	4b1a      	ldr	r3, [pc, #104]	@ (20000508 <hw_handle_buff_status+0x80>)
200004a0:	4698      	mov	r8, r3
200004a2:	4b1a      	ldr	r3, [pc, #104]	@ (2000050c <hw_handle_buff_status+0x84>)
200004a4:	4699      	mov	r9, r3
200004a6:	e004      	b.n	200004b2 <hw_handle_buff_status+0x2a>
200004a8:	3401      	adds	r4, #1
200004aa:	b2e4      	uxtb	r4, r4
200004ac:	0076      	lsls	r6, r6, #1
200004ae:	2c20      	cmp	r4, #32
200004b0:	d011      	beq.n	200004d6 <hw_handle_buff_status+0x4e>
200004b2:	423e      	tst	r6, r7
200004b4:	d0f8      	beq.n	200004a8 <hw_handle_buff_status+0x20>
200004b6:	4643      	mov	r3, r8
200004b8:	659e      	str	r6, [r3, #88]	@ 0x58
200004ba:	2301      	movs	r3, #1
200004bc:	0865      	lsrs	r5, r4, #1
200004be:	006d      	lsls	r5, r5, #1
200004c0:	43a3      	bics	r3, r4
200004c2:	18ed      	adds	r5, r5, r3
200004c4:	016d      	lsls	r5, r5, #5
200004c6:	444d      	add	r5, r9
200004c8:	0028      	movs	r0, r5
200004ca:	f000 fc13 	bl	20000cf4 <hw_endpoint_xfer_continue>
200004ce:	2800      	cmp	r0, #0
200004d0:	d106      	bne.n	200004e0 <hw_handle_buff_status+0x58>
200004d2:	43b7      	bics	r7, r6
200004d4:	d1e8      	bne.n	200004a8 <hw_handle_buff_status+0x20>
200004d6:	b005      	add	sp, #20
200004d8:	bcc0      	pop	{r6, r7}
200004da:	46b9      	mov	r9, r7
200004dc:	46b0      	mov	r8, r6
200004de:	bdf0      	pop	{r4, r5, r6, r7, pc}
200004e0:	8aeb      	ldrh	r3, [r5, #22]
200004e2:	21e0      	movs	r1, #224	@ 0xe0
200004e4:	9303      	str	r3, [sp, #12]
200004e6:	2300      	movs	r3, #0
200004e8:	a801      	add	r0, sp, #4
200004ea:	78aa      	ldrb	r2, [r5, #2]
200004ec:	00c9      	lsls	r1, r1, #3
200004ee:	8001      	strh	r1, [r0, #0]
200004f0:	2101      	movs	r1, #1
200004f2:	7102      	strb	r2, [r0, #4]
200004f4:	7143      	strb	r3, [r0, #5]
200004f6:	f000 fc1d 	bl	20000d34 <dcd_event_handler>
200004fa:	0028      	movs	r0, r5
200004fc:	f000 fb98 	bl	20000c30 <hw_endpoint_reset_transfer>
20000500:	e7e7      	b.n	200004d2 <hw_handle_buff_status+0x4a>
20000502:	46c0      	nop			@ (mov r8, r8)
20000504:	50110000 	.word	0x50110000
20000508:	50113000 	.word	0x50113000
2000050c:	20001738 	.word	0x20001738

20000510 <dcd_rp2040_irq>:
20000510:	2398      	movs	r3, #152	@ 0x98
20000512:	4ac6      	ldr	r2, [pc, #792]	@ (2000082c <dcd_rp2040_irq+0x31c>)
20000514:	b5f0      	push	{r4, r5, r6, r7, lr}
20000516:	58d5      	ldr	r5, [r2, r3]
20000518:	2380      	movs	r3, #128	@ 0x80
2000051a:	002e      	movs	r6, r5
2000051c:	029b      	lsls	r3, r3, #10
2000051e:	2410      	movs	r4, #16
20000520:	b085      	sub	sp, #20
20000522:	401e      	ands	r6, r3
20000524:	421d      	tst	r5, r3
20000526:	d074      	beq.n	20000612 <dcd_rp2040_irq+0x102>
20000528:	4bc1      	ldr	r3, [pc, #772]	@ (20000830 <dcd_rp2040_irq+0x320>)
2000052a:	4cc2      	ldr	r4, [pc, #776]	@ (20000834 <dcd_rp2040_irq+0x324>)
2000052c:	6a9a      	ldr	r2, [r3, #40]	@ 0x28
2000052e:	4bc2      	ldr	r3, [pc, #776]	@ (20000838 <dcd_rp2040_irq+0x328>)
20000530:	2600      	movs	r6, #0
20000532:	601a      	str	r2, [r3, #0]
20000534:	233b      	movs	r3, #59	@ 0x3b
20000536:	5ce3      	ldrb	r3, [r4, r3]
20000538:	2b02      	cmp	r3, #2
2000053a:	d100      	bne.n	2000053e <dcd_rp2040_irq+0x2e>
2000053c:	e14b      	b.n	200007d6 <dcd_rp2040_irq+0x2c6>
2000053e:	237b      	movs	r3, #123	@ 0x7b
20000540:	5ce3      	ldrb	r3, [r4, r3]
20000542:	2b02      	cmp	r3, #2
20000544:	d100      	bne.n	20000548 <dcd_rp2040_irq+0x38>
20000546:	e0ef      	b.n	20000728 <dcd_rp2040_irq+0x218>
20000548:	23bb      	movs	r3, #187	@ 0xbb
2000054a:	5ce3      	ldrb	r3, [r4, r3]
2000054c:	2b02      	cmp	r3, #2
2000054e:	d100      	bne.n	20000552 <dcd_rp2040_irq+0x42>
20000550:	e0f6      	b.n	20000740 <dcd_rp2040_irq+0x230>
20000552:	23fb      	movs	r3, #251	@ 0xfb
20000554:	5ce3      	ldrb	r3, [r4, r3]
20000556:	2b02      	cmp	r3, #2
20000558:	d100      	bne.n	2000055c <dcd_rp2040_irq+0x4c>
2000055a:	e0fd      	b.n	20000758 <dcd_rp2040_irq+0x248>
2000055c:	233c      	movs	r3, #60	@ 0x3c
2000055e:	33ff      	adds	r3, #255	@ 0xff
20000560:	5ce3      	ldrb	r3, [r4, r3]
20000562:	2b02      	cmp	r3, #2
20000564:	d100      	bne.n	20000568 <dcd_rp2040_irq+0x58>
20000566:	e129      	b.n	200007bc <dcd_rp2040_irq+0x2ac>
20000568:	237c      	movs	r3, #124	@ 0x7c
2000056a:	33ff      	adds	r3, #255	@ 0xff
2000056c:	5ce3      	ldrb	r3, [r4, r3]
2000056e:	2b02      	cmp	r3, #2
20000570:	d100      	bne.n	20000574 <dcd_rp2040_irq+0x64>
20000572:	e10a      	b.n	2000078a <dcd_rp2040_irq+0x27a>
20000574:	23bc      	movs	r3, #188	@ 0xbc
20000576:	33ff      	adds	r3, #255	@ 0xff
20000578:	5ce3      	ldrb	r3, [r4, r3]
2000057a:	2b02      	cmp	r3, #2
2000057c:	d100      	bne.n	20000580 <dcd_rp2040_irq+0x70>
2000057e:	e13b      	b.n	200007f8 <dcd_rp2040_irq+0x2e8>
20000580:	23fc      	movs	r3, #252	@ 0xfc
20000582:	33ff      	adds	r3, #255	@ 0xff
20000584:	5ce3      	ldrb	r3, [r4, r3]
20000586:	2b02      	cmp	r3, #2
20000588:	d100      	bne.n	2000058c <dcd_rp2040_irq+0x7c>
2000058a:	e0f1      	b.n	20000770 <dcd_rp2040_irq+0x260>
2000058c:	4bab      	ldr	r3, [pc, #684]	@ (2000083c <dcd_rp2040_irq+0x32c>)
2000058e:	5ce3      	ldrb	r3, [r4, r3]
20000590:	2b02      	cmp	r3, #2
20000592:	d100      	bne.n	20000596 <dcd_rp2040_irq+0x86>
20000594:	e170      	b.n	20000878 <dcd_rp2040_irq+0x368>
20000596:	4baa      	ldr	r3, [pc, #680]	@ (20000840 <dcd_rp2040_irq+0x330>)
20000598:	5ce3      	ldrb	r3, [r4, r3]
2000059a:	2b02      	cmp	r3, #2
2000059c:	d100      	bne.n	200005a0 <dcd_rp2040_irq+0x90>
2000059e:	e101      	b.n	200007a4 <dcd_rp2040_irq+0x294>
200005a0:	4ba8      	ldr	r3, [pc, #672]	@ (20000844 <dcd_rp2040_irq+0x334>)
200005a2:	5ce3      	ldrb	r3, [r4, r3]
200005a4:	2b02      	cmp	r3, #2
200005a6:	d100      	bne.n	200005aa <dcd_rp2040_irq+0x9a>
200005a8:	e171      	b.n	2000088e <dcd_rp2040_irq+0x37e>
200005aa:	4ba7      	ldr	r3, [pc, #668]	@ (20000848 <dcd_rp2040_irq+0x338>)
200005ac:	5ce3      	ldrb	r3, [r4, r3]
200005ae:	2b02      	cmp	r3, #2
200005b0:	d100      	bne.n	200005b4 <dcd_rp2040_irq+0xa4>
200005b2:	e12e      	b.n	20000812 <dcd_rp2040_irq+0x302>
200005b4:	4ba5      	ldr	r3, [pc, #660]	@ (2000084c <dcd_rp2040_irq+0x33c>)
200005b6:	5ce3      	ldrb	r3, [r4, r3]
200005b8:	2b02      	cmp	r3, #2
200005ba:	d100      	bne.n	200005be <dcd_rp2040_irq+0xae>
200005bc:	e19c      	b.n	200008f8 <dcd_rp2040_irq+0x3e8>
200005be:	4ba4      	ldr	r3, [pc, #656]	@ (20000850 <dcd_rp2040_irq+0x340>)
200005c0:	5ce3      	ldrb	r3, [r4, r3]
200005c2:	2b02      	cmp	r3, #2
200005c4:	d100      	bne.n	200005c8 <dcd_rp2040_irq+0xb8>
200005c6:	e16d      	b.n	200008a4 <dcd_rp2040_irq+0x394>
200005c8:	4ba2      	ldr	r3, [pc, #648]	@ (20000854 <dcd_rp2040_irq+0x344>)
200005ca:	5ce3      	ldrb	r3, [r4, r3]
200005cc:	2b02      	cmp	r3, #2
200005ce:	d100      	bne.n	200005d2 <dcd_rp2040_irq+0xc2>
200005d0:	e19d      	b.n	2000090e <dcd_rp2040_irq+0x3fe>
200005d2:	4ba1      	ldr	r3, [pc, #644]	@ (20000858 <dcd_rp2040_irq+0x348>)
200005d4:	5ce3      	ldrb	r3, [r4, r3]
200005d6:	2b02      	cmp	r3, #2
200005d8:	d100      	bne.n	200005dc <dcd_rp2040_irq+0xcc>
200005da:	e17b      	b.n	200008d4 <dcd_rp2040_irq+0x3c4>
200005dc:	2e00      	cmp	r6, #0
200005de:	d108      	bne.n	200005f2 <dcd_rp2040_irq+0xe2>
200005e0:	4b9e      	ldr	r3, [pc, #632]	@ (2000085c <dcd_rp2040_irq+0x34c>)
200005e2:	781b      	ldrb	r3, [r3, #0]
200005e4:	2b00      	cmp	r3, #0
200005e6:	d104      	bne.n	200005f2 <dcd_rp2040_irq+0xe2>
200005e8:	2180      	movs	r1, #128	@ 0x80
200005ea:	4a9d      	ldr	r2, [pc, #628]	@ (20000860 <dcd_rp2040_irq+0x350>)
200005ec:	3390      	adds	r3, #144	@ 0x90
200005ee:	0289      	lsls	r1, r1, #10
200005f0:	50d1      	str	r1, [r2, r3]
200005f2:	22c0      	movs	r2, #192	@ 0xc0
200005f4:	4669      	mov	r1, sp
200005f6:	4b8d      	ldr	r3, [pc, #564]	@ (2000082c <dcd_rp2040_irq+0x31c>)
200005f8:	0092      	lsls	r2, r2, #2
200005fa:	6c9b      	ldr	r3, [r3, #72]	@ 0x48
200005fc:	2680      	movs	r6, #128	@ 0x80
200005fe:	055b      	lsls	r3, r3, #21
20000600:	808a      	strh	r2, [r1, #4]
20000602:	0d5b      	lsrs	r3, r3, #21
20000604:	2101      	movs	r1, #1
20000606:	a801      	add	r0, sp, #4
20000608:	9302      	str	r3, [sp, #8]
2000060a:	f000 fb93 	bl	20000d34 <dcd_event_handler>
2000060e:	4c95      	ldr	r4, [pc, #596]	@ (20000864 <dcd_rp2040_irq+0x354>)
20000610:	02b6      	lsls	r6, r6, #10
20000612:	06eb      	lsls	r3, r5, #27
20000614:	d500      	bpl.n	20000618 <dcd_rp2040_irq+0x108>
20000616:	e07b      	b.n	20000710 <dcd_rp2040_irq+0x200>
20000618:	2380      	movs	r3, #128	@ 0x80
2000061a:	025b      	lsls	r3, r3, #9
2000061c:	421d      	tst	r5, r3
2000061e:	d02f      	beq.n	20000680 <dcd_rp2040_irq+0x170>
20000620:	2402      	movs	r4, #2
20000622:	4f84      	ldr	r7, [pc, #528]	@ (20000834 <dcd_rp2040_irq+0x324>)
20000624:	431e      	orrs	r6, r3
20000626:	7ebb      	ldrb	r3, [r7, #26]
20000628:	2b00      	cmp	r3, #0
2000062a:	d014      	beq.n	20000656 <dcd_rp2040_irq+0x146>
2000062c:	f000 fca8 	bl	20000f80 <__rp2040_chip_version_veneer>
20000630:	2801      	cmp	r0, #1
20000632:	d900      	bls.n	20000636 <dcd_rp2040_irq+0x126>
20000634:	e070      	b.n	20000718 <dcd_rp2040_irq+0x208>
20000636:	22c0      	movs	r2, #192	@ 0xc0
20000638:	2100      	movs	r1, #0
2000063a:	0038      	movs	r0, r7
2000063c:	0192      	lsls	r2, r2, #6
2000063e:	f000 fafd 	bl	20000c3c <_hw_endpoint_buffer_control_update32>
20000642:	0038      	movs	r0, r7
20000644:	f000 faf4 	bl	20000c30 <hw_endpoint_reset_transfer>
20000648:	f000 fc9a 	bl	20000f80 <__rp2040_chip_version_veneer>
2000064c:	2801      	cmp	r0, #1
2000064e:	d902      	bls.n	20000656 <dcd_rp2040_irq+0x146>
20000650:	4b83      	ldr	r3, [pc, #524]	@ (20000860 <dcd_rp2040_irq+0x350>)
20000652:	665c      	str	r4, [r3, #100]	@ 0x64
20000654:	661c      	str	r4, [r3, #96]	@ 0x60
20000656:	2301      	movs	r3, #1
20000658:	70fb      	strb	r3, [r7, #3]
2000065a:	3720      	adds	r7, #32
2000065c:	2c01      	cmp	r4, #1
2000065e:	d120      	bne.n	200006a2 <dcd_rp2040_irq+0x192>
20000660:	23c0      	movs	r3, #192	@ 0xc0
20000662:	466a      	mov	r2, sp
20000664:	00db      	lsls	r3, r3, #3
20000666:	8093      	strh	r3, [r2, #4]
20000668:	4a7f      	ldr	r2, [pc, #508]	@ (20000868 <dcd_rp2040_irq+0x358>)
2000066a:	ab02      	add	r3, sp, #8
2000066c:	ca03      	ldmia	r2!, {r0, r1}
2000066e:	c303      	stmia	r3!, {r0, r1}
20000670:	2101      	movs	r1, #1
20000672:	a801      	add	r0, sp, #4
20000674:	f000 fb5e 	bl	20000d34 <dcd_event_handler>
20000678:	2280      	movs	r2, #128	@ 0x80
2000067a:	4b79      	ldr	r3, [pc, #484]	@ (20000860 <dcd_rp2040_irq+0x350>)
2000067c:	0292      	lsls	r2, r2, #10
2000067e:	651a      	str	r2, [r3, #80]	@ 0x50
20000680:	2380      	movs	r3, #128	@ 0x80
20000682:	015b      	lsls	r3, r3, #5
20000684:	421d      	tst	r5, r3
20000686:	d10e      	bne.n	200006a6 <dcd_rp2040_irq+0x196>
20000688:	2380      	movs	r3, #128	@ 0x80
2000068a:	01db      	lsls	r3, r3, #7
2000068c:	421d      	tst	r5, r3
2000068e:	d121      	bne.n	200006d4 <dcd_rp2040_irq+0x1c4>
20000690:	2380      	movs	r3, #128	@ 0x80
20000692:	021b      	lsls	r3, r3, #8
20000694:	421d      	tst	r5, r3
20000696:	d12d      	bne.n	200006f4 <dcd_rp2040_irq+0x1e4>
20000698:	42ae      	cmp	r6, r5
2000069a:	d000      	beq.n	2000069e <dcd_rp2040_irq+0x18e>
2000069c:	e1be      	b.n	20000a1c <dcd_rp2040_irq+0x50c>
2000069e:	b005      	add	sp, #20
200006a0:	bdf0      	pop	{r4, r5, r6, r7, pc}
200006a2:	2401      	movs	r4, #1
200006a4:	e7bf      	b.n	20000626 <dcd_rp2040_irq+0x116>
200006a6:	2400      	movs	r4, #0
200006a8:	431e      	orrs	r6, r3
200006aa:	4b60      	ldr	r3, [pc, #384]	@ (2000082c <dcd_rp2040_irq+0x31c>)
200006ac:	601c      	str	r4, [r3, #0]
200006ae:	f7ff feb7 	bl	20000420 <reset_non_control_endpoints>
200006b2:	2380      	movs	r3, #128	@ 0x80
200006b4:	466a      	mov	r2, sp
200006b6:	005b      	lsls	r3, r3, #1
200006b8:	8093      	strh	r3, [r2, #4]
200006ba:	7214      	strb	r4, [r2, #8]
200006bc:	2101      	movs	r1, #1
200006be:	a801      	add	r0, sp, #4
200006c0:	f000 fb38 	bl	20000d34 <dcd_event_handler>
200006c4:	2280      	movs	r2, #128	@ 0x80
200006c6:	4b66      	ldr	r3, [pc, #408]	@ (20000860 <dcd_rp2040_irq+0x350>)
200006c8:	0312      	lsls	r2, r2, #12
200006ca:	651a      	str	r2, [r3, #80]	@ 0x50
200006cc:	2380      	movs	r3, #128	@ 0x80
200006ce:	01db      	lsls	r3, r3, #7
200006d0:	421d      	tst	r5, r3
200006d2:	d0dd      	beq.n	20000690 <dcd_rp2040_irq+0x180>
200006d4:	431e      	orrs	r6, r3
200006d6:	2380      	movs	r3, #128	@ 0x80
200006d8:	466a      	mov	r2, sp
200006da:	00db      	lsls	r3, r3, #3
200006dc:	8093      	strh	r3, [r2, #4]
200006de:	2101      	movs	r1, #1
200006e0:	a801      	add	r0, sp, #4
200006e2:	f000 fb27 	bl	20000d34 <dcd_event_handler>
200006e6:	2210      	movs	r2, #16
200006e8:	4b5d      	ldr	r3, [pc, #372]	@ (20000860 <dcd_rp2040_irq+0x350>)
200006ea:	651a      	str	r2, [r3, #80]	@ 0x50
200006ec:	2380      	movs	r3, #128	@ 0x80
200006ee:	021b      	lsls	r3, r3, #8
200006f0:	421d      	tst	r5, r3
200006f2:	d0d1      	beq.n	20000698 <dcd_rp2040_irq+0x188>
200006f4:	431e      	orrs	r6, r3
200006f6:	23a0      	movs	r3, #160	@ 0xa0
200006f8:	466a      	mov	r2, sp
200006fa:	00db      	lsls	r3, r3, #3
200006fc:	8093      	strh	r3, [r2, #4]
200006fe:	2101      	movs	r1, #1
20000700:	a801      	add	r0, sp, #4
20000702:	f000 fb17 	bl	20000d34 <dcd_event_handler>
20000706:	2280      	movs	r2, #128	@ 0x80
20000708:	4b55      	ldr	r3, [pc, #340]	@ (20000860 <dcd_rp2040_irq+0x350>)
2000070a:	0112      	lsls	r2, r2, #4
2000070c:	651a      	str	r2, [r3, #80]	@ 0x50
2000070e:	e7c3      	b.n	20000698 <dcd_rp2040_irq+0x188>
20000710:	f7ff feba 	bl	20000488 <hw_handle_buff_status>
20000714:	0026      	movs	r6, r4
20000716:	e77f      	b.n	20000618 <dcd_rp2040_irq+0x108>
20000718:	4b54      	ldr	r3, [pc, #336]	@ (2000086c <dcd_rp2040_irq+0x35c>)
2000071a:	4a44      	ldr	r2, [pc, #272]	@ (2000082c <dcd_rp2040_irq+0x31c>)
2000071c:	661c      	str	r4, [r3, #96]	@ 0x60
2000071e:	6e53      	ldr	r3, [r2, #100]	@ 0x64
20000720:	4023      	ands	r3, r4
20000722:	42a3      	cmp	r3, r4
20000724:	d1fb      	bne.n	2000071e <dcd_rp2040_irq+0x20e>
20000726:	e786      	b.n	20000636 <dcd_rp2040_irq+0x126>
20000728:	3378      	adds	r3, #120	@ 0x78
2000072a:	5ce7      	ldrb	r7, [r4, r3]
2000072c:	2f00      	cmp	r7, #0
2000072e:	d100      	bne.n	20000732 <dcd_rp2040_irq+0x222>
20000730:	e70a      	b.n	20000548 <dcd_rp2040_irq+0x38>
20000732:	3302      	adds	r3, #2
20000734:	5ce2      	ldrb	r2, [r4, r3]
20000736:	2a00      	cmp	r2, #0
20000738:	d000      	beq.n	2000073c <dcd_rp2040_irq+0x22c>
2000073a:	e10d      	b.n	20000958 <dcd_rp2040_irq+0x448>
2000073c:	003e      	movs	r6, r7
2000073e:	e703      	b.n	20000548 <dcd_rp2040_irq+0x38>
20000740:	33b8      	adds	r3, #184	@ 0xb8
20000742:	5ce7      	ldrb	r7, [r4, r3]
20000744:	2f00      	cmp	r7, #0
20000746:	d100      	bne.n	2000074a <dcd_rp2040_irq+0x23a>
20000748:	e703      	b.n	20000552 <dcd_rp2040_irq+0x42>
2000074a:	3302      	adds	r3, #2
2000074c:	5ce2      	ldrb	r2, [r4, r3]
2000074e:	2a00      	cmp	r2, #0
20000750:	d000      	beq.n	20000754 <dcd_rp2040_irq+0x244>
20000752:	e0f9      	b.n	20000948 <dcd_rp2040_irq+0x438>
20000754:	003e      	movs	r6, r7
20000756:	e6fc      	b.n	20000552 <dcd_rp2040_irq+0x42>
20000758:	33f8      	adds	r3, #248	@ 0xf8
2000075a:	5ce7      	ldrb	r7, [r4, r3]
2000075c:	2f00      	cmp	r7, #0
2000075e:	d100      	bne.n	20000762 <dcd_rp2040_irq+0x252>
20000760:	e6fc      	b.n	2000055c <dcd_rp2040_irq+0x4c>
20000762:	3302      	adds	r3, #2
20000764:	5ce2      	ldrb	r2, [r4, r3]
20000766:	2a00      	cmp	r2, #0
20000768:	d000      	beq.n	2000076c <dcd_rp2040_irq+0x25c>
2000076a:	e141      	b.n	200009f0 <dcd_rp2040_irq+0x4e0>
2000076c:	003e      	movs	r6, r7
2000076e:	e6f5      	b.n	2000055c <dcd_rp2040_irq+0x4c>
20000770:	33f9      	adds	r3, #249	@ 0xf9
20000772:	33ff      	adds	r3, #255	@ 0xff
20000774:	5ce7      	ldrb	r7, [r4, r3]
20000776:	2f00      	cmp	r7, #0
20000778:	d100      	bne.n	2000077c <dcd_rp2040_irq+0x26c>
2000077a:	e707      	b.n	2000058c <dcd_rp2040_irq+0x7c>
2000077c:	3302      	adds	r3, #2
2000077e:	5ce2      	ldrb	r2, [r4, r3]
20000780:	2a00      	cmp	r2, #0
20000782:	d000      	beq.n	20000786 <dcd_rp2040_irq+0x276>
20000784:	e12b      	b.n	200009de <dcd_rp2040_irq+0x4ce>
20000786:	003e      	movs	r6, r7
20000788:	e700      	b.n	2000058c <dcd_rp2040_irq+0x7c>
2000078a:	3379      	adds	r3, #121	@ 0x79
2000078c:	33ff      	adds	r3, #255	@ 0xff
2000078e:	5ce7      	ldrb	r7, [r4, r3]
20000790:	2f00      	cmp	r7, #0
20000792:	d100      	bne.n	20000796 <dcd_rp2040_irq+0x286>
20000794:	e6ee      	b.n	20000574 <dcd_rp2040_irq+0x64>
20000796:	3302      	adds	r3, #2
20000798:	5ce2      	ldrb	r2, [r4, r3]
2000079a:	2a00      	cmp	r2, #0
2000079c:	d000      	beq.n	200007a0 <dcd_rp2040_irq+0x290>
2000079e:	e115      	b.n	200009cc <dcd_rp2040_irq+0x4bc>
200007a0:	003e      	movs	r6, r7
200007a2:	e6e7      	b.n	20000574 <dcd_rp2040_irq+0x64>
200007a4:	4b32      	ldr	r3, [pc, #200]	@ (20000870 <dcd_rp2040_irq+0x360>)
200007a6:	5ce7      	ldrb	r7, [r4, r3]
200007a8:	2f00      	cmp	r7, #0
200007aa:	d100      	bne.n	200007ae <dcd_rp2040_irq+0x29e>
200007ac:	e6f8      	b.n	200005a0 <dcd_rp2040_irq+0x90>
200007ae:	3302      	adds	r3, #2
200007b0:	5ce2      	ldrb	r2, [r4, r3]
200007b2:	2a00      	cmp	r2, #0
200007b4:	d000      	beq.n	200007b8 <dcd_rp2040_irq+0x2a8>
200007b6:	e101      	b.n	200009bc <dcd_rp2040_irq+0x4ac>
200007b8:	003e      	movs	r6, r7
200007ba:	e6f1      	b.n	200005a0 <dcd_rp2040_irq+0x90>
200007bc:	3339      	adds	r3, #57	@ 0x39
200007be:	33ff      	adds	r3, #255	@ 0xff
200007c0:	5ce7      	ldrb	r7, [r4, r3]
200007c2:	2f00      	cmp	r7, #0
200007c4:	d100      	bne.n	200007c8 <dcd_rp2040_irq+0x2b8>
200007c6:	e6cf      	b.n	20000568 <dcd_rp2040_irq+0x58>
200007c8:	3302      	adds	r3, #2
200007ca:	5ce2      	ldrb	r2, [r4, r3]
200007cc:	2a00      	cmp	r2, #0
200007ce:	d000      	beq.n	200007d2 <dcd_rp2040_irq+0x2c2>
200007d0:	e0eb      	b.n	200009aa <dcd_rp2040_irq+0x49a>
200007d2:	003e      	movs	r6, r7
200007d4:	e6c8      	b.n	20000568 <dcd_rp2040_irq+0x58>
200007d6:	3338      	adds	r3, #56	@ 0x38
200007d8:	5ce6      	ldrb	r6, [r4, r3]
200007da:	2e00      	cmp	r6, #0
200007dc:	d100      	bne.n	200007e0 <dcd_rp2040_irq+0x2d0>
200007de:	e6ae      	b.n	2000053e <dcd_rp2040_irq+0x2e>
200007e0:	3302      	adds	r3, #2
200007e2:	5ce2      	ldrb	r2, [r4, r3]
200007e4:	2a00      	cmp	r2, #0
200007e6:	d100      	bne.n	200007ea <dcd_rp2040_irq+0x2da>
200007e8:	e6a9      	b.n	2000053e <dcd_rp2040_irq+0x2e>
200007ea:	0020      	movs	r0, r4
200007ec:	2200      	movs	r2, #0
200007ee:	3020      	adds	r0, #32
200007f0:	54e2      	strb	r2, [r4, r3]
200007f2:	f000 fa4b 	bl	20000c8c <hw_endpoint_start_next_buffer>
200007f6:	e6a2      	b.n	2000053e <dcd_rp2040_irq+0x2e>
200007f8:	33b9      	adds	r3, #185	@ 0xb9
200007fa:	33ff      	adds	r3, #255	@ 0xff
200007fc:	5ce7      	ldrb	r7, [r4, r3]
200007fe:	2f00      	cmp	r7, #0
20000800:	d100      	bne.n	20000804 <dcd_rp2040_irq+0x2f4>
20000802:	e6bd      	b.n	20000580 <dcd_rp2040_irq+0x70>
20000804:	3302      	adds	r3, #2
20000806:	5ce2      	ldrb	r2, [r4, r3]
20000808:	2a00      	cmp	r2, #0
2000080a:	d000      	beq.n	2000080e <dcd_rp2040_irq+0x2fe>
2000080c:	e0c4      	b.n	20000998 <dcd_rp2040_irq+0x488>
2000080e:	003e      	movs	r6, r7
20000810:	e6b6      	b.n	20000580 <dcd_rp2040_irq+0x70>
20000812:	4b18      	ldr	r3, [pc, #96]	@ (20000874 <dcd_rp2040_irq+0x364>)
20000814:	5ce7      	ldrb	r7, [r4, r3]
20000816:	2f00      	cmp	r7, #0
20000818:	d100      	bne.n	2000081c <dcd_rp2040_irq+0x30c>
2000081a:	e6cb      	b.n	200005b4 <dcd_rp2040_irq+0xa4>
2000081c:	3302      	adds	r3, #2
2000081e:	5ce2      	ldrb	r2, [r4, r3]
20000820:	2a00      	cmp	r2, #0
20000822:	d000      	beq.n	20000826 <dcd_rp2040_irq+0x316>
20000824:	e0b0      	b.n	20000988 <dcd_rp2040_irq+0x478>
20000826:	003e      	movs	r6, r7
20000828:	e6c4      	b.n	200005b4 <dcd_rp2040_irq+0xa4>
2000082a:	46c0      	nop			@ (mov r8, r8)
2000082c:	50110000 	.word	0x50110000
20000830:	40054000 	.word	0x40054000
20000834:	20001738 	.word	0x20001738
20000838:	20001730 	.word	0x20001730
2000083c:	0000023b 	.word	0x0000023b
20000840:	0000027b 	.word	0x0000027b
20000844:	000002bb 	.word	0x000002bb
20000848:	000002fb 	.word	0x000002fb
2000084c:	0000033b 	.word	0x0000033b
20000850:	0000037b 	.word	0x0000037b
20000854:	000003bb 	.word	0x000003bb
20000858:	000003fb 	.word	0x000003fb
2000085c:	20001c99 	.word	0x20001c99
20000860:	50113000 	.word	0x50113000
20000864:	00020010 	.word	0x00020010
20000868:	50100000 	.word	0x50100000
2000086c:	50112000 	.word	0x50112000
20000870:	0000027a 	.word	0x0000027a
20000874:	000002fa 	.word	0x000002fa
20000878:	4b6b      	ldr	r3, [pc, #428]	@ (20000a28 <dcd_rp2040_irq+0x518>)
2000087a:	5ce7      	ldrb	r7, [r4, r3]
2000087c:	2f00      	cmp	r7, #0
2000087e:	d100      	bne.n	20000882 <dcd_rp2040_irq+0x372>
20000880:	e689      	b.n	20000596 <dcd_rp2040_irq+0x86>
20000882:	3302      	adds	r3, #2
20000884:	5ce2      	ldrb	r2, [r4, r3]
20000886:	2a00      	cmp	r2, #0
20000888:	d176      	bne.n	20000978 <dcd_rp2040_irq+0x468>
2000088a:	003e      	movs	r6, r7
2000088c:	e683      	b.n	20000596 <dcd_rp2040_irq+0x86>
2000088e:	4b67      	ldr	r3, [pc, #412]	@ (20000a2c <dcd_rp2040_irq+0x51c>)
20000890:	5ce7      	ldrb	r7, [r4, r3]
20000892:	2f00      	cmp	r7, #0
20000894:	d100      	bne.n	20000898 <dcd_rp2040_irq+0x388>
20000896:	e688      	b.n	200005aa <dcd_rp2040_irq+0x9a>
20000898:	3302      	adds	r3, #2
2000089a:	5ce2      	ldrb	r2, [r4, r3]
2000089c:	2a00      	cmp	r2, #0
2000089e:	d163      	bne.n	20000968 <dcd_rp2040_irq+0x458>
200008a0:	003e      	movs	r6, r7
200008a2:	e682      	b.n	200005aa <dcd_rp2040_irq+0x9a>
200008a4:	4b62      	ldr	r3, [pc, #392]	@ (20000a30 <dcd_rp2040_irq+0x520>)
200008a6:	5ce7      	ldrb	r7, [r4, r3]
200008a8:	2f00      	cmp	r7, #0
200008aa:	d100      	bne.n	200008ae <dcd_rp2040_irq+0x39e>
200008ac:	e68c      	b.n	200005c8 <dcd_rp2040_irq+0xb8>
200008ae:	3302      	adds	r3, #2
200008b0:	5ce2      	ldrb	r2, [r4, r3]
200008b2:	2a00      	cmp	r2, #0
200008b4:	d000      	beq.n	200008b8 <dcd_rp2040_irq+0x3a8>
200008b6:	e0a3      	b.n	20000a00 <dcd_rp2040_irq+0x4f0>
200008b8:	4b5e      	ldr	r3, [pc, #376]	@ (20000a34 <dcd_rp2040_irq+0x524>)
200008ba:	5ce3      	ldrb	r3, [r4, r3]
200008bc:	2b02      	cmp	r3, #2
200008be:	d130      	bne.n	20000922 <dcd_rp2040_irq+0x412>
200008c0:	4b5d      	ldr	r3, [pc, #372]	@ (20000a38 <dcd_rp2040_irq+0x528>)
200008c2:	5ce3      	ldrb	r3, [r4, r3]
200008c4:	2b00      	cmp	r3, #0
200008c6:	d127      	bne.n	20000918 <dcd_rp2040_irq+0x408>
200008c8:	4b5c      	ldr	r3, [pc, #368]	@ (20000a3c <dcd_rp2040_irq+0x52c>)
200008ca:	5ce3      	ldrb	r3, [r4, r3]
200008cc:	2b02      	cmp	r3, #2
200008ce:	d000      	beq.n	200008d2 <dcd_rp2040_irq+0x3c2>
200008d0:	e68f      	b.n	200005f2 <dcd_rp2040_irq+0xe2>
200008d2:	003e      	movs	r6, r7
200008d4:	4b5a      	ldr	r3, [pc, #360]	@ (20000a40 <dcd_rp2040_irq+0x530>)
200008d6:	5ce3      	ldrb	r3, [r4, r3]
200008d8:	2b00      	cmp	r3, #0
200008da:	d100      	bne.n	200008de <dcd_rp2040_irq+0x3ce>
200008dc:	e67e      	b.n	200005dc <dcd_rp2040_irq+0xcc>
200008de:	23ff      	movs	r3, #255	@ 0xff
200008e0:	009b      	lsls	r3, r3, #2
200008e2:	5ce2      	ldrb	r2, [r4, r3]
200008e4:	2a00      	cmp	r2, #0
200008e6:	d100      	bne.n	200008ea <dcd_rp2040_irq+0x3da>
200008e8:	e683      	b.n	200005f2 <dcd_rp2040_irq+0xe2>
200008ea:	2200      	movs	r2, #0
200008ec:	54e2      	strb	r2, [r4, r3]
200008ee:	3b1c      	subs	r3, #28
200008f0:	18e0      	adds	r0, r4, r3
200008f2:	f000 f9cb 	bl	20000c8c <hw_endpoint_start_next_buffer>
200008f6:	e67c      	b.n	200005f2 <dcd_rp2040_irq+0xe2>
200008f8:	4b52      	ldr	r3, [pc, #328]	@ (20000a44 <dcd_rp2040_irq+0x534>)
200008fa:	5ce7      	ldrb	r7, [r4, r3]
200008fc:	2f00      	cmp	r7, #0
200008fe:	d100      	bne.n	20000902 <dcd_rp2040_irq+0x3f2>
20000900:	e65d      	b.n	200005be <dcd_rp2040_irq+0xae>
20000902:	3302      	adds	r3, #2
20000904:	5ce2      	ldrb	r2, [r4, r3]
20000906:	2a00      	cmp	r2, #0
20000908:	d116      	bne.n	20000938 <dcd_rp2040_irq+0x428>
2000090a:	003e      	movs	r6, r7
2000090c:	e657      	b.n	200005be <dcd_rp2040_irq+0xae>
2000090e:	4b4a      	ldr	r3, [pc, #296]	@ (20000a38 <dcd_rp2040_irq+0x528>)
20000910:	5ce3      	ldrb	r3, [r4, r3]
20000912:	2b00      	cmp	r3, #0
20000914:	d100      	bne.n	20000918 <dcd_rp2040_irq+0x408>
20000916:	e65c      	b.n	200005d2 <dcd_rp2040_irq+0xc2>
20000918:	23ef      	movs	r3, #239	@ 0xef
2000091a:	009b      	lsls	r3, r3, #2
2000091c:	5ce2      	ldrb	r2, [r4, r3]
2000091e:	2a00      	cmp	r2, #0
20000920:	d175      	bne.n	20000a0e <dcd_rp2040_irq+0x4fe>
20000922:	4b46      	ldr	r3, [pc, #280]	@ (20000a3c <dcd_rp2040_irq+0x52c>)
20000924:	5ce3      	ldrb	r3, [r4, r3]
20000926:	2b02      	cmp	r3, #2
20000928:	d000      	beq.n	2000092c <dcd_rp2040_irq+0x41c>
2000092a:	e662      	b.n	200005f2 <dcd_rp2040_irq+0xe2>
2000092c:	4b44      	ldr	r3, [pc, #272]	@ (20000a40 <dcd_rp2040_irq+0x530>)
2000092e:	5ce3      	ldrb	r3, [r4, r3]
20000930:	2b00      	cmp	r3, #0
20000932:	d100      	bne.n	20000936 <dcd_rp2040_irq+0x426>
20000934:	e65d      	b.n	200005f2 <dcd_rp2040_irq+0xe2>
20000936:	e7d2      	b.n	200008de <dcd_rp2040_irq+0x3ce>
20000938:	2200      	movs	r2, #0
2000093a:	54e2      	strb	r2, [r4, r3]
2000093c:	3b1c      	subs	r3, #28
2000093e:	18e0      	adds	r0, r4, r3
20000940:	f000 f9a4 	bl	20000c8c <hw_endpoint_start_next_buffer>
20000944:	003e      	movs	r6, r7
20000946:	e63a      	b.n	200005be <dcd_rp2040_irq+0xae>
20000948:	0020      	movs	r0, r4
2000094a:	2200      	movs	r2, #0
2000094c:	30a0      	adds	r0, #160	@ 0xa0
2000094e:	54e2      	strb	r2, [r4, r3]
20000950:	003e      	movs	r6, r7
20000952:	f000 f99b 	bl	20000c8c <hw_endpoint_start_next_buffer>
20000956:	e5fc      	b.n	20000552 <dcd_rp2040_irq+0x42>
20000958:	0020      	movs	r0, r4
2000095a:	2200      	movs	r2, #0
2000095c:	3060      	adds	r0, #96	@ 0x60
2000095e:	54e2      	strb	r2, [r4, r3]
20000960:	003e      	movs	r6, r7
20000962:	f000 f993 	bl	20000c8c <hw_endpoint_start_next_buffer>
20000966:	e5ef      	b.n	20000548 <dcd_rp2040_irq+0x38>
20000968:	2200      	movs	r2, #0
2000096a:	54e2      	strb	r2, [r4, r3]
2000096c:	3b1c      	subs	r3, #28
2000096e:	18e0      	adds	r0, r4, r3
20000970:	f000 f98c 	bl	20000c8c <hw_endpoint_start_next_buffer>
20000974:	003e      	movs	r6, r7
20000976:	e618      	b.n	200005aa <dcd_rp2040_irq+0x9a>
20000978:	2200      	movs	r2, #0
2000097a:	54e2      	strb	r2, [r4, r3]
2000097c:	3b1c      	subs	r3, #28
2000097e:	18e0      	adds	r0, r4, r3
20000980:	f000 f984 	bl	20000c8c <hw_endpoint_start_next_buffer>
20000984:	003e      	movs	r6, r7
20000986:	e606      	b.n	20000596 <dcd_rp2040_irq+0x86>
20000988:	2200      	movs	r2, #0
2000098a:	54e2      	strb	r2, [r4, r3]
2000098c:	3b1c      	subs	r3, #28
2000098e:	18e0      	adds	r0, r4, r3
20000990:	f000 f97c 	bl	20000c8c <hw_endpoint_start_next_buffer>
20000994:	003e      	movs	r6, r7
20000996:	e60d      	b.n	200005b4 <dcd_rp2040_irq+0xa4>
20000998:	0020      	movs	r0, r4
2000099a:	2200      	movs	r2, #0
2000099c:	30a1      	adds	r0, #161	@ 0xa1
2000099e:	30ff      	adds	r0, #255	@ 0xff
200009a0:	54e2      	strb	r2, [r4, r3]
200009a2:	003e      	movs	r6, r7
200009a4:	f000 f972 	bl	20000c8c <hw_endpoint_start_next_buffer>
200009a8:	e5ea      	b.n	20000580 <dcd_rp2040_irq+0x70>
200009aa:	0020      	movs	r0, r4
200009ac:	2200      	movs	r2, #0
200009ae:	3021      	adds	r0, #33	@ 0x21
200009b0:	30ff      	adds	r0, #255	@ 0xff
200009b2:	54e2      	strb	r2, [r4, r3]
200009b4:	003e      	movs	r6, r7
200009b6:	f000 f969 	bl	20000c8c <hw_endpoint_start_next_buffer>
200009ba:	e5d5      	b.n	20000568 <dcd_rp2040_irq+0x58>
200009bc:	2200      	movs	r2, #0
200009be:	54e2      	strb	r2, [r4, r3]
200009c0:	3b1c      	subs	r3, #28
200009c2:	18e0      	adds	r0, r4, r3
200009c4:	f000 f962 	bl	20000c8c <hw_endpoint_start_next_buffer>
200009c8:	003e      	movs	r6, r7
200009ca:	e5e9      	b.n	200005a0 <dcd_rp2040_irq+0x90>
200009cc:	0020      	movs	r0, r4
200009ce:	2200      	movs	r2, #0
200009d0:	3061      	adds	r0, #97	@ 0x61
200009d2:	30ff      	adds	r0, #255	@ 0xff
200009d4:	54e2      	strb	r2, [r4, r3]
200009d6:	003e      	movs	r6, r7
200009d8:	f000 f958 	bl	20000c8c <hw_endpoint_start_next_buffer>
200009dc:	e5ca      	b.n	20000574 <dcd_rp2040_irq+0x64>
200009de:	0020      	movs	r0, r4
200009e0:	2200      	movs	r2, #0
200009e2:	30e1      	adds	r0, #225	@ 0xe1
200009e4:	30ff      	adds	r0, #255	@ 0xff
200009e6:	54e2      	strb	r2, [r4, r3]
200009e8:	003e      	movs	r6, r7
200009ea:	f000 f94f 	bl	20000c8c <hw_endpoint_start_next_buffer>
200009ee:	e5cd      	b.n	2000058c <dcd_rp2040_irq+0x7c>
200009f0:	0020      	movs	r0, r4
200009f2:	2200      	movs	r2, #0
200009f4:	30e0      	adds	r0, #224	@ 0xe0
200009f6:	54e2      	strb	r2, [r4, r3]
200009f8:	003e      	movs	r6, r7
200009fa:	f000 f947 	bl	20000c8c <hw_endpoint_start_next_buffer>
200009fe:	e5ad      	b.n	2000055c <dcd_rp2040_irq+0x4c>
20000a00:	2200      	movs	r2, #0
20000a02:	54e2      	strb	r2, [r4, r3]
20000a04:	3b1c      	subs	r3, #28
20000a06:	18e0      	adds	r0, r4, r3
20000a08:	f000 f940 	bl	20000c8c <hw_endpoint_start_next_buffer>
20000a0c:	e754      	b.n	200008b8 <dcd_rp2040_irq+0x3a8>
20000a0e:	2200      	movs	r2, #0
20000a10:	54e2      	strb	r2, [r4, r3]
20000a12:	3b1c      	subs	r3, #28
20000a14:	18e0      	adds	r0, r4, r3
20000a16:	f000 f939 	bl	20000c8c <hw_endpoint_start_next_buffer>
20000a1a:	e782      	b.n	20000922 <dcd_rp2040_irq+0x412>
20000a1c:	0031      	movs	r1, r6
20000a1e:	480a      	ldr	r0, [pc, #40]	@ (20000a48 <dcd_rp2040_irq+0x538>)
20000a20:	4069      	eors	r1, r5
20000a22:	f000 fa95 	bl	20000f50 <__panic_veneer>
20000a26:	46c0      	nop			@ (mov r8, r8)
20000a28:	0000023a 	.word	0x0000023a
20000a2c:	000002ba 	.word	0x000002ba
20000a30:	0000037a 	.word	0x0000037a
20000a34:	000003bb 	.word	0x000003bb
20000a38:	000003ba 	.word	0x000003ba
20000a3c:	000003fb 	.word	0x000003fb
20000a40:	000003fa 	.word	0x000003fa
20000a44:	0000033a 	.word	0x0000033a
20000a48:	10007838 	.word	0x10007838

20000a4c <prepare_ep_buffer>:
20000a4c:	b5f0      	push	{r4, r5, r6, r7, lr}
20000a4e:	468c      	mov	ip, r1
20000a50:	8a83      	ldrh	r3, [r0, #20]
20000a52:	8b01      	ldrh	r1, [r0, #24]
20000a54:	0002      	movs	r2, r0
20000a56:	b083      	sub	sp, #12
20000a58:	1c0e      	adds	r6, r1, #0
20000a5a:	4299      	cmp	r1, r3
20000a5c:	d900      	bls.n	20000a60 <prepare_ep_buffer+0x14>
20000a5e:	1c1e      	adds	r6, r3, #0
20000a60:	b2b6      	uxth	r6, r6
20000a62:	1b9b      	subs	r3, r3, r6
20000a64:	b29c      	uxth	r4, r3
20000a66:	78d3      	ldrb	r3, [r2, #3]
20000a68:	2180      	movs	r1, #128	@ 0x80
20000a6a:	0018      	movs	r0, r3
20000a6c:	1e45      	subs	r5, r0, #1
20000a6e:	41a8      	sbcs	r0, r5
20000a70:	00c9      	lsls	r1, r1, #3
20000a72:	4331      	orrs	r1, r6
20000a74:	0340      	lsls	r0, r0, #13
20000a76:	4308      	orrs	r0, r1
20000a78:	2101      	movs	r1, #1
20000a7a:	404b      	eors	r3, r1
20000a7c:	70d3      	strb	r3, [r2, #3]
20000a7e:	7853      	ldrb	r3, [r2, #1]
20000a80:	8294      	strh	r4, [r2, #20]
20000a82:	2b00      	cmp	r3, #0
20000a84:	d132      	bne.n	20000aec <prepare_ep_buffer+0xa0>
20000a86:	6911      	ldr	r1, [r2, #16]
20000a88:	2e00      	cmp	r6, #0
20000a8a:	d02a      	beq.n	20000ae2 <prepare_ep_buffer+0x96>
20000a8c:	4663      	mov	r3, ip
20000a8e:	68d4      	ldr	r4, [r2, #12]
20000a90:	019b      	lsls	r3, r3, #6
20000a92:	18e4      	adds	r4, r4, r3
20000a94:	1e73      	subs	r3, r6, #1
20000a96:	9301      	str	r3, [sp, #4]
20000a98:	2b06      	cmp	r3, #6
20000a9a:	d932      	bls.n	20000b02 <prepare_ep_buffer+0xb6>
20000a9c:	0023      	movs	r3, r4
20000a9e:	430b      	orrs	r3, r1
20000aa0:	079b      	lsls	r3, r3, #30
20000aa2:	d12e      	bne.n	20000b02 <prepare_ep_buffer+0xb6>
20000aa4:	1a63      	subs	r3, r4, r1
20000aa6:	3b01      	subs	r3, #1
20000aa8:	2b02      	cmp	r3, #2
20000aaa:	d92a      	bls.n	20000b02 <prepare_ep_buffer+0xb6>
20000aac:	2300      	movs	r3, #0
20000aae:	08b7      	lsrs	r7, r6, #2
20000ab0:	00bf      	lsls	r7, r7, #2
20000ab2:	58cd      	ldr	r5, [r1, r3]
20000ab4:	50e5      	str	r5, [r4, r3]
20000ab6:	3304      	adds	r3, #4
20000ab8:	42bb      	cmp	r3, r7
20000aba:	d1fa      	bne.n	20000ab2 <prepare_ep_buffer+0x66>
20000abc:	429e      	cmp	r6, r3
20000abe:	d00e      	beq.n	20000ade <prepare_ep_buffer+0x92>
20000ac0:	9d01      	ldr	r5, [sp, #4]
20000ac2:	18e4      	adds	r4, r4, r3
20000ac4:	1aef      	subs	r7, r5, r3
20000ac6:	18cd      	adds	r5, r1, r3
20000ac8:	5cc9      	ldrb	r1, [r1, r3]
20000aca:	7021      	strb	r1, [r4, #0]
20000acc:	9901      	ldr	r1, [sp, #4]
20000ace:	4299      	cmp	r1, r3
20000ad0:	d005      	beq.n	20000ade <prepare_ep_buffer+0x92>
20000ad2:	786b      	ldrb	r3, [r5, #1]
20000ad4:	7063      	strb	r3, [r4, #1]
20000ad6:	2f01      	cmp	r7, #1
20000ad8:	d001      	beq.n	20000ade <prepare_ep_buffer+0x92>
20000ada:	78ab      	ldrb	r3, [r5, #2]
20000adc:	70a3      	strb	r3, [r4, #2]
20000ade:	6911      	ldr	r1, [r2, #16]
20000ae0:	8a94      	ldrh	r4, [r2, #20]
20000ae2:	2380      	movs	r3, #128	@ 0x80
20000ae4:	1989      	adds	r1, r1, r6
20000ae6:	021b      	lsls	r3, r3, #8
20000ae8:	6111      	str	r1, [r2, #16]
20000aea:	4318      	orrs	r0, r3
20000aec:	2c00      	cmp	r4, #0
20000aee:	d102      	bne.n	20000af6 <prepare_ep_buffer+0xaa>
20000af0:	2380      	movs	r3, #128	@ 0x80
20000af2:	01db      	lsls	r3, r3, #7
20000af4:	4318      	orrs	r0, r3
20000af6:	4663      	mov	r3, ip
20000af8:	2b00      	cmp	r3, #0
20000afa:	d000      	beq.n	20000afe <prepare_ep_buffer+0xb2>
20000afc:	0400      	lsls	r0, r0, #16
20000afe:	b003      	add	sp, #12
20000b00:	bdf0      	pop	{r4, r5, r6, r7, pc}
20000b02:	2300      	movs	r3, #0
20000b04:	5ccd      	ldrb	r5, [r1, r3]
20000b06:	54e5      	strb	r5, [r4, r3]
20000b08:	3301      	adds	r3, #1
20000b0a:	429e      	cmp	r6, r3
20000b0c:	d1fa      	bne.n	20000b04 <prepare_ep_buffer+0xb8>
20000b0e:	e7e6      	b.n	20000ade <prepare_ep_buffer+0x92>

20000b10 <sync_ep_buffer>:
20000b10:	6883      	ldr	r3, [r0, #8]
20000b12:	b5f0      	push	{r4, r5, r6, r7, lr}
20000b14:	681a      	ldr	r2, [r3, #0]
20000b16:	2900      	cmp	r1, #0
20000b18:	d000      	beq.n	20000b1c <sync_ep_buffer+0xc>
20000b1a:	0c12      	lsrs	r2, r2, #16
20000b1c:	7843      	ldrb	r3, [r0, #1]
20000b1e:	0592      	lsls	r2, r2, #22
20000b20:	0d95      	lsrs	r5, r2, #22
20000b22:	2b00      	cmp	r3, #0
20000b24:	d109      	bne.n	20000b3a <sync_ep_buffer+0x2a>
20000b26:	8ac3      	ldrh	r3, [r0, #22]
20000b28:	18eb      	adds	r3, r5, r3
20000b2a:	82c3      	strh	r3, [r0, #22]
20000b2c:	8b03      	ldrh	r3, [r0, #24]
20000b2e:	42ab      	cmp	r3, r5
20000b30:	d901      	bls.n	20000b36 <sync_ep_buffer+0x26>
20000b32:	2300      	movs	r3, #0
20000b34:	8283      	strh	r3, [r0, #20]
20000b36:	0028      	movs	r0, r5
20000b38:	bdf0      	pop	{r4, r5, r6, r7, pc}
20000b3a:	6904      	ldr	r4, [r0, #16]
20000b3c:	2d00      	cmp	r5, #0
20000b3e:	d028      	beq.n	20000b92 <sync_ep_buffer+0x82>
20000b40:	68c3      	ldr	r3, [r0, #12]
20000b42:	0189      	lsls	r1, r1, #6
20000b44:	1e6f      	subs	r7, r5, #1
20000b46:	46bc      	mov	ip, r7
20000b48:	185e      	adds	r6, r3, r1
20000b4a:	2f06      	cmp	r7, #6
20000b4c:	d927      	bls.n	20000b9e <sync_ep_buffer+0x8e>
20000b4e:	3101      	adds	r1, #1
20000b50:	185b      	adds	r3, r3, r1
20000b52:	1ae3      	subs	r3, r4, r3
20000b54:	2b02      	cmp	r3, #2
20000b56:	d922      	bls.n	20000b9e <sync_ep_buffer+0x8e>
20000b58:	0023      	movs	r3, r4
20000b5a:	4333      	orrs	r3, r6
20000b5c:	079b      	lsls	r3, r3, #30
20000b5e:	d11e      	bne.n	20000b9e <sync_ep_buffer+0x8e>
20000b60:	2300      	movs	r3, #0
20000b62:	0e12      	lsrs	r2, r2, #24
20000b64:	0092      	lsls	r2, r2, #2
20000b66:	58f1      	ldr	r1, [r6, r3]
20000b68:	50e1      	str	r1, [r4, r3]
20000b6a:	3304      	adds	r3, #4
20000b6c:	429a      	cmp	r2, r3
20000b6e:	d1fa      	bne.n	20000b66 <sync_ep_buffer+0x56>
20000b70:	4295      	cmp	r5, r2
20000b72:	d00d      	beq.n	20000b90 <sync_ep_buffer+0x80>
20000b74:	4663      	mov	r3, ip
20000b76:	1a9f      	subs	r7, r3, r2
20000b78:	18a3      	adds	r3, r4, r2
20000b7a:	5cb4      	ldrb	r4, [r6, r2]
20000b7c:	18b1      	adds	r1, r6, r2
20000b7e:	701c      	strb	r4, [r3, #0]
20000b80:	4594      	cmp	ip, r2
20000b82:	d005      	beq.n	20000b90 <sync_ep_buffer+0x80>
20000b84:	784a      	ldrb	r2, [r1, #1]
20000b86:	705a      	strb	r2, [r3, #1]
20000b88:	2f01      	cmp	r7, #1
20000b8a:	d001      	beq.n	20000b90 <sync_ep_buffer+0x80>
20000b8c:	788a      	ldrb	r2, [r1, #2]
20000b8e:	709a      	strb	r2, [r3, #2]
20000b90:	6904      	ldr	r4, [r0, #16]
20000b92:	8ac3      	ldrh	r3, [r0, #22]
20000b94:	1964      	adds	r4, r4, r5
20000b96:	18eb      	adds	r3, r5, r3
20000b98:	82c3      	strh	r3, [r0, #22]
20000b9a:	6104      	str	r4, [r0, #16]
20000b9c:	e7c6      	b.n	20000b2c <sync_ep_buffer+0x1c>
20000b9e:	2200      	movs	r2, #0
20000ba0:	5cb3      	ldrb	r3, [r6, r2]
20000ba2:	54a3      	strb	r3, [r4, r2]
20000ba4:	3201      	adds	r2, #1
20000ba6:	4295      	cmp	r5, r2
20000ba8:	d1fa      	bne.n	20000ba0 <sync_ep_buffer+0x90>
20000baa:	6904      	ldr	r4, [r0, #16]
20000bac:	e7f1      	b.n	20000b92 <sync_ep_buffer+0x82>
20000bae:	46c0      	nop			@ (mov r8, r8)

20000bb0 <_hw_endpoint_xfer_sync>:
20000bb0:	b510      	push	{r4, lr}
20000bb2:	0004      	movs	r4, r0
20000bb4:	6883      	ldr	r3, [r0, #8]
20000bb6:	2100      	movs	r1, #0
20000bb8:	681b      	ldr	r3, [r3, #0]
20000bba:	f7ff ffa9 	bl	20000b10 <sync_ep_buffer>
20000bbe:	6863      	ldr	r3, [r4, #4]
20000bc0:	681b      	ldr	r3, [r3, #0]
20000bc2:	005b      	lsls	r3, r3, #1
20000bc4:	d502      	bpl.n	20000bcc <_hw_endpoint_xfer_sync+0x1c>
20000bc6:	8b23      	ldrh	r3, [r4, #24]
20000bc8:	4283      	cmp	r3, r0
20000bca:	d000      	beq.n	20000bce <_hw_endpoint_xfer_sync+0x1e>
20000bcc:	bd10      	pop	{r4, pc}
20000bce:	2101      	movs	r1, #1
20000bd0:	0020      	movs	r0, r4
20000bd2:	f7ff ff9d 	bl	20000b10 <sync_ep_buffer>
20000bd6:	e7f9      	b.n	20000bcc <_hw_endpoint_xfer_sync+0x1c>

20000bd8 <e15_is_bulkin_ep>:
20000bd8:	4b08      	ldr	r3, [pc, #32]	@ (20000bfc <e15_is_bulkin_ep+0x24>)
20000bda:	6c1a      	ldr	r2, [r3, #64]	@ 0x40
20000bdc:	2300      	movs	r3, #0
20000bde:	0792      	lsls	r2, r2, #30
20000be0:	d403      	bmi.n	20000bea <e15_is_bulkin_ep+0x12>
20000be2:	7882      	ldrb	r2, [r0, #2]
20000be4:	09d2      	lsrs	r2, r2, #7
20000be6:	2a01      	cmp	r2, #1
20000be8:	d001      	beq.n	20000bee <e15_is_bulkin_ep+0x16>
20000bea:	0018      	movs	r0, r3
20000bec:	4770      	bx	lr
20000bee:	7ec3      	ldrb	r3, [r0, #27]
20000bf0:	3b02      	subs	r3, #2
20000bf2:	425a      	negs	r2, r3
20000bf4:	4153      	adcs	r3, r2
20000bf6:	b2db      	uxtb	r3, r3
20000bf8:	e7f7      	b.n	20000bea <e15_is_bulkin_ep+0x12>
20000bfa:	46c0      	nop			@ (mov r8, r8)
20000bfc:	50110000 	.word	0x50110000

20000c00 <e15_is_critical_frame_period>:
20000c00:	b510      	push	{r4, lr}
20000c02:	f7ff ffe9 	bl	20000bd8 <e15_is_bulkin_ep>
20000c06:	2800      	cmp	r0, #0
20000c08:	d00a      	beq.n	20000c20 <e15_is_critical_frame_period+0x20>
20000c0a:	4b06      	ldr	r3, [pc, #24]	@ (20000c24 <e15_is_critical_frame_period+0x24>)
20000c0c:	4a06      	ldr	r2, [pc, #24]	@ (20000c28 <e15_is_critical_frame_period+0x28>)
20000c0e:	6a9b      	ldr	r3, [r3, #40]	@ 0x28
20000c10:	4906      	ldr	r1, [pc, #24]	@ (20000c2c <e15_is_critical_frame_period+0x2c>)
20000c12:	6812      	ldr	r2, [r2, #0]
20000c14:	185b      	adds	r3, r3, r1
20000c16:	1a9b      	subs	r3, r3, r2
20000c18:	2000      	movs	r0, #0
20000c1a:	22c6      	movs	r2, #198	@ 0xc6
20000c1c:	429a      	cmp	r2, r3
20000c1e:	4140      	adcs	r0, r0
20000c20:	bd10      	pop	{r4, pc}
20000c22:	46c0      	nop			@ (mov r8, r8)
20000c24:	40054000 	.word	0x40054000
20000c28:	20001730 	.word	0x20001730
20000c2c:	fffffce0 	.word	0xfffffce0

20000c30 <hw_endpoint_reset_transfer>:
20000c30:	2300      	movs	r3, #0
20000c32:	7683      	strb	r3, [r0, #26]
20000c34:	6143      	str	r3, [r0, #20]
20000c36:	6103      	str	r3, [r0, #16]
20000c38:	4770      	bx	lr
20000c3a:	46c0      	nop			@ (mov r8, r8)

20000c3c <_hw_endpoint_buffer_control_update32>:
20000c3c:	b510      	push	{r4, lr}
20000c3e:	6883      	ldr	r3, [r0, #8]
20000c40:	2900      	cmp	r1, #0
20000c42:	d001      	beq.n	20000c48 <_hw_endpoint_buffer_control_update32+0xc>
20000c44:	681c      	ldr	r4, [r3, #0]
20000c46:	4021      	ands	r1, r4
20000c48:	2a00      	cmp	r2, #0
20000c4a:	d012      	beq.n	20000c72 <_hw_endpoint_buffer_control_update32+0x36>
20000c4c:	2480      	movs	r4, #128	@ 0x80
20000c4e:	00e4      	lsls	r4, r4, #3
20000c50:	4311      	orrs	r1, r2
20000c52:	4222      	tst	r2, r4
20000c54:	d00d      	beq.n	20000c72 <_hw_endpoint_buffer_control_update32+0x36>
20000c56:	681a      	ldr	r2, [r3, #0]
20000c58:	4222      	tst	r2, r4
20000c5a:	d10c      	bne.n	20000c76 <_hw_endpoint_buffer_control_update32+0x3a>
20000c5c:	4a08      	ldr	r2, [pc, #32]	@ (20000c80 <_hw_endpoint_buffer_control_update32+0x44>)
20000c5e:	400a      	ands	r2, r1
20000c60:	601a      	str	r2, [r3, #0]
20000c62:	4a08      	ldr	r2, [pc, #32]	@ (20000c84 <_hw_endpoint_buffer_control_update32+0x48>)
20000c64:	6c12      	ldr	r2, [r2, #64]	@ 0x40
20000c66:	0792      	lsls	r2, r2, #30
20000c68:	d403      	bmi.n	20000c72 <_hw_endpoint_buffer_control_update32+0x36>
20000c6a:	230c      	movs	r3, #12
20000c6c:	3b03      	subs	r3, #3
20000c6e:	d2fd      	bcs.n	20000c6c <_hw_endpoint_buffer_control_update32+0x30>
20000c70:	6883      	ldr	r3, [r0, #8]
20000c72:	6019      	str	r1, [r3, #0]
20000c74:	bd10      	pop	{r4, pc}
20000c76:	7881      	ldrb	r1, [r0, #2]
20000c78:	4803      	ldr	r0, [pc, #12]	@ (20000c88 <_hw_endpoint_buffer_control_update32+0x4c>)
20000c7a:	f000 f969 	bl	20000f50 <__panic_veneer>
20000c7e:	46c0      	nop			@ (mov r8, r8)
20000c80:	fffffbff 	.word	0xfffffbff
20000c84:	50110000 	.word	0x50110000
20000c88:	1000784c 	.word	0x1000784c

20000c8c <hw_endpoint_start_next_buffer>:
20000c8c:	6843      	ldr	r3, [r0, #4]
20000c8e:	b570      	push	{r4, r5, r6, lr}
20000c90:	2100      	movs	r1, #0
20000c92:	2580      	movs	r5, #128	@ 0x80
20000c94:	0004      	movs	r4, r0
20000c96:	681e      	ldr	r6, [r3, #0]
20000c98:	f7ff fed8 	bl	20000a4c <prepare_ep_buffer>
20000c9c:	4b12      	ldr	r3, [pc, #72]	@ (20000ce8 <hw_endpoint_start_next_buffer+0x5c>)
20000c9e:	016d      	lsls	r5, r5, #5
20000ca0:	6c1a      	ldr	r2, [r3, #64]	@ 0x40
20000ca2:	4305      	orrs	r5, r0
20000ca4:	78a3      	ldrb	r3, [r4, #2]
20000ca6:	0792      	lsls	r2, r2, #30
20000ca8:	d50e      	bpl.n	20000cc8 <hw_endpoint_start_next_buffer+0x3c>
20000caa:	065b      	lsls	r3, r3, #25
20000cac:	d00e      	beq.n	20000ccc <hw_endpoint_start_next_buffer+0x40>
20000cae:	4b0f      	ldr	r3, [pc, #60]	@ (20000cec <hw_endpoint_start_next_buffer+0x60>)
20000cb0:	401e      	ands	r6, r3
20000cb2:	2380      	movs	r3, #128	@ 0x80
20000cb4:	059b      	lsls	r3, r3, #22
20000cb6:	4333      	orrs	r3, r6
20000cb8:	6862      	ldr	r2, [r4, #4]
20000cba:	2100      	movs	r1, #0
20000cbc:	6013      	str	r3, [r2, #0]
20000cbe:	0020      	movs	r0, r4
20000cc0:	002a      	movs	r2, r5
20000cc2:	f7ff ffbb 	bl	20000c3c <_hw_endpoint_buffer_control_update32>
20000cc6:	bd70      	pop	{r4, r5, r6, pc}
20000cc8:	09db      	lsrs	r3, r3, #7
20000cca:	d0f0      	beq.n	20000cae <hw_endpoint_start_next_buffer+0x22>
20000ccc:	8aa3      	ldrh	r3, [r4, #20]
20000cce:	2b00      	cmp	r3, #0
20000cd0:	d0ed      	beq.n	20000cae <hw_endpoint_start_next_buffer+0x22>
20000cd2:	2101      	movs	r1, #1
20000cd4:	0020      	movs	r0, r4
20000cd6:	f7ff feb9 	bl	20000a4c <prepare_ep_buffer>
20000cda:	23a0      	movs	r3, #160	@ 0xa0
20000cdc:	4a04      	ldr	r2, [pc, #16]	@ (20000cf0 <hw_endpoint_start_next_buffer+0x64>)
20000cde:	05db      	lsls	r3, r3, #23
20000ce0:	4032      	ands	r2, r6
20000ce2:	4305      	orrs	r5, r0
20000ce4:	4313      	orrs	r3, r2
20000ce6:	e7e7      	b.n	20000cb8 <hw_endpoint_start_next_buffer+0x2c>
20000ce8:	50110000 	.word	0x50110000
20000cec:	afffffff 	.word	0xafffffff
20000cf0:	dfffffff 	.word	0xdfffffff

20000cf4 <hw_endpoint_xfer_continue>:
20000cf4:	b570      	push	{r4, r5, r6, lr}
20000cf6:	7e85      	ldrb	r5, [r0, #26]
20000cf8:	0004      	movs	r4, r0
20000cfa:	2d00      	cmp	r5, #0
20000cfc:	d014      	beq.n	20000d28 <hw_endpoint_xfer_continue+0x34>
20000cfe:	f7ff ff57 	bl	20000bb0 <_hw_endpoint_xfer_sync>
20000d02:	8aa3      	ldrh	r3, [r4, #20]
20000d04:	2b00      	cmp	r3, #0
20000d06:	d101      	bne.n	20000d0c <hw_endpoint_xfer_continue+0x18>
20000d08:	0028      	movs	r0, r5
20000d0a:	bd70      	pop	{r4, r5, r6, pc}
20000d0c:	0020      	movs	r0, r4
20000d0e:	f7ff ff77 	bl	20000c00 <e15_is_critical_frame_period>
20000d12:	2800      	cmp	r0, #0
20000d14:	d003      	beq.n	20000d1e <hw_endpoint_xfer_continue+0x2a>
20000d16:	2301      	movs	r3, #1
20000d18:	2500      	movs	r5, #0
20000d1a:	7723      	strb	r3, [r4, #28]
20000d1c:	e7f4      	b.n	20000d08 <hw_endpoint_xfer_continue+0x14>
20000d1e:	0020      	movs	r0, r4
20000d20:	f7ff ffb4 	bl	20000c8c <hw_endpoint_start_next_buffer>
20000d24:	2500      	movs	r5, #0
20000d26:	e7ef      	b.n	20000d08 <hw_endpoint_xfer_continue+0x14>
20000d28:	7881      	ldrb	r1, [r0, #2]
20000d2a:	4801      	ldr	r0, [pc, #4]	@ (20000d30 <hw_endpoint_xfer_continue+0x3c>)
20000d2c:	f000 f910 	bl	20000f50 <__panic_veneer>
20000d30:	1000786c 	.word	0x1000786c

20000d34 <dcd_event_handler>:
20000d34:	b5f0      	push	{r4, r5, r6, r7, lr}
20000d36:	4647      	mov	r7, r8
20000d38:	46ce      	mov	lr, r9
20000d3a:	b580      	push	{r7, lr}
20000d3c:	7843      	ldrb	r3, [r0, #1]
20000d3e:	0005      	movs	r5, r0
20000d40:	000f      	movs	r7, r1
20000d42:	b085      	sub	sp, #20
20000d44:	2b06      	cmp	r3, #6
20000d46:	d807      	bhi.n	20000d58 <dcd_event_handler+0x24>
20000d48:	4a68      	ldr	r2, [pc, #416]	@ (20000eec <dcd_event_handler+0x1b8>)
20000d4a:	009b      	lsls	r3, r3, #2
20000d4c:	58d3      	ldr	r3, [r2, r3]
20000d4e:	469f      	mov	pc, r3
20000d50:	4a67      	ldr	r2, [pc, #412]	@ (20000ef0 <dcd_event_handler+0x1bc>)
20000d52:	7813      	ldrb	r3, [r2, #0]
20000d54:	3301      	adds	r3, #1
20000d56:	7013      	strb	r3, [r2, #0]
20000d58:	4b66      	ldr	r3, [pc, #408]	@ (20000ef4 <dcd_event_handler+0x1c0>)
20000d5a:	681c      	ldr	r4, [r3, #0]
20000d5c:	6962      	ldr	r2, [r4, #20]
20000d5e:	f3ef 8110 	mrs	r1, PRIMASK
20000d62:	b672      	cpsid	i
20000d64:	6813      	ldr	r3, [r2, #0]
20000d66:	2b00      	cmp	r3, #0
20000d68:	d0fc      	beq.n	20000d64 <dcd_event_handler+0x30>
20000d6a:	f3bf 8f5f 	dmb	sy
20000d6e:	61a1      	str	r1, [r4, #24]
20000d70:	0020      	movs	r0, r4
20000d72:	0029      	movs	r1, r5
20000d74:	f000 f8e4 	bl	20000f40 <__tu_fifo_write_veneer>
20000d78:	6962      	ldr	r2, [r4, #20]
20000d7a:	69a3      	ldr	r3, [r4, #24]
20000d7c:	f3bf 8f5f 	dmb	sy
20000d80:	2100      	movs	r1, #0
20000d82:	6011      	str	r1, [r2, #0]
20000d84:	f383 8810 	msr	PRIMASK, r3
20000d88:	2800      	cmp	r0, #0
20000d8a:	d104      	bne.n	20000d96 <dcd_event_handler+0x62>
20000d8c:	b005      	add	sp, #20
20000d8e:	bcc0      	pop	{r6, r7}
20000d90:	46b9      	mov	r9, r7
20000d92:	46b0      	mov	r8, r6
20000d94:	bdf0      	pop	{r4, r5, r6, r7, pc}
20000d96:	003a      	movs	r2, r7
20000d98:	7869      	ldrb	r1, [r5, #1]
20000d9a:	7828      	ldrb	r0, [r5, #0]
20000d9c:	f000 f8e8 	bl	20000f70 <__tud_event_hook_cb_veneer>
20000da0:	e7f4      	b.n	20000d8c <dcd_event_handler+0x58>
20000da2:	2101      	movs	r1, #1
20000da4:	4b54      	ldr	r3, [pc, #336]	@ (20000ef8 <dcd_event_handler+0x1c4>)
20000da6:	781a      	ldrb	r2, [r3, #0]
20000da8:	438a      	bics	r2, r1
20000daa:	701a      	strb	r2, [r3, #0]
20000dac:	781a      	ldrb	r2, [r3, #0]
20000dae:	3101      	adds	r1, #1
20000db0:	438a      	bics	r2, r1
20000db2:	701a      	strb	r2, [r3, #0]
20000db4:	2200      	movs	r2, #0
20000db6:	705a      	strb	r2, [r3, #1]
20000db8:	781a      	ldrb	r2, [r3, #0]
20000dba:	3102      	adds	r1, #2
20000dbc:	438a      	bics	r2, r1
20000dbe:	701a      	strb	r2, [r3, #0]
20000dc0:	e7ca      	b.n	20000d58 <dcd_event_handler+0x24>
20000dc2:	4b4e      	ldr	r3, [pc, #312]	@ (20000efc <dcd_event_handler+0x1c8>)
20000dc4:	2400      	movs	r4, #0
20000dc6:	001e      	movs	r6, r3
20000dc8:	781a      	ldrb	r2, [r3, #0]
20000dca:	4b4d      	ldr	r3, [pc, #308]	@ (20000f00 <dcd_event_handler+0x1cc>)
20000dcc:	4698      	mov	r8, r3
20000dce:	4b4d      	ldr	r3, [pc, #308]	@ (20000f04 <dcd_event_handler+0x1d0>)
20000dd0:	4699      	mov	r9, r3
20000dd2:	e010      	b.n	20000df6 <dcd_event_handler+0xc2>
20000dd4:	464b      	mov	r3, r9
20000dd6:	681b      	ldr	r3, [r3, #0]
20000dd8:	0161      	lsls	r1, r4, #5
20000dda:	185b      	adds	r3, r3, r1
20000ddc:	2b00      	cmp	r3, #0
20000dde:	d006      	beq.n	20000dee <dcd_event_handler+0xba>
20000de0:	69db      	ldr	r3, [r3, #28]
20000de2:	2b00      	cmp	r3, #0
20000de4:	d003      	beq.n	20000dee <dcd_event_handler+0xba>
20000de6:	6869      	ldr	r1, [r5, #4]
20000de8:	7828      	ldrb	r0, [r5, #0]
20000dea:	4798      	blx	r3
20000dec:	7832      	ldrb	r2, [r6, #0]
20000dee:	3401      	adds	r4, #1
20000df0:	b2e4      	uxtb	r4, r4
20000df2:	4294      	cmp	r4, r2
20000df4:	d817      	bhi.n	20000e26 <dcd_event_handler+0xf2>
20000df6:	42a2      	cmp	r2, r4
20000df8:	d8ec      	bhi.n	20000dd4 <dcd_event_handler+0xa0>
20000dfa:	1aa3      	subs	r3, r4, r2
20000dfc:	015b      	lsls	r3, r3, #5
20000dfe:	4443      	add	r3, r8
20000e00:	e7ee      	b.n	20000de0 <dcd_event_handler+0xac>
20000e02:	4b3d      	ldr	r3, [pc, #244]	@ (20000ef8 <dcd_event_handler+0x1c4>)
20000e04:	781a      	ldrb	r2, [r3, #0]
20000e06:	07d2      	lsls	r2, r2, #31
20000e08:	d5c0      	bpl.n	20000d8c <dcd_event_handler+0x58>
20000e0a:	2104      	movs	r1, #4
20000e0c:	781a      	ldrb	r2, [r3, #0]
20000e0e:	430a      	orrs	r2, r1
20000e10:	701a      	strb	r2, [r3, #0]
20000e12:	e7a1      	b.n	20000d58 <dcd_event_handler+0x24>
20000e14:	4b38      	ldr	r3, [pc, #224]	@ (20000ef8 <dcd_event_handler+0x1c4>)
20000e16:	781a      	ldrb	r2, [r3, #0]
20000e18:	07d2      	lsls	r2, r2, #31
20000e1a:	d5b7      	bpl.n	20000d8c <dcd_event_handler+0x58>
20000e1c:	2104      	movs	r1, #4
20000e1e:	781a      	ldrb	r2, [r3, #0]
20000e20:	438a      	bics	r2, r1
20000e22:	701a      	strb	r2, [r3, #0]
20000e24:	e798      	b.n	20000d58 <dcd_event_handler+0x24>
20000e26:	4a34      	ldr	r2, [pc, #208]	@ (20000ef8 <dcd_event_handler+0x1c4>)
20000e28:	7813      	ldrb	r3, [r2, #0]
20000e2a:	4690      	mov	r8, r2
20000e2c:	0011      	movs	r1, r2
20000e2e:	075b      	lsls	r3, r3, #29
20000e30:	d528      	bpl.n	20000e84 <dcd_event_handler+0x150>
20000e32:	7813      	ldrb	r3, [r2, #0]
20000e34:	2204      	movs	r2, #4
20000e36:	ac01      	add	r4, sp, #4
20000e38:	4393      	bics	r3, r2
20000e3a:	700b      	strb	r3, [r1, #0]
20000e3c:	0020      	movs	r0, r4
20000e3e:	2100      	movs	r1, #0
20000e40:	3208      	adds	r2, #8
20000e42:	f000 f88d 	bl	20000f60 <____wrap_memset_veneer>
20000e46:	782b      	ldrb	r3, [r5, #0]
20000e48:	7023      	strb	r3, [r4, #0]
20000e4a:	2305      	movs	r3, #5
20000e4c:	7063      	strb	r3, [r4, #1]
20000e4e:	4b29      	ldr	r3, [pc, #164]	@ (20000ef4 <dcd_event_handler+0x1c0>)
20000e50:	681b      	ldr	r3, [r3, #0]
20000e52:	0018      	movs	r0, r3
20000e54:	695a      	ldr	r2, [r3, #20]
20000e56:	f3ef 8110 	mrs	r1, PRIMASK
20000e5a:	b672      	cpsid	i
20000e5c:	6813      	ldr	r3, [r2, #0]
20000e5e:	2b00      	cmp	r3, #0
20000e60:	d0fc      	beq.n	20000e5c <dcd_event_handler+0x128>
20000e62:	f3bf 8f5f 	dmb	sy
20000e66:	0006      	movs	r6, r0
20000e68:	6181      	str	r1, [r0, #24]
20000e6a:	0021      	movs	r1, r4
20000e6c:	f000 f868 	bl	20000f40 <__tu_fifo_write_veneer>
20000e70:	6972      	ldr	r2, [r6, #20]
20000e72:	69b3      	ldr	r3, [r6, #24]
20000e74:	f3bf 8f5f 	dmb	sy
20000e78:	2100      	movs	r1, #0
20000e7a:	6011      	str	r1, [r2, #0]
20000e7c:	f383 8810 	msr	PRIMASK, r3
20000e80:	2800      	cmp	r0, #0
20000e82:	d12c      	bne.n	20000ede <dcd_event_handler+0x1aa>
20000e84:	4643      	mov	r3, r8
20000e86:	78db      	ldrb	r3, [r3, #3]
20000e88:	07db      	lsls	r3, r3, #31
20000e8a:	d400      	bmi.n	20000e8e <dcd_event_handler+0x15a>
20000e8c:	e77e      	b.n	20000d8c <dcd_event_handler+0x58>
20000e8e:	782b      	ldrb	r3, [r5, #0]
20000e90:	ac01      	add	r4, sp, #4
20000e92:	7023      	strb	r3, [r4, #0]
20000e94:	2303      	movs	r3, #3
20000e96:	7063      	strb	r3, [r4, #1]
20000e98:	686b      	ldr	r3, [r5, #4]
20000e9a:	6063      	str	r3, [r4, #4]
20000e9c:	4b15      	ldr	r3, [pc, #84]	@ (20000ef4 <dcd_event_handler+0x1c0>)
20000e9e:	681d      	ldr	r5, [r3, #0]
20000ea0:	696a      	ldr	r2, [r5, #20]
20000ea2:	f3ef 8110 	mrs	r1, PRIMASK
20000ea6:	b672      	cpsid	i
20000ea8:	6813      	ldr	r3, [r2, #0]
20000eaa:	2b00      	cmp	r3, #0
20000eac:	d0fc      	beq.n	20000ea8 <dcd_event_handler+0x174>
20000eae:	f3bf 8f5f 	dmb	sy
20000eb2:	61a9      	str	r1, [r5, #24]
20000eb4:	0028      	movs	r0, r5
20000eb6:	0021      	movs	r1, r4
20000eb8:	f000 f842 	bl	20000f40 <__tu_fifo_write_veneer>
20000ebc:	696a      	ldr	r2, [r5, #20]
20000ebe:	69ab      	ldr	r3, [r5, #24]
20000ec0:	f3bf 8f5f 	dmb	sy
20000ec4:	2100      	movs	r1, #0
20000ec6:	6011      	str	r1, [r2, #0]
20000ec8:	f383 8810 	msr	PRIMASK, r3
20000ecc:	2800      	cmp	r0, #0
20000ece:	d100      	bne.n	20000ed2 <dcd_event_handler+0x19e>
20000ed0:	e75c      	b.n	20000d8c <dcd_event_handler+0x58>
20000ed2:	003a      	movs	r2, r7
20000ed4:	7861      	ldrb	r1, [r4, #1]
20000ed6:	7820      	ldrb	r0, [r4, #0]
20000ed8:	f000 f84a 	bl	20000f70 <__tud_event_hook_cb_veneer>
20000edc:	e756      	b.n	20000d8c <dcd_event_handler+0x58>
20000ede:	003a      	movs	r2, r7
20000ee0:	7861      	ldrb	r1, [r4, #1]
20000ee2:	7820      	ldrb	r0, [r4, #0]
20000ee4:	f000 f844 	bl	20000f70 <__tud_event_hook_cb_veneer>
20000ee8:	e7cc      	b.n	20000e84 <dcd_event_handler+0x150>
20000eea:	46c0      	nop			@ (mov r8, r8)
20000eec:	10007ce0 	.word	0x10007ce0
20000ef0:	20001c9a 	.word	0x20001c9a
20000ef4:	20001500 	.word	0x20001500
20000ef8:	200014a8 	.word	0x200014a8
20000efc:	20001c98 	.word	0x20001c98
20000f00:	10007cfc 	.word	0x10007cfc
20000f04:	200013c0 	.word	0x200013c0

20000f08 <__aeabi_idiv0>:
20000f08:	4770      	bx	lr
20000f0a:	46c0      	nop			@ (mov r8, r8)
20000f0c:	0000      	movs	r0, r0
	...

20000f10 <__best_effort_wfe_or_timeout_veneer>:
20000f10:	b401      	push	{r0}
20000f12:	4802      	ldr	r0, [pc, #8]	@ (20000f1c <__best_effort_wfe_or_timeout_veneer+0xc>)
20000f14:	4684      	mov	ip, r0
20000f16:	bc01      	pop	{r0}
20000f18:	4760      	bx	ip
20000f1a:	bf00      	nop
20000f1c:	1000253d 	.word	0x1000253d

20000f20 <__time_us_64_veneer>:
20000f20:	b401      	push	{r0}
20000f22:	4802      	ldr	r0, [pc, #8]	@ (20000f2c <__time_us_64_veneer+0xc>)
20000f24:	4684      	mov	ip, r0
20000f26:	bc01      	pop	{r0}
20000f28:	4760      	bx	ip
20000f2a:	bf00      	nop
20000f2c:	10002681 	.word	0x10002681

20000f30 <____wrap___aeabi_lmul_veneer>:
20000f30:	b401      	push	{r0}
20000f32:	4802      	ldr	r0, [pc, #8]	@ (20000f3c <____wrap___aeabi_lmul_veneer+0xc>)
20000f34:	4684      	mov	ip, r0
20000f36:	bc01      	pop	{r0}
20000f38:	4760      	bx	ip
20000f3a:	bf00      	nop
20000f3c:	10003435 	.word	0x10003435

20000f40 <__tu_fifo_write_veneer>:
20000f40:	b401      	push	{r0}
20000f42:	4802      	ldr	r0, [pc, #8]	@ (20000f4c <__tu_fifo_write_veneer+0xc>)
20000f44:	4684      	mov	ip, r0
20000f46:	bc01      	pop	{r0}
20000f48:	4760      	bx	ip
20000f4a:	bf00      	nop
20000f4c:	10007209 	.word	0x10007209

20000f50 <__panic_veneer>:
20000f50:	b401      	push	{r0}
20000f52:	4802      	ldr	r0, [pc, #8]	@ (20000f5c <__panic_veneer+0xc>)
20000f54:	4684      	mov	ip, r0
20000f56:	bc01      	pop	{r0}
20000f58:	4760      	bx	ip
20000f5a:	bf00      	nop
20000f5c:	100016f5 	.word	0x100016f5

20000f60 <____wrap_memset_veneer>:
20000f60:	b401      	push	{r0}
20000f62:	4802      	ldr	r0, [pc, #8]	@ (20000f6c <____wrap_memset_veneer+0xc>)
20000f64:	4684      	mov	ip, r0
20000f66:	bc01      	pop	{r0}
20000f68:	4760      	bx	ip
20000f6a:	bf00      	nop
20000f6c:	100035f9 	.word	0x100035f9

20000f70 <__tud_event_hook_cb_veneer>:
20000f70:	b401      	push	{r0}
20000f72:	4802      	ldr	r0, [pc, #8]	@ (20000f7c <__tud_event_hook_cb_veneer+0xc>)
20000f74:	4684      	mov	ip, r0
20000f76:	bc01      	pop	{r0}
20000f78:	4760      	bx	ip
20000f7a:	bf00      	nop
20000f7c:	10005c5d 	.word	0x10005c5d

20000f80 <__rp2040_chip_version_veneer>:
20000f80:	b401      	push	{r0}
20000f82:	4802      	ldr	r0, [pc, #8]	@ (20000f8c <__rp2040_chip_version_veneer+0xc>)
20000f84:	4684      	mov	ip, r0
20000f86:	bc01      	pop	{r0}
20000f88:	4760      	bx	ip
20000f8a:	bf00      	nop
20000f8c:	100016e9 	.word	0x100016e9

20000f90 <striped_spin_lock_num>:
20000f90:	00000010                                ....

20000f94 <irq_handler_chain_slots>:
20000f94:	00000000 	.word	0x00000000
20000f98:	00010000 	.word	0x00010000
	...
20000fa4:	00020000 	.word	0x00020000
	...
20000fb0:	00030000 	.word	0x00030000
	...
20000fbc:	00040000 	.word	0x00040000
	...
20000fc8:	00050000 	.word	0x00050000
	...
20000fd4:	00ff0000 	.word	0x00ff0000
20000fd8:	00000000 	.word	0x00000000

20000fdc <irq_handler_chain_first_slot>:
20000fdc:	b501      	push	{r0, lr}
20000fde:	6848      	ldr	r0, [r1, #4]
20000fe0:	3101      	adds	r1, #1
20000fe2:	468e      	mov	lr, r1
20000fe4:	4700      	bx	r0

20000fe6 <irq_handler_chain_remove_tail>:
20000fe6:	4670      	mov	r0, lr
20000fe8:	3809      	subs	r0, #9
20000fea:	4901      	ldr	r1, [pc, #4]	@ (20000ff0 <irq_handler_chain_remove_tail+0xa>)
20000fec:	4788      	blx	r1
20000fee:	bd01      	pop	{r0, pc}
20000ff0:	10001cd1 	.word	0x10001cd1

20000ff4 <default_alarm_pool>:
	...
20001008:	20001138 00000000                       8.. ....

20001010 <aeabi_bits_funcs>:
20001010:	00003350 	.word	0x00003350
20001014:	0000334c 	.word	0x0000334c
20001018:	00003354 	.word	0x00003354
2000101c:	00003352 	.word	0x00003352

20001020 <aeabi_bits_funcs_end>:
20001020:	0000534d 	.word	0x0000534d
20001024:	0000434d 	.word	0x0000434d
20001028:	00003453 	.word	0x00003453
2000102c:	00003443 	.word	0x00003443

20001030 <stdio_usb>:
20001030:	10005301 100052b5 10005229 100051a1     .S...R..)R...Q..
20001040:	00000000 00000100                       ........

20001048 <_usbd_qdef>:
20001048:	20001504 000c0010 00000000 00000000     ... ............
	...

20001064 <_usbd_rhport>:
20001064:	000000ff                                ....

20001068 <print_mutex>:
	...
